"id","fdcId","nameRu","nameEn","wfpbStatus","createdAt","calories","protein","fat","carbohydrates","water","fiber","sugarTotal","sucrose","glucose","fructose","lactose","maltose","saturatedFat","monounsaturatedFat","polyunsaturatedFat","transFat","cholesterol","omega3","omega6","calcium","iron","magnesium","phosphorus","potassium","sodium","zinc","copper","manganese","selenium","vitaminC","thiamin","riboflavin","niacin","pantothenicAcid","vitaminB6","biotin","folate","vitaminB12","vitaminA","vitaminD","vitaminE","vitaminK","lysine","methionine","alanine","arginine","asparticAcid","betaCarotene","cystine","glutamicAcid","glycine","histidine","iodine","isoleucine","leucine","omega9","phenylalanine","proline","retinol","serine","threonine","tryptophan","tyrosine","valine","vitaminD2","vitaminD3"
"cms1h34vl0000un7l11g8tgjd","170393","морковь","carrots, raw","green","2026-07-26 07:24:41.457","41.0","0.93","0.24","9.58","88.29","2.8","4.74","3.59","0.59","0.55","0.0","0.0","0.032","0.012","0.102","0.0","0.0","0.0","0.202","33.0","0.3","12.0","35.0","320.0","69.0","0.24","0.045","0.143","0.1","5.9","0.066","0.058","0.983","0.273","0.138","0.0","19.0","0.0","835.0","0.0","0.66","13.2","0.101","0.02","0.113","0.091","0.19","8285.0","0.083","0.366","0.047","0.04","0.1","0.077","0.102","0.0","0.061","0.054","0.0","0.054","0.191","0.012","0.043","0.069","0.0","0.0"
"cms1h36wv0001un7luau1de4t","170000","лук","Onions, raw","green","2026-07-26 07:24:44.095","40.0","1.1","0.1","9.34","89.11","1.7","4.24","0.99","1.97","1.29","0.0","0.0","0.042","0.013","0.017","0.0","0.0","0.0","0.03","23.0","0.21","10.0","29.0","146.0","4.0","0.17","0.039","0.129","0.5","7.4","0.046","0.027","0.116","0.123","0.12","0.0","19.0","0.0","0.0","0.0","0.02","0.4","0.039","0.002","0.021","0.104","0.091","1.0","0.004","0.258","0.025","0.014","0.5","0.014","0.025","0.0","0.025","0.012","0.0","0.021","0.021","0.014","0.014","0.021","0.0","0.0"
"cms1h37dm0002un7l6koxhizm","172420","чечевица","lentils, raw","green","2026-07-26 07:24:44.698","352.0","24.63","1.06","63.35","8.26","10.7","2.03","1.47","0.0","0.27","0.0","0.3","0.154","0.193","0.526","0.0","0.0","0.0","0.94","35.0","6.51","47.0","281.0","677.0","6.0","3.27","0.754","1.393","0.1","4.5","0.873","0.211","2.605","2.14","0.54","0.0","479.0","0.0","2.0","0.0","0.49","5.0","1.72","0.21","1.029","1.903","2.725","23.0","0.322","3.819","1.002","0.693","0.1","1.065","1.786","0.0","1.215","1.029","0.0","1.136","0.882","0.221","0.658","1.223","0.0","0.0"
"cms1h38is0003un7l6oihjlcm","169977","светло-фиолетовая капуста","cabbage, red, raw","green","2026-07-26 07:24:46.181","31.0","1.43","0.16","7.37","90.39","2.1","3.83","0.6","1.74","1.48","0.0","0.0","0.021","0.012","0.08","0.0","0.0","0.001","0.114","45.0","0.8","16.0","30.0","243.0","27.0","0.22","0.017","0.243","0.6","57.0","0.064","0.069","0.418","0.147","0.209","0.0","18.0","0.0","56.0","0.0","0.11","38.2","0.049","0.014","0.048","0.083","0.136","670.0","0.012","0.329","0.034","0.024","0.6","0.034","0.046","0.0","0.036","0.054","0.0","0.059","0.039","0.012","0.022","0.048","0.0","0.0"
"cms1h393e0004un7l5wystcsc","2768189","микрозелень","microgreens, raw","green","2026-07-26 07:24:46.922","69.0","1.5","0.1","17.6","79.9","5.3","8.55","0.05","4.5","3.8","0.0","0.2","0.014","0.0","0.0","0.0","0.0","0.0","0.0","8.0","1.61","24.0","47.0","304.0","20.0","0.31","0.057","0.182","0.0","54.1","0.0","0.0","0.0","0.0","0.0","0.0","0.0","0.0","5.0","0.0","0.0","0.0","0.0","0.0","0.0","0.0","0.0","60.0","0.0","0.0","0.0","0.0","0.0","0.0","0.0","0.0","0.0","0.0","0.0","0.0","0.0","0.0","0.0","0.0","0.0","0.0"
"cms1h3b9k0005un7l3oiipg6i","169225","огурец","cucumber, peeled, raw","green","2026-07-26 07:24:49.736","10.0","0.59","0.16","2.16","96.73","0.7","1.38","0.0","0.63","0.75","0.0","0.0","0.078","0.01","0.019","0.0","0.0","0.0","0.03","14.0","0.22","12.0","21.0","136.0","2.0","0.17","0.071","0.073","0.1","3.2","0.031","0.025","0.037","0.24","0.051","0.0","14.0","0.0","4.0","0.0","0.03","7.2","0.025","0.012","0.031","0.031","0.037","31.0","0.007","0.204","0.025","0.002","0.1","0.012","0.025","0.0","0.031","0.012","0.0","0.025","0.012","0.007","0.002","0.012","0.0","0.0"
"cms1h3bgc0006un7l7x249tuf","169249","салат","lettuce, green, raw","green","2026-07-26 07:24:49.98","15.0","1.36","0.15","2.87","94.98","1.3","0.78","0.0","0.36","0.43","0.0","0.0","0.02","0.006","0.082","0.0","0.0","0.0","0.10600000000000001","36.0","0.86","13.0","29.0","194.0","28.0","0.18","0.029","0.25","0.6","9.2","0.07","0.08","0.375","0.134","0.09","0.0","38.0","0.0","370.0","0.0","0.22","126.3","0.084","0.016","0.056","0.071","0.142","4443.0","0.016","0.182","0.057","0.022","0.6","0.084","0.079","0.0","0.055","0.048","0.0","0.039","0.059","0.009","0.032","0.07","0.0","0.0"
"cms1h3drd0007un7llhfaq8yb","169291","кабачок","Squash, summer, zucchini, includes skin, raw","green","2026-07-26 07:24:52.969","17.0","1.21","0.32","3.11","94.79","1.0","2.5","0.05","1.07","1.38","0.0","0.0","0.084","0.011","0.091","0.0","0.0","0.061","0.121","16.0","0.37","18.0","38.0","261.0","8.0","0.32","0.053","0.177","0.2","17.9","0.045","0.094","0.451","0.204","0.163","0.0","24.0","0.0","10.0","0.0","0.12","4.3","0.067","0.018","0.063","0.051","0.147","120.0","0.012","0.129","0.046","0.026","0.2","0.044","0.071","0.0","0.043","0.037","0.0","0.049","0.029","0.01","0.032","0.054","0.0","0.0"
"cms1h3fcr0008un7lh0op8ah8","171705","авокадо","Avocados, raw, all commercial varieties","green","2026-07-26 07:24:55.036","160.0","2.0","14.66","8.53","73.23","6.7","0.66","0.06","0.37","0.12","0.0","0.0","2.126","9.799","1.816","0.0","0.0","0.111","3.473","12.0","0.55","29.0","52.0","485.0","7.0","0.64","0.19","0.142","0.4","10.0","0.067","0.13","1.738","1.389","0.257","0.0","81.0","0.0","7.0","0.0","2.07","21.0","0.132","0.038","0.109","0.088","0.236","62.0","0.027","0.287","0.104","0.049","0.4","0.084","0.143","0.0","0.097","0.098","0.0","0.114","0.073","0.025","0.049","0.107","0.0","0.0"
"cms1h3grd0009un7lcfau25pf","170457","помидор","tomatoes, red, ripe, raw, year round average","green","2026-07-26 07:24:56.858","18.0","0.88","0.2","3.89","94.52","1.2","2.63","0.0","1.25","1.37","0.0","0.0","0.028","0.031","0.083","0.0","0.0","0.0","0.163","10.0","0.27","11.0","24.0","237.0","5.0","0.17","0.059","0.114","0.0","13.7","0.037","0.019","0.594","0.089","0.08","0.0","15.0","0.0","42.0","0.0","0.54","7.9","0.027","0.006","0.027","0.021","0.135","449.0","0.009","0.431","0.019","0.014","0.0","0.018","0.025","0.0","0.027","0.015","0.0","0.026","0.027","0.006","0.014","0.018","0.0","0.0"
"cms1h5lie000bun7lbt68g2yr","2685576","свекла","beets, raw","green","2026-07-26 07:26:36.327","44.6205","1.6875","0.3025","8.787","88.16","3.119","5.1015","4.289","0.305","0.5075","0.0","0.0","0.0","0.0","0.0","0.0","0.0","0.0","0.0","13.82","0.4281","21.01","33.65","341.5","111.6","0.3104","0.1606","0.2571","0.0","4.6","0.0","0.0","0.0","0.0","0.0","0.0","103.0","0.0","0.0","0.0","0.0","0.0","0.0","0.0","0.0","0.0","0.0","0.0","0.0","0.0","0.0","0.0","0.0","0.0","0.0","0.0","0.0","0.0","0.0","0.0","0.0","0.0","0.0","0.0","0.0","0.0"
"cms1h5mcq000cun7l4t6kxwb1","2727585","зелёный лук","Onions, green, raw","green","2026-07-26 07:26:37.418","0.0","0.66875","0.0","0.0","91.67","2.3","2.618","0.2375","0.985","1.333","0.03125","0.03125","0.0","0.0","0.0","0.0","0.0","0.0","0.0","59.44","1.044","18.94","27.86","232.0","9.948","0.2484","0.03499","0.2713","0.0","0.0","0.0","0.0","0.0","0.0","0.0","0.95","0.0","0.0","0.0","0.0","0.0","0.0","0.0","0.0","0.0","0.0","0.0","0.0","0.0","0.0","0.0","0.0","0.0","0.0","0.0","0.0","0.0","0.0","0.0","0.0","0.0","0.0","0.0","0.0","0.0","0.0"
"cms1h5ne8000dun7l962y0k01","169998","кукуруза","Corn, sweet, yellow, raw","green","2026-07-26 07:26:38.768","86.0","3.27","1.35","18.7","76.05","2.0","6.26","0.89","3.43","1.94","0.0","0.0","0.325","0.432","0.487","0.0","0.0","0.015","0.959","2.0","0.52","37.0","89.0","270.0","15.0","0.46","0.054","0.163","0.6","6.8","0.155","0.055","1.77","0.717","0.093","0.0","42.0","0.0","9.0","0.0","0.07","0.3","0.137","0.067","0.295","0.131","0.244","47.0","0.026","0.636","0.127","0.089","0.6","0.129","0.348","0.0","0.15","0.292","0.0","0.153","0.129","0.023","0.123","0.185","0.0","0.0"
"cms1h6ydm000eun7l04xi8ds4","169387","светло-красная рукола","arugula, raw","forbidden","2026-07-26 07:27:39.658","25.0","2.58","0.66","3.65","91.71","1.6","2.05","0.0","0.0","0.0","0.0","0.0","0.086","0.049","0.319","0.0","0.0","0.002","0.43200000000000005","160.0","1.46","47.0","52.0","369.0","27.0","0.47","0.076","0.321","0.3","15.0","0.044","0.086","0.305","0.437","0.073","0.0","97.0","0.0","119.0","0.0","0.43","108.6","0.0","0.0","0.0","0.0","0.0","1424.0","0.0","0.0","0.0","0.0","0.3","0.0","0.0","0.0","0.0","0.0","0.0","0.0","0.0","0.0","0.0","0.0","0.0","0.0"
"cms1h6yg8000fun7l35u0geeg","169249","салат листья","lettuce, green leaf, raw","green","2026-07-26 07:27:39.753","15.0","1.36","0.15","2.87","94.98","1.3","0.78","0.0","0.36","0.43","0.0","0.0","0.02","0.006","0.082","0.0","0.0","0.0","0.10600000000000001","36.0","0.86","13.0","29.0","194.0","28.0","0.18","0.029","0.25","0.6","9.2","0.07","0.08","0.375","0.134","0.09","0.0","38.0","0.0","370.0","0.0","0.22","126.3","0.084","0.016","0.056","0.071","0.142","4443.0","0.016","0.182","0.057","0.022","0.6","0.084","0.079","0.0","0.055","0.048","0.0","0.039","0.059","0.009","0.032","0.07","0.0","0.0"
"cms1h708u000gun7ln2mf0ujt","170427","сладкий перец","Peppers, sweet, raw","green","2026-07-26 07:27:42.079","20.0","0.86","0.17","4.64","93.89","1.7","2.4","0.11","1.16","1.12","0.0","0.0","0.058","0.008","0.062","0.0","0.0","0.0","0.11599999999999999","10.0","0.34","10.0","20.0","175.0","3.0","0.13","0.066","0.122","0.0","80.4","0.057","0.028","0.48","0.099","0.224","0.0","10.0","0.0","18.0","0.0","0.37","7.4","0.039","0.007","0.036","0.027","0.208","208.0","0.012","0.194","0.03","0.01","0.0","0.024","0.036","0.0","0.092","0.024","0.0","0.054","0.036","0.012","0.012","0.036","0.0","0.0"
"cms1h7ck7000hun7lo3egfa8r","2768190","сыр","cheese, raw","forbidden","2026-07-26 07:27:58.039","69.0","1.5","0.1","17.6","79.9","5.3","8.55","0.05","4.5","3.8","0.0","0.2","0.014","0.0","0.0","0.0","0.0","0.0","0.0","8.0","1.61","24.0","47.0","304.0","20.0","0.31","0.057","0.182","0.0","54.1","0.0","0.0","0.0","0.0","0.0","0.0","0.0","0.0","5.0","0.0","0.0","0.0","0.0","0.0","0.0","0.0","0.0","60.0","0.0","0.0","0.0","0.0","0.0","0.0","0.0","0.0","0.0","0.0","0.0","0.0","0.0","0.0","0.0","0.0","0.0","0.0"
"cms1hnna5000iun7lah6erog2","746784","сахар","sugars, granulated","forbidden","2026-07-26 07:40:38.43","385.0","0.0","0.32","99.6","0.02","0.0","99.8","99.8","0.0","0.0","0.0","0.0","0.0","0.0","0.0","0.0","0.0","0.0","0.0","1.0","0.05","0.3","0.0","2.0","1.0","0.01","0.007","0.004","0.0","0.0","0.0","0.0","0.0","0.0","0.0","0.0","0.0","0.0","0.0","0.0","0.0","0.0","0.0","0.0","0.0","0.0","0.0","0.0","0.0","0.0","0.0","0.0","0.0","0.0","0.0","0.0","0.0","0.0","0.0","0.0","0.0","0.0","0.0","0.0","0.0","0.0"
"cms1hnnro000jun7l6r1uqtq7","2346410","малина","raspberries, raw","green","2026-07-26 07:40:39.061","57.3375","1.008125","0.1875","12.904375","85.55","0.0","2.6759","0.0","0.9919","1.684","0.0","0.0","0.0","0.0","0.0","0.0","0.0","0.0","0.0","16.41","0.4501","19.15","27.47","155.8","0.0","0.2213","0.05289","0.4935","0.0","23.04","0.0","0.0","0.0","0.0","0.0","3.433","0.0","0.0","0.0","0.0","0.0","0.0","0.0","0.0","0.0","0.0","0.0","0.0","0.0","0.0","0.0","0.0","0.0","0.0","0.0","0.0","0.0","0.0","0.0","0.0","0.0","0.0","0.0","0.0","0.0","0.0"
"cms1hnoix000kun7ls212atcq","173946","ежевика","Berries, blackberry, raw","green","2026-07-26 07:40:40.041","43.0","1.39","0.49","9.61","88.2","5.3","4.88","0.07","2.31","2.4","0.0","0.07","0.014","0.047","0.28","0.0","0.0","0.0","0.28","29.0","0.62","20.0","22.0","162.0","1.0","0.53","0.165","0.646","0.4","21.0","0.02","0.026","0.646","0.276","0.03","0.0","25.0","0.0","11.0","0.0","1.17","19.8","0.0","0.0","0.0","0.0","0.0","128.0","0.0","0.0","0.0","0.0","0.4","0.0","0.0","0.0","0.0","0.0","0.0","0.0","0.0","0.0","0.0","0.0","0.0","0.0"
"cms1hnp3c000lun7l2prbfcnr","2346411","черника","blueberries, raw","green","2026-07-26 07:40:40.776","63.8563","0.703125","0.3063","14.571775","84.19","0.0","9.356","0.0","4.417","4.939","0.0","0.0","0.0","0.0","0.0","0.0","0.0","0.0","0.0","11.69","0.3398","6.179","12.96","85.64","0.0","0.08534","0.04605","0.4228","0.0","8.059","0.0","0.0","0.0","0.0","0.0","0.3","0.0","0.0","0.0","0.0","0.0","0.0","0.0","0.0","0.0","0.0","0.0","0.0","0.0","0.0","0.0","0.0","0.0","0.0","0.0","0.0","0.0","0.0","0.0","0.0","0.0","0.0","0.0","0.0","0.0","0.0"
"cms1hnq2q000mun7ljqkqt408","171320","палочка корицы","cinnamon, stick, raw","green","2026-07-26 07:40:42.051","247.0","3.99","1.24","80.6","10.6","53.1","2.17","0.02","1.04","1.11","0.0","0.0","0.345","0.246","0.068","0.0","0.0","0.0","0.055","1000.0","8.32","60.0","64.0","431.0","10.0","1.83","0.339","17.5","3.1","3.8","0.022","0.041","1.33","0.358","0.158","0.0","6.0","0.0","15.0","0.0","2.32","31.2","0.243","0.078","0.166","0.166","0.438","112.0","0.058","0.37","0.195","0.117","0.0","0.146","0.253","0.0","0.146","0.419","0.0","0.195","0.136","0.049","0.136","0.224","0.0","0.0"
"cms1ic8ql0000unr5vfir1kmg","174284","чечевица красная","Lentils, red, raw","green","2026-07-26 07:59:45.982","358.0","23.91","2.17","63.1","7.82","10.8","0.0","0.0","0.0","0.0","0.0","0.0","0.379","0.5","1.137","0.0","0.0","0.0","2.0220000000000002","48.0","7.39","59.0","294.0","668.0","7.0","3.6","1.303","1.716","0.0","1.7","0.51","0.106","1.495","0.348","0.403","0.0","204.0","0.0","3.0","0.0","0.0","0.0","1.74","0.212","1.042","1.928","2.758","35.0","0.327","3.868","1.014","0.702","0.0","1.078","1.809","0.042","1.23","1.042","0.0","1.15","0.895","0.223","0.667","1.238","0.0","0.0"
"cms1ic96m0001unr5ujfnmclu","173756","нут","Chickpeas, raw","green","2026-07-26 07:59:46.559","378.0","20.47","6.04","62.95","7.68","12.2","10.7","0.0","0.0","0.0","0.0","0.0","0.603","1.377","2.731","0.0","0.0","0.0","5.359999999999999","57.0","4.31","79.0","252.0","718.0","24.0","2.76","0.656","4.15","0.0","4.0","0.477","0.212","1.541","1.588","0.535","0.0","557.0","0.0","3.0","0.0","0.82","9.0","1.377","0.27","0.882","1.939","2.422","40.0","0.279","3.603","0.857","0.566","0.0","0.882","1.465","0.0","1.103","0.849","0.0","1.036","0.766","0.2","0.512","0.865","0.0","0.0"
"cms1icflv0002unr5a5gld2dk","172420","чечевица зеленая","Lentils, green, raw","green","2026-07-26 07:59:54.883","352.0","24.63","1.06","63.35","8.26","10.7","2.03","1.47","0.0","0.27","0.0","0.3","0.154","0.193","0.526","0.0","0.0","0.0","0.94","35.0","6.51","47.0","281.0","677.0","6.0","3.27","0.754","1.393","0.1","4.5","0.873","0.211","2.605","2.14","0.54","0.0","479.0","0.0","2.0","0.0","0.49","5.0","1.72","0.21","1.029","1.903","2.725","23.0","0.322","3.819","1.002","0.693","0.1","1.065","1.786","0.0","1.215","1.029","0.0","1.136","0.882","0.221","0.658","1.223","0.0","0.0"
"cms1icrmi0003unr5gfetpahf","175202","фасоль белая","Beans, white, mature seeds, raw","green","2026-07-26 08:00:10.458","333.0","23.36","0.85","60.27","11.32","15.2","2.11","0.0","0.0","0.0","0.0","0.0","0.219","0.074","0.364","0.0","0.0","0.0","0.562","240.0","10.44","190.0","301.0","1795.0","16.0","3.67","0.984","1.796","12.8","0.0","0.437","0.146","0.479","0.732","0.318","0.0","388.0","0.0","0.0","0.0","0.21","5.6","1.603","0.351","0.979","1.446","2.825","0.0","0.254","3.561","0.912","0.65","12.8","1.031","1.865","0.0","1.263","0.99","0.0","1.271","0.983","0.277","0.658","1.222","0.0","0.0"
"cms1icshz0004unr5bfazwvnj","170419","горох зеленый","peas, green, raw","green","2026-07-26 08:00:11.592","81.0","5.42","0.4","14.45","78.86","5.7","5.67","4.99","0.12","0.39","0.0","0.17","0.071","0.035","0.187","0.0","0.0","0.0","0.33899999999999997","25.0","1.47","33.0","108.0","244.0","5.0","1.24","0.176","0.41","1.8","40.0","0.266","0.132","2.09","0.104","0.169","0.0","65.0","0.0","38.0","0.0","0.13","24.8","0.317","0.082","0.24","0.428","0.496","449.0","0.032","0.741","0.184","0.107","1.8","0.195","0.323","0.0","0.2","0.173","0.0","0.181","0.203","0.037","0.114","0.235","0.0","0.0"
"cms1ictal0005unr51jwpbeip","174256","маш","Mung beans, raw","green","2026-07-26 08:00:12.621","347.0","23.86","1.15","62.62","9.05","16.3","6.6","0.0","0.0","0.0","0.0","0.0","0.348","0.161","0.384","0.0","0.0","0.0","0.741","132.0","6.74","189.0","367.0","1246.0","15.0","2.68","0.941","1.035","8.2","4.8","0.621","0.233","2.251","1.91","0.382","0.0","625.0","0.0","6.0","0.0","0.51","9.0","1.664","0.286","1.05","1.672","2.756","68.0","0.21","4.264","0.954","0.695","8.2","1.008","1.847","0.0","1.443","1.095","0.0","1.176","0.782","0.26","0.714","1.237","0.0","0.0"
"cms1icton0006unr58htz26nb","173744","фасоль красная","Beans, kidney, red, mature seeds, raw","green","2026-07-26 08:00:13.127","337.0","22.53","1.06","61.29","11.75","15.2","2.1","0.0","0.0","0.0","0.0","0.0","0.154","0.082","0.586","0.0","0.0","0.0","0.814","83.0","6.69","138.0","406.0","1359.0","12.0","2.79","0.699","1.111","3.2","4.5","0.608","0.215","2.11","0.78","0.397","0.0","394.0","0.0","0.0","0.0","0.21","5.6","1.547","0.339","0.945","1.395","2.725","0.0","0.245","3.436","0.88","0.627","3.2","0.995","1.799","0.0","1.218","0.955","0.0","1.226","0.948","0.267","0.634","1.179","0.0","0.0"
"cms1id39f0007unr58tpmu36z","170086","фасоль пестрая","Beans, pinto, raw","green","2026-07-26 08:00:25.54","62.0","5.25","0.9","11.6","81.3","0.0","0.0","0.0","0.0","0.0","0.0","0.0","0.109","0.067","0.523","0.0","0.0","0.0","0.712","43.0","1.97","53.0","94.0","307.0","153.0","0.5","0.32","0.366","0.6","21.7","0.23","0.175","2.28","0.74","0.171","0.0","118.0","0.0","0.0","0.0","0.0","0.0","0.299","0.055","0.218","0.286","0.682","0.0","0.06","0.64","0.181","0.147","0.6","0.233","0.377","0.012","0.265","0.212","0.0","0.281","0.22","0.055","0.181","0.27","0.0","0.0"
"cms1id6c70008unr5es499zgo","173734","фасоль черная","Beans, black, raw","green","2026-07-26 08:00:29.528","341.0","21.6","1.42","62.36","11.02","15.5","2.12","0.0","0.0","0.0","0.0","0.0","0.366","0.123","0.61","0.0","0.0","0.0","0.9420000000000002","123.0","5.02","171.0","352.0","1483.0","5.0","3.65","0.841","1.06","3.2","0.0","0.9","0.193","1.955","0.899","0.286","0.0","444.0","0.0","0.0","0.0","0.21","5.6","1.483","0.325","0.905","1.337","2.613","0.0","0.235","3.294","0.843","0.601","3.2","0.954","1.725","0.0","1.168","0.916","0.0","1.175","0.909","0.256","0.608","1.13","0.0","0.0"
"cms1id7dn0009unr5tsj73sv5","168396","фасоль лима","Beans, lima, raw","green","2026-07-26 08:00:30.876","113.0","6.84","0.86","20.17","70.24","4.9","1.48","0.0","0.0","0.0","0.0","0.0","0.198","0.05","0.419","0.0","0.0","0.0","0.702","34.0","3.14","58.0","136.0","467.0","8.0","0.78","0.318","1.215","1.8","23.4","0.217","0.103","1.474","0.247","0.204","0.0","34.0","0.0","10.0","0.0","0.32","5.6","0.452","0.068","0.26","0.458","0.735","126.0","0.083","0.881","0.274","0.232","1.8","0.44","0.538","0.0","0.337","0.102","0.0","0.427","0.29","0.09","0.22","0.427","0.0","0.0"
"cms1id7rq000aunr5yt7s5axs","173727","фасоль адзуки","Beans, adzuki, raw","green","2026-07-26 08:00:31.382","329.0","19.87","0.53","62.9","13.44","12.7","0.0","0.0","0.0","0.0","0.0","0.0","0.191","0.05","0.113","0.0","0.0","0.0","0.226","66.0","4.98","127.0","381.0","1254.0","5.0","5.04","1.094","1.73","3.1","0.0","0.455","0.22","2.63","1.471","0.351","0.0","622.0","0.0","1.0","0.0","0.0","0.0","1.497","0.21","1.16","1.284","2.355","0.0","0.184","3.099","0.756","0.524","3.1","0.791","1.668","0.0","1.052","0.874","0.0","0.976","0.674","0.191","0.591","1.023","0.0","0.0"
"cms1idjdc000bunr5w4tatqgw","173904","овсяные хлопья","oats, regular, raw","green","2026-07-26 08:00:46.416","379.0","13.15","6.52","67.7","10.84","10.1","0.99","0.99","0.0","0.0","0.0","0.0","1.11","1.98","2.3","0.0","0.0","0.0","4.5","52.0","4.25","138.0","410.0","362.0","6.0","3.64","0.391","3.63","28.9","0.0","0.46","0.155","1.125","1.12","0.1","0.0","32.0","0.0","0.0","0.0","0.42","2.0","0.637","0.207","0.563","0.85","1.217","0.0","0.455","2.83","0.642","0.275","28.9","0.503","0.98","0.0","0.665","0.451","0.0","0.705","0.382","0.182","0.395","0.688","0.0","0.0"
"cms1idk09000cunr5z1gdd63n","172475","тофу","tofu, raw","green","2026-07-26 08:00:47.242","144.0","17.27","8.72","2.78","69.83","2.3","0.0","0.0","0.0","0.0","0.0","0.0","1.261","1.925","4.921","0.0","0.0","0.0","9.260000000000002","683.0","2.66","58.0","190.0","237.0","14.0","1.57","0.378","1.181","17.4","0.2","0.158","0.102","0.381","0.133","0.092","0.0","29.0","0.0","166.0","0.0","0.0","0.0","0.883","0.211","0.773","1.369","2.036","0.0","0.057","3.288","0.733","0.431","17.4","0.849","1.392","0.311","0.835","1.084","0.0","1.015","0.785","0.235","0.701","0.87","0.0","0.0"
"cms1idkyl000dunr5p9ys0lca","174270","соевые бобы","Soybeans, mature seeds, raw","green","2026-07-26 08:00:48.477","446.0","36.49","19.94","30.16","8.54","9.3","7.33","0.0","0.0","0.0","0.0","0.0","2.884","4.404","11.255","0.0","0.0","0.0","21.18","277.0","15.7","280.0","704.0","1797.0","2.0","4.89","1.658","2.517","17.8","6.0","0.874","0.87","1.623","0.793","0.377","0.0","375.0","0.0","1.0","0.0","0.85","47.0","2.706","0.547","1.915","3.153","5.112","13.0","0.655","7.874","1.88","1.097","17.8","1.971","3.309","0.712","2.122","2.379","0.0","2.357","1.766","0.591","1.539","2.029","0.0","0.0"
"cms1idl0p000eunr5361y76lw","173787","тофу мягкий","Tofu, soft","green","2026-07-26 08:00:48.553","59.0","6.38","2.71","2.19","88.08","0.8","0.53","0.0","0.0","0.0","0.0","0.0","0.48","0.63","1.61","0.0","0.0","0.0","0.0","78.0","1.53","0.0","0.0","0.0","34.0","0.0","0.0","0.0","0.0","0.9","0.0","0.0","0.0","0.0","0.0","0.0","0.0","0.0","34.0","0.0","0.0","0.0","0.0","0.0","0.0","0.0","0.0","0.0","0.0","0.0","0.0","0.0","0.0","0.0","0.0","0.0","0.0","0.0","0.0","0.0","0.0","0.0","0.0","0.0","0.0","0.0"
"cms1idm10000funr532rqtl2o","174272","темпе","Tempeh","green","2026-07-26 08:00:49.861","192.0","20.29","10.8","7.64","59.65","0.0","0.0","0.0","0.0","0.0","0.0","0.0","2.539","3.205","4.3","0.0","0.0","0.0","8.352","111.0","2.7","81.0","266.0","412.0","9.0","1.14","0.56","1.3","0.0","0.0","0.078","0.358","2.64","0.278","0.215","0.0","24.0","0.08","0.0","0.0","0.0","0.0","0.908","0.175","0.96","1.252","1.995","0.0","0.193","3.292","0.754","0.466","0.0","0.88","1.43","0.677","0.893","1.03","0.0","1.019","0.796","0.194","0.664","0.92","0.0","0.0"
"cms1idtoy000gunr5paz1w7ia","170286","гречка","buckwheat, raw","green","2026-07-26 08:00:59.794","343.0","13.25","3.4","71.5","9.75","10.0","0.0","0.0","0.0","0.0","0.0","0.0","0.741","1.04","1.039","0.0","0.0","0.0","2.0","18.0","2.2","231.0","347.0","460.0","1.0","2.4","1.1","1.3","8.3","0.0","0.101","0.425","7.02","1.233","0.21","0.0","30.0","0.0","0.0","0.0","0.0","0.0","0.672","0.172","0.748","0.982","1.133","0.0","0.229","2.046","1.031","0.309","8.3","0.498","0.832","0.0","0.52","0.507","0.0","0.685","0.506","0.192","0.241","0.678","0.0","0.0"
"cms1idtz3000hunr5y6qq2gkh","168917","киноа","quinoa, raw","green","2026-07-26 08:01:00.159","120.0","4.4","1.92","21.3","71.61","2.8","0.87","0.0","0.0","0.0","0.0","0.0","0.231","0.528","1.078","0.0","0.0","0.033","2.036","17.0","1.49","64.0","152.0","172.0","7.0","1.09","0.192","0.631","2.8","0.0","0.107","0.11","0.412","0.0","0.123","0.0","42.0","0.0","0.0","0.0","0.63","0.0","0.239","0.096","0.183","0.34","0.353","3.0","0.063","0.58","0.216","0.127","2.8","0.157","0.261","0.0","0.185","0.24","0.0","0.176","0.131","0.052","0.083","0.185","0.0","0.0"
"cms1iducn000iunr5aplt90sf","169702","пшено","Millet, raw","green","2026-07-26 08:01:00.647","378.0","11.02","4.22","72.85","8.67","8.5","0.0","0.0","0.0","0.0","0.0","0.0","0.723","0.773","2.134","0.0","0.0","0.0","4.148","8.0","3.01","114.0","285.0","195.0","5.0","1.68","0.75","1.632","2.7","0.0","0.421","0.29","4.72","0.848","0.384","0.0","85.0","0.0","0.0","0.0","0.05","0.9","0.212","0.221","0.986","0.382","0.726","0.0","0.212","2.396","0.287","0.236","2.7","0.465","1.4","0.154","0.58","0.877","0.0","0.644","0.353","0.119","0.34","0.578","0.0","0.0"
"cms1idw8e000junr5s8b4i3e5","173904","овсянка","oats, raw","green","2026-07-26 08:01:03.086","379.0","13.15","6.52","67.7","10.84","10.1","0.99","0.99","0.0","0.0","0.0","0.0","1.11","1.98","2.3","0.0","0.0","0.0","4.5","52.0","4.25","138.0","410.0","362.0","6.0","3.64","0.391","3.63","28.9","0.0","0.46","0.155","1.125","1.12","0.1","0.0","32.0","0.0","0.0","0.0","0.42","2.0","0.637","0.207","0.563","0.85","1.217","0.0","0.455","2.83","0.642","0.275","28.9","0.503","0.98","0.0","0.665","0.451","0.0","0.705","0.382","0.182","0.395","0.688","0.0","0.0"
"cms1ie47l000kunr5nioi5kwo","2512381","рис","rice, white, long-grain, raw","green","2026-07-26 08:01:13.426","358.705","7.03885","1.033","80.31315","11.19","0.1488","0.0","0.0","0.0","0.0","0.0","0.0","0.0","0.0","0.0","0.0","0.0","0.0","0.0","4.46","0.1405","26.53","108.2","82.26","0.4625","1.354","0.2138","0.9811","6.6","0.0","0.065","0.08","1.434","0.0","0.05788","0.0","0.0","0.0","0.0","0.0","0.0","0.0","0.0","0.0","0.0","0.0","0.0","0.0","0.0","0.0","0.0","0.0","6.6","0.0","0.0","0.0","0.0","0.0","0.0","0.0","0.0","0.0","0.0","0.0","0.0","0.0"
"cms1ie5xc000lunr5ivmmggt9","169716","сорго","sorghum, raw","green","2026-07-26 08:01:15.648","329.0","10.62","3.46","72.09","12.4","6.7","2.53","0.0","0.0","0.0","0.0","0.0","0.61","1.131","1.558","0.005","0.0","0.0","3.051","13.0","3.36","165.0","289.0","363.0","2.0","1.67","0.284","1.605","12.2","0.0","0.332","0.096","3.688","0.367","0.443","0.0","20.0","0.0","0.0","0.0","0.5","0.0","0.229","0.169","1.033","0.355","0.743","0.0","0.127","2.439","0.346","0.246","12.2","0.433","1.491","0.052","0.546","0.852","0.0","0.462","0.346","0.124","0.321","0.561","0.0","0.0"
"cms1ie79c000munr5mbr6gr4a","2710825","рис черный","Rice, black, raw","green","2026-07-26 08:01:17.376","369.97","7.56875","3.438","77.18825","10.46","4.179","0.0","0.0","0.0","0.0","0.0","0.0","0.0","0.0","0.0","0.0","0.0","0.0","0.0","14.4","1.116","113.4","306.7","255.6","0.0","1.716","0.2095","3.906","0.0","0.0","0.3188","0.0","8.278","0.0","0.2024","4.875","0.0","0.0","0.0","0.0","0.0","0.0","0.0","0.0","0.0","0.0","0.0","0.0","0.0","0.0","0.0","0.0","0.0","0.0","0.0","0.0","0.0","0.0","0.0","0.0","0.0","0.0","0.0","0.0","0.0","0.0"
"cms1ie91z000nunr5sp53zfuv","2512380","рис бурый","rice, brown, long-grain, raw","green","2026-07-26 08:01:19.703","365.518","7.25305","3.306","76.68795","11.47","3.021","0.0","0.0","0.0","0.0","0.0","0.0","0.0","0.0","0.0","0.0","0.0","0.0","0.0","8.058","1.242","115.0","302.8","250.1","0.0","1.854","0.2659","2.696","14.8","0.0","0.3263","0.1025","6.271","0.0","0.1606","4.988","0.0","0.0","0.0","0.0","0.0","0.0","0.0","0.0","0.0","0.0","0.0","0.0","0.0","0.0","0.0","0.0","14.8","0.0","0.0","0.0","0.0","0.0","0.0","0.0","0.0","0.0","0.0","0.0","0.0","0.0"
"cms1iebcj000ounr53pl6hmtt","168385","амарант","amaranth, raw","green","2026-07-26 08:01:22.675","23.0","2.46","0.33","4.02","91.69","0.0","0.0","0.0","0.0","0.0","0.0","0.0","0.091","0.076","0.147","0.0","0.0","0.0","0.292","215.0","2.32","55.0","50.0","611.0","20.0","0.9","0.162","0.885","0.9","43.3","0.027","0.158","0.658","0.064","0.192","0.0","85.0","0.0","146.0","0.0","0.0","1140.0","0.127","0.036","0.139","0.121","0.229","0.0","0.029","0.292","0.132","0.052","0.9","0.119","0.195","0.012","0.133","0.121","0.0","0.111","0.099","0.031","0.08","0.137","0.0","0.0"
"cms1ielaf000punr5frt169vh","170284","перловка","Barley, pearled, raw","green","2026-07-26 08:01:35.559","352.0","9.91","1.16","77.72","10.09","15.6","0.8","0.0","0.0","0.0","0.0","0.0","0.244","0.149","0.56","0.0","0.0","0.0","1.065","29.0","2.5","79.0","221.0","280.0","9.0","2.13","0.42","1.322","37.7","0.0","0.191","0.114","4.604","0.282","0.26","0.0","23.0","0.0","1.0","0.0","0.02","2.2","0.369","0.19","0.386","0.496","0.619","13.0","0.219","2.588","0.359","0.223","37.7","0.362","0.673","0.0","0.556","1.178","0.0","0.418","0.337","0.165","0.284","0.486","0.0","0.0"
"cms1ienor000qunr5hoi4qyyk","2512374","гречневая мука","buckwheat flour","green","2026-07-26 08:01:38.667","357.968","8.88492","2.484","75.01808","12.04","10.35","0.0","0.0","0.0","0.0","0.0","0.0","0.0","0.0","0.0","0.0","0.0","0.0","0.0","30.55","3.84","167.4","281.9","378.1","0.0","1.755","0.5299","1.544","15.7","0.0","0.2413","0.16","3.839","0.0","0.1699","15.09","0.0","0.0","0.0","0.0","0.0","0.0","0.0","0.0","0.0","0.0","0.0","0.0","0.0","0.0","0.0","0.0","15.7","0.0","0.0","0.0","0.0","0.0","0.0","0.0","0.0","0.0","0.0","0.0","0.0","0.0"
"cms1ieouc000runr5zkbdspb7","169746","полба","Spelt, raw","green","2026-07-26 08:01:40.164","127.0","5.5","0.85","26.44","66.56","3.9","0.0","0.0","0.0","0.0","0.0","0.0","0.0","0.0","0.0","0.0","0.0","0.0","0.0","10.0","1.67","49.0","150.0","143.0","5.0","1.25","0.215","1.091","4.0","0.0","0.103","0.03","2.57","0.0","0.08","0.0","13.0","0.0","0.0","0.0","0.26","0.0","0.0","0.0","0.0","0.0","0.0","0.0","0.0","0.0","0.0","0.0","4.0","0.0","0.0","0.0","0.0","0.0","0.0","0.0","0.0","0.0","0.0","0.0","0.0","0.0"
"cms1ierab000sunr5u18ml67o","170688","булгур","bulgur, dry","green","2026-07-26 08:01:43.332","342.0","12.29","1.33","75.87","9.0","12.5","0.41","0.0","0.0","0.0","0.0","0.0","0.232","0.173","0.541","0.0","0.0","0.0","1.0590000000000002","35.0","2.46","164.0","300.0","410.0","17.0","1.93","0.335","3.048","2.3","0.0","0.232","0.115","5.114","1.045","0.342","0.0","27.0","0.0","0.0","0.0","0.06","1.9","0.339","0.19","0.436","0.575","0.63","5.0","0.285","3.878","0.495","0.285","2.3","0.455","0.83","0.0","0.58","1.275","0.0","0.58","0.354","0.19","0.358","0.554","0.0","0.0"
"cms1if2yy000tunr51t6aszsw","168898","мука бурого риса","Rice flour, brown","green","2026-07-26 08:01:58.474","363.0","7.23","2.78","76.48","11.97","4.6","0.66","0.0","0.0","0.0","0.0","0.0","0.557","1.008","0.996","0.0","0.0","0.0","1.95","11.0","1.98","112.0","337.0","289.0","8.0","2.45","0.23","4.013","0.0","0.0","0.443","0.08","6.34","1.591","0.736","0.0","16.0","0.0","0.0","0.0","0.6","0.0","0.276","0.163","0.422","0.548","0.677","0.0","0.088","1.473","0.356","0.184","0.0","0.306","0.598","0.05","0.373","0.339","0.0","0.374","0.265","0.092","0.271","0.424","0.0","0.0"
"cms1if3ok000uunr57mcdlmxj","172023","пшённая мука","Millet flour","green","2026-07-26 08:01:59.396","382.0","10.75","4.25","75.12","8.67","3.5","1.66","0.3","1.26","0.0","0.0","0.11","0.536","0.924","2.618","0.002","0.0","0.064","5.167999999999999","14.0","3.94","119.0","285.0","224.0","4.0","2.63","0.535","1.002","32.7","0.0","0.413","0.073","6.02","1.267","0.372","0.0","42.0","0.0","0.0","0.0","0.11","0.8","0.144","0.319","1.282","0.37","0.71","0.0","0.178","2.599","0.271","0.257","32.7","0.473","1.537","0.007","0.675","0.911","0.0","0.782","0.354","0.17","0.326","0.584","0.0","0.0"
"cms1if48r000vunr5z4i2lbdf","2644283","чечевичная мука","lentil flour","green","2026-07-26 08:02:00.124","360.285","23.56875","1.925","62.17125","9.451","0.0","0.0","0.0","0.0","0.0","0.0","0.0","0.0","0.0","0.0","0.0","0.0","0.0","0.0","61.85","7.158","106.7","373.6","948.9","0.0","3.863","0.8376","1.569","0.0","0.0","0.0","0.0","0.0","0.0","0.0","0.0","0.0","0.0","0.0","0.0","0.0","0.0","0.0","0.0","0.0","0.0","0.0","0.0","0.0","0.0","0.0","0.0","0.0","0.0","0.0","0.0","0.0","0.0","0.0","0.0","0.0","0.0","0.0","0.0","0.0","0.0"
"cms1if534000wunr566ivglaa","174288","нутовая мука","chickpea flour","green","2026-07-26 08:02:01.215","387.0","22.39","6.69","57.82","10.28","10.8","10.85","0.0","0.0","0.0","0.0","0.0","0.693","1.504","2.983","0.0","0.0","0.0","5.854","45.0","4.86","166.0","318.0","846.0","64.0","2.81","0.912","1.6","8.3","0.0","0.486","0.106","1.762","0.606","0.492","0.0","437.0","0.0","2.0","0.0","0.83","9.1","0.0","0.0","0.0","0.0","0.0","25.0","0.0","0.0","0.0","0.0","8.3","0.0","0.0","0.0","0.0","0.0","0.0","0.0","0.0","0.0","0.0","0.0","0.0","0.0"
"cms1if65h000xunr5e30udqfp","2261421","овсяная мука","oat flour","green","2026-07-26 08:02:02.598","389.125","13.16875","6.309","69.91725","8.859","10.5","0.0","0.0","0.0","0.0","0.0","0.0","0.0","0.0","0.0","0.0","0.0","0.0","0.0","42.81","3.997","125.3","371.8","373.1","3.619","2.754","0.4434","3.257","38.2","0.0","0.39","0.1613","1.945","0.0","0.1476","20.15","34.69","0.0","0.0","0.0","0.0","0.0","0.0","0.0","0.0","0.0","0.0","0.0","0.0","0.0","0.0","0.0","38.2","0.0","0.0","0.0","0.0","0.0","0.0","0.0","0.0","0.0","0.0","0.0","0.0","0.0"
"cms1iffij000yunr5p668sg2h","2515374","кешью","Cashews, raw","green","2026-07-26 08:02:14.732","564.664","17.4423","38.86","36.2887","4.811","4.104","0.0","0.0","0.0","0.0","0.0","0.0","0.0","0.0","0.0","0.0","0.0","0.0","0.0","41.95","5.988","250.6","532.2","638.3","4.759","5.071","2.218","1.949","20.67","0.0","0.0","0.0","0.0","0.0","0.0","0.0","0.0","0.0","0.0","0.0","0.0","0.0","0.0","0.0","0.0","0.0","0.0","0.0","0.0","0.0","0.0","0.0","20.67","0.0","0.0","0.0","0.0","0.0","0.0","0.0","0.0","0.0","0.0","0.0","0.0","0.0"
"cms1ifhfh000zunr5zdj75phn","2346394","грецкие орехи","Nuts, walnuts, English, raw","green","2026-07-26 08:02:17.213","729.556","14.5644","69.74","10.9096","3.145","5.21","0.0","0.0","0.0","0.0","0.0","0.0","6.054","8.93","47.17","0.0","0.0","9.08","38.09","88.26","2.235","142.4","365.1","423.5","0.0","2.76","1.206","2.995","0.0","0.0","0.23","0.0","1.218","0.0","0.6603","17.28","0.0","0.0","0.0","0.0","0.0","1.7","0.38","0.19","0.59","2.02","1.293","0.0","0.0","2.987","0.69","0.3433","0.0","0.52","0.9967","0.0","0.6067","0.78","0.0","0.78","0.4433","0.1267","0.43","0.5967","0.0","0.0"
"cms1ifkni0010unr50t2717k0","168586","кокосовая стружка","Coconut, shredded, dried","green","2026-07-26 08:02:21.39","501.0","2.88","35.49","47.67","12.55","4.5","43.17","0.0","0.0","0.0","0.0","0.0","31.468","1.51","0.388","0.0","0.0","0.0","0.776","15.0","1.92","50.0","107.0","337.0","262.0","1.82","0.313","2.475","16.7","0.7","0.031","0.02","0.474","0.722","0.271","0.0","8.0","0.0","0.0","0.0","0.39","0.3","0.127","0.054","0.147","0.473","0.282","0.0","0.057","0.659","0.137","0.066","16.7","0.113","0.214","0.0","0.146","0.119","0.0","0.149","0.105","0.034","0.089","0.175","0.0","0.0"
"cms1ifllp0011unr5wa2jdlxe","2262075","льняная мука","flaxseed flour","green","2026-07-26 08:02:22.621","545.084","18.0359","37.28","34.3551","6.804","23.13","0.0","0.0","0.0","0.0","0.0","0.0","3.281","5.944","24.73","0.0","0.0","19.42","0.0","229.9","5.778","372.1","556.4","793.4","36.74","4.738","1.344","2.405","135.9","0.0","0.5368","0.0","3.756","0.0","0.3926","33.8","41.45","0.0","0.0","0.0","0.0","3.675","0.9325","0.4025","1.085","2.211","2.311","0.0","0.0","4.846","1.386","0.5138","135.9","0.9375","1.38","1.186","1.116","0.8725","0.0","1.138","0.9313","0.3013","0.5725","1.138","0.0","0.0"
"cms1igwd70012unr579pqeqnx","2346393","миндаль","Nuts, almonds, raw","green","2026-07-26 08:03:23.227","625.75","21.45038","51.09","20.03462","4.261","10.78","0.0","0.0","0.0","0.0","0.0","0.0","3.785","31.314","11.18","0.0","0.0","0.0","0.0","253.6","3.741","257.6","502.9","732.8","0.0","2.865","0.9104","2.149","0.0","0.0","0.1605","0.0","3.77","0.0","0.1008","57.01","0.0","0.0","0.0","0.0","0.0","0.0","0.618","0.154","0.98","2.464","2.402","0.0","0.0","4.248","1.434","0.548","0.0","0.774","1.488","0.0","1.198","1.314","0.0","0.99","0.608","0.208","0.63","0.916","0.0","0.0"
"cms1ih8880013unr5lzvskrmo","170178","макадамия","nuts, macadamia, raw","green","2026-07-26 08:03:38.6","718.0","7.91","75.77","13.82","1.36","8.6","4.57","4.43","0.07","0.07","0.0","0.0","12.061","58.877","1.502","0.0","0.0","0.0","2.798","85.0","3.69","130.0","188.0","368.0","5.0","1.3","0.756","4.131","3.6","1.2","1.195","0.162","2.473","0.758","0.275","0.0","11.0","0.0","0.0","0.0","0.54","0.0","0.018","0.023","0.388","1.402","1.099","0.0","0.006","2.267","0.454","0.195","3.6","0.314","0.602","0.0","0.665","0.468","0.0","0.419","0.37","0.067","0.511","0.363","0.0","0.0"
"cms1ih9n10014unr540ues1lv","170184","фисташки","Nuts, pistachio nuts, raw","green","2026-07-26 08:03:40.428","560.0","20.16","45.32","27.17","4.37","10.6","7.66","6.87","0.32","0.24","0.0","0.17","5.907","23.257","14.38","0.0","0.0","0.0","28.470999999999997","105.0","3.92","121.0","490.0","1025.0","1.0","2.2","1.3","1.2","7.0","5.6","0.87","0.16","1.3","0.52","1.7","0.0","51.0","0.0","26.0","0.0","2.86","0.0","1.138","0.36","0.973","2.134","1.884","305.0","0.292","4.3","1.009","0.512","7.0","0.917","1.604","0.0","1.092","0.938","0.0","1.283","0.684","0.251","0.509","1.249","0.0","0.0"
"cms1ihvds0015unr53wq6xv6a","2262075","семена льна","flaxseed, raw","green","2026-07-26 08:04:08.609","545.084","18.0359","37.28","34.3551","6.804","23.13","0.0","0.0","0.0","0.0","0.0","0.0","3.281","5.944","24.73","0.0","0.0","19.42","0.0","229.9","5.778","372.1","556.4","793.4","36.74","4.738","1.344","2.405","135.9","0.0","0.5368","0.0","3.756","0.0","0.3926","33.8","41.45","0.0","0.0","0.0","0.0","3.675","0.9325","0.4025","1.085","2.211","2.311","0.0","0.0","4.846","1.386","0.5138","135.9","0.9375","1.38","1.186","1.116","0.8725","0.0","1.138","0.9313","0.3013","0.5725","1.138","0.0","0.0"
"cms1ii5ct0016unr5yunvq87y","2515375","фундук","Nuts, hazelnuts or filberts, raw","green","2026-07-26 08:04:21.533","641.39","13.4938","53.49","26.5012","4.309","8.41","0.0","0.0","0.0","0.0","0.0","0.0","0.0","0.0","0.0","0.0","0.0","0.0","0.0","134.7","3.465","155.8","321.1","635.9","0.0","2.334","1.413","6.059","0.0","0.0","0.0","0.0","0.0","0.0","0.0","0.0","0.0","0.0","0.0","0.0","0.0","0.0","0.0","0.0","0.0","0.0","0.0","0.0","0.0","0.0","0.0","0.0","0.0","0.0","0.0","0.0","0.0","0.0","0.0","0.0","0.0","0.0","0.0","0.0","0.0","0.0"
"cms1iih940017unr5fej22d3p","170148","конопляные семена","Hemp seeds, raw","green","2026-07-26 08:04:36.952","553.0","31.56","48.75","8.67","4.96","4.0","1.5","0.85","0.2","0.31","0.07","0.07","4.6","5.4","38.1","0.0","0.0","8.684","64.942","70.0","7.95","700.0","1650.0","1200.0","5.0","9.9","1.6","7.6","0.0","0.5","1.275","0.285","9.2","0.0","0.6","0.0","110.0","0.0","1.0","0.0","0.8","0.0","1.276","0.933","1.528","4.55","3.662","7.0","0.672","6.269","1.611","0.969","0.0","1.286","2.163","1.244","1.447","1.597","0.0","1.713","1.269","0.369","1.263","1.777","0.0","0.0"
"cms1iii6f0018unr5lifu4242","2515381","семена подсолнечника","sunflower seeds, raw","green","2026-07-26 08:04:38.151","609.456","18.8733","48.44","24.5007","4.873","7.215","0.0","0.0","0.0","0.0","0.0","0.0","0.0","0.0","0.0","0.0","0.0","0.0","0.0","115.6","4.37","301.9","732.0","656.8","0.0","5.578","1.875","2.63","17.78","0.0","0.0","0.0","0.0","0.0","0.0","0.0","0.0","0.0","0.0","0.0","0.0","0.0","0.0","0.0","0.0","0.0","0.0","0.0","0.0","0.0","0.0","0.0","17.78","0.0","0.0","0.0","0.0","0.0","0.0","0.0","0.0","0.0","0.0","0.0","0.0","0.0"
"cms1iis510019unr59458ecab","2515380","тыквенные семечки","pumpkin seeds, raw","green","2026-07-26 08:04:51.061","554.602","29.9079","40.03","18.6751","6.621","5.079","0.0","0.0","0.0","0.0","0.0","0.0","0.0","0.0","0.0","0.0","0.0","0.0","0.0","37.38","8.363","499.7","1150.0","691.2","0.0","6.341","1.225","4.121","20.52","0.0","0.0","0.0","0.0","0.0","0.0","0.0","0.0","0.0","0.0","0.0","0.0","0.0","0.0","0.0","0.0","0.0","0.0","0.0","0.0","0.0","0.0","0.0","20.52","0.0","0.0","0.0","0.0","0.0","0.0","0.0","0.0","0.0","0.0","0.0","0.0","0.0"
"cms1ij263001aunr5qnzxapax","170150","кунжут чёрный","Sesame seeds, whole, dried","green","2026-07-26 08:05:04.059","573.0","17.73","49.67","23.45","4.69","11.8","0.3","0.0","0.0","0.0","0.0","0.0","6.957","18.759","21.773","0.0","0.0","0.0","43.126000000000005","975.0","14.55","351.0","629.0","468.0","11.0","7.75","4.082","2.46","34.4","0.0","0.791","0.247","4.515","0.05","0.79","0.0","97.0","0.0","0.0","0.0","0.25","0.0","0.569","0.586","0.927","2.63","1.646","5.0","0.358","3.955","1.215","0.522","34.4","0.763","1.358","0.0","0.94","0.81","0.0","0.967","0.736","0.388","0.743","0.99","0.0","0.0"
"cms1ikyaa001bunr5asy7ym49","169593","какао-порошок","cocoa, dry powder, unsweetened","green","2026-07-26 08:06:32.338","228.0","19.6","13.7","57.9","3.0","37.0","1.75","0.0","0.0","0.0","0.0","0.0","8.07","4.57","0.44","0.0","0.0","0.0","0.88","128.0","13.86","499.0","734.0","1524.0","21.0","6.81","3.788","3.837","14.3","0.0","0.078","0.241","2.185","0.254","0.118","0.0","32.0","0.0","0.0","0.0","0.1","2.5","0.983","0.202","0.904","1.111","1.953","0.0","0.239","2.948","0.879","0.339","14.3","0.76","1.189","0.0","0.941","0.838","0.0","0.846","0.776","0.293","0.735","1.177","0.0","0.0"
"cms1il0fj001cunr5g8mfvvov","172231","куркума","Spices, turmeric","green","2026-07-26 08:06:35.119","312.0","9.68","3.25","67.14","12.85","22.7","3.21","2.38","0.38","0.45","0.0","0.0","1.838","0.449","0.756","0.056","0.0","0.003","1.428","168.0","55.0","208.0","299.0","2080.0","27.0","4.5","1.3","19.8","6.2","0.7","0.058","0.15","1.35","0.542","0.107","0.0","20.0","0.0","0.0","0.0","4.43","13.4","0.38","0.14","0.33","0.54","1.86","0.0","0.15","1.14","0.47","0.15","6.2","0.47","0.81","0.0","0.53","0.48","0.0","0.28","0.33","0.17","0.32","0.66","0.0","0.0"
"cms1ilcbn001dunr5uwr69b6t","170931","чёрный перец","Spices, pepper, black","green","2026-07-26 08:06:50.531","251.0","10.39","3.26","63.95","12.46","25.3","0.64","0.02","0.24","0.23","0.0","0.0","1.392","0.739","0.998","0.0","0.0","0.152","1.54","443.0","9.71","171.0","158.0","1329.0","20.0","1.19","1.33","12.753","4.9","0.0","0.108","0.18","1.143","1.399","0.291","0.0","17.0","0.0","27.0","0.0","1.04","163.7","0.244","0.096","0.616","0.308","1.413","310.0","0.138","1.413","0.441","0.159","4.9","0.366","1.014","0.0","0.446","1.413","0.0","0.409","0.244","0.058","0.483","0.547","0.0","0.0"
"cms1ilcd0001eunr59nhlu7ou","169231","имбирь","ginger root, raw","green","2026-07-26 08:06:50.581","80.0","1.82","0.75","17.77","78.89","2.0","1.7","0.0","0.0","0.0","0.0","0.0","0.203","0.154","0.154","0.0","0.0","0.0","0.274","16.0","0.6","43.0","34.0","415.0","13.0","0.34","0.226","0.229","0.7","5.0","0.025","0.034","0.75","0.203","0.16","0.0","11.0","0.0","0.0","0.0","0.26","0.1","0.057","0.013","0.031","0.043","0.208","0.0","0.008","0.162","0.043","0.03","0.7","0.051","0.074","0.0","0.045","0.041","0.0","0.045","0.036","0.012","0.02","0.073","0.0","0.0"
"cms1ilgyb001funr5vk7x0fu6","171320","корица","spices, cinnamon, ground","green","2026-07-26 08:06:56.53","247.0","3.99","1.24","80.59","10.58","53.1","2.17","0.02","1.04","1.11","0.0","0.0","0.345","0.246","0.068","0.0","0.0","0.011","0.09899999999999999","1002.0","8.32","60.0","64.0","431.0","10.0","1.83","0.339","17.466","3.1","3.8","0.022","0.041","1.332","0.358","0.158","0.0","6.0","0.0","15.0","0.0","2.32","31.2","0.243","0.078","0.166","0.166","0.438","112.0","0.058","0.37","0.195","0.117","3.1","0.146","0.253","0.0","0.146","0.419","0.0","0.195","0.136","0.049","0.136","0.224","0.0","0.0"
"cms1illwb001gunr5uwyqow62","171329","паприка","Spices, paprika","green","2026-07-26 08:07:02.94","282.0","14.14","12.89","53.99","11.24","34.9","10.34","0.81","2.63","6.71","0.0","0.0","2.14","1.695","7.766","0.0","0.0","0.453","15.081","229.0","21.14","178.0","314.0","2280.0","68.0","4.33","0.713","1.59","6.3","0.9","0.33","1.23","10.06","2.51","2.141","0.0","49.0","0.0","2463.0","0.0","29.1","80.3","0.69","0.2","0.64","0.89","2.85","26162.0","0.23","2.26","0.78","0.25","6.3","0.57","0.92","0.0","0.61","2.31","0.0","0.61","0.49","0.07","0.38","0.75","0.0","0.0"
"cms1in1pf001hunr58z9n6dbj","170923","тмин","spices, cumin seed","green","2026-07-26 08:08:10.082","375.0","17.81","22.27","44.24","8.06","10.5","2.25","0.0","0.0","0.0","0.0","0.0","1.535","14.04","3.279","0.0","0.0","0.0","6.382000000000001","931.0","66.36","366.0","499.0","1788.0","168.0","4.8","0.867","3.333","5.2","7.7","0.628","0.327","4.579","0.0","0.435","0.0","10.0","0.0","64.0","0.0","3.33","5.4","0.0","0.0","0.0","0.0","0.0","762.0","0.0","0.0","0.0","0.0","5.2","0.0","0.0","0.0","0.0","0.0","0.0","0.0","0.0","0.0","0.0","0.0","0.0","0.0"
"cms1incv5001iunr5jni78nrp","170919","кардамон","spices, cardamom","green","2026-07-26 08:08:24.545","311.0","10.76","6.7","68.47","8.28","28.0","0.0","0.0","0.0","0.0","0.0","0.0","0.68","0.87","0.43","0.0","0.0","0.0","0.74","383.0","13.97","229.0","178.0","1119.0","18.0","7.47","0.383","28.0","0.0","21.0","0.198","0.182","1.102","0.0","0.23","0.0","0.0","0.0","0.0","0.0","0.0","0.0","0.0","0.0","0.0","0.0","0.0","0.0","0.0","0.0","0.0","0.0","0.0","0.0","0.0","0.06","0.0","0.0","0.0","0.0","0.0","0.0","0.0","0.0","0.0","0.0"
"cms1insyj001junr528hbk4h9","170917","лавровый лист","spices, bay leaf","green","2026-07-26 08:08:45.404","313.0","7.61","8.36","74.97","5.44","26.3","0.0","0.0","0.0","0.0","0.0","0.0","2.28","1.64","2.29","0.0","0.0","0.0","3.5300000000000002","834.0","43.0","120.0","113.0","529.0","23.0","3.7","0.416","8.167","2.8","46.5","0.009","0.421","2.005","0.0","1.74","0.0","180.0","0.0","309.0","0.0","0.0","0.0","0.0","0.0","0.0","0.0","0.0","0.0","0.0","0.0","0.0","0.0","2.8","0.0","0.0","0.0","0.0","0.0","0.0","0.0","0.0","0.0","0.0","0.0","0.0","0.0"
"cms1intf2001kunr5xlix7i60","173470","тимьян","thyme, fresh","green","2026-07-26 08:08:45.998","101.0","5.56","1.68","24.45","65.11","14.0","0.0","0.0","0.0","0.0","0.0","0.0","0.467","0.081","0.532","0.0","0.0","0.0","0.617","405.0","17.45","160.0","106.0","609.0","9.0","1.81","0.555","1.719","0.0","160.1","0.048","0.471","1.824","0.409","0.348","0.0","45.0","0.0","238.0","0.0","0.0","0.0","0.126","0.0","0.0","0.0","0.0","2851.0","0.0","0.0","0.0","0.0","0.0","0.285","0.262","0.047","0.0","0.0","0.0","0.0","0.154","0.114","0.0","0.307","0.0","0.0"
"cms1inum4001lunr5ydl8rcm3","170929","горчица","mustard, dry","green","2026-07-26 08:08:47.548","508.0","26.1","36.2","28.1","5.27","12.2","6.79","3.69","2.88","0.02","0.0","0.0","1.99","22.5","10.1","0.0","0.0","0.0","9.71","266.0","9.21","370.0","828.0","738.0","13.0","6.08","0.645","2.45","208.0","7.1","0.805","0.261","4.73","0.81","0.397","0.0","162.0","0.0","2.0","0.0","5.07","5.4","1.84","0.483","1.17","1.93","2.44","18.0","0.68","5.26","1.59","0.878","2.3","1.18","2.08","0.0","1.17","2.81","0.0","0.759","0.838","0.256","0.809","1.51","0.0","0.0"
"cms1invfq001munr5jmmjtgu7","173471","ваниль","vanilla extract","green","2026-07-26 08:08:48.614","288.0","0.06","0.06","12.65","52.58","0.0","12.65","0.0","0.0","0.0","0.0","0.0","0.01","0.01","0.004","0.0","0.0","0.0","0.007","11.0","0.12","12.0","6.0","148.0","9.0","0.11","0.072","0.23","0.0","0.0","0.011","0.095","0.425","0.035","0.026","0.0","0.0","0.0","0.0","0.0","0.0","0.0","0.0","0.0","0.0","0.0","0.0","0.0","0.0","0.0","0.0","0.0","0.0","0.0","0.0","0.0","0.0","0.0","0.0","0.0","0.0","0.0","0.0","0.0","0.0","0.0"
"cms1io7ff001nunr5llvmuzch","2768191","кокосовый сахар","Sugars, coconut","forbidden","2026-07-26 08:09:04.155","179.0","2.02","6.34","28.46","62.08","1.1","18.8","6.9","4.75","4.95","0.0","2.2","3.53","1.355","1.135","0.002","0.0","0.007","2.261","9.0","0.38","19.0","35.0","99.0","319.0","0.3","0.063","0.5","2.7","0.0","0.07","0.04","1.355","0.13","0.085","0.0","4.0","0.0","0.0","0.0","0.94","1.0","0.0","0.0","0.0","0.0","0.0","0.0","0.0","0.0","0.0","0.0","2.7","0.0","0.0","0.013","0.0","0.0","0.0","0.0","0.0","0.0","0.0","0.0","0.0","0.0"
"cms1io7z5001ounr5173g97ho","169661","кленовый сироп","Syrups, maple","forbidden","2026-07-26 08:09:04.865","260.0","0.04","0.06","67.04","32.39","0.0","60.46","58.32","1.6","0.52","0.0","0.0","0.007","0.011","0.017","0.0","0.0","0.0","0.034","102.0","0.11","21.0","2.0","212.0","12.0","1.47","0.018","2.908","0.6","0.0","0.066","1.27","0.081","0.036","0.002","0.0","0.0","0.0","0.0","0.0","0.0","0.0","0.0","0.0","0.0","0.0","0.0","0.0","0.0","0.0","0.0","0.0","0.6","0.0","0.0","0.0","0.0","0.0","0.0","0.0","0.0","0.0","0.0","0.0","0.0","0.0"
"cms1io8tn001punr5a7pxm2xx","171328","орегано","Spices, oregano, dried","green","2026-07-26 08:09:05.963","265.0","9.0","4.28","68.92","9.93","42.5","4.09","0.91","1.9","1.13","0.0","0.0","1.551","0.716","1.369","0.0","0.0","0.621","2.117","1597.0","36.8","270.0","148.0","1260.0","25.0","2.69","0.633","4.99","4.5","2.3","0.177","0.528","4.64","0.921","1.044","0.0","237.0","0.0","85.0","0.0","18.26","621.7","0.5","0.127","0.5","0.449","1.009","1007.0","0.11","0.975","0.517","0.144","4.5","0.441","0.78","0.0","0.449","1.712","0.0","0.314","0.322","0.203","0.297","0.585","0.0","0.0"
"cms1iohfv001qunr5xc7xthb0","2747655","фенхель","fennel, raw","green","2026-07-26 08:09:17.131","26.8924","0.921875","0.14","5.486225","92.59","2.046","3.196","0.2606","1.589","1.346","0.0","0.0","0.0","0.0","0.0","0.0","0.0","0.0","0.0","41.3","0.0","14.98","33.38","332.4","49.03","0.1413","0.07339","0.1241","0.0","14.7","0.0","0.0","0.0","0.0","0.0","1.938","37.02","0.0","0.0","0.0","0.0","0.0","0.0","0.0","0.0","0.0","0.0","0.0","0.0","0.0","0.0","0.0","0.0","0.0","0.0","0.0","0.0","0.0","0.0","0.0","0.0","0.0","0.0","0.0","0.0","0.0"
"cms1ioj28001runr596v273s8","171325","чесночный порошок","Spices, garlic powder","green","2026-07-26 08:09:19.232","331.0","16.55","0.73","72.73","6.45","9.0","2.43","2.05","0.07","0.31","0.0","0.0","0.249","0.115","0.178","0.0","0.0","0.012","0.298","79.0","5.65","77.0","414.0","1193.0","60.0","2.99","0.533","0.979","23.9","1.2","0.435","0.141","0.796","0.743","1.654","0.0","47.0","0.0","0.0","0.0","0.67","0.4","0.768","0.111","0.485","3.365","1.89","0.0","0.253","3.658","0.525","0.263","23.9","0.414","0.728","0.0","0.525","1.354","0.0","0.505","0.374","0.121","0.445","0.667","0.0","0.0"
"cms1iokqc001sunr5hc1zq9qx","171326","мускатный орех","Spices, nutmeg","green","2026-07-26 08:09:21.396","525.0","5.84","36.31","49.29","6.23","20.8","2.99","0.0","0.0","0.0","0.0","0.0","25.94","3.22","0.35","0.0","0.0","0.0","0.7","184.0","3.04","183.0","213.0","350.0","16.0","2.15","1.027","2.9","1.6","3.0","0.346","0.057","1.299","0.0","0.16","0.0","76.0","0.0","5.0","0.0","0.0","0.0","0.0","0.0","0.0","0.0","0.0","28.0","0.0","0.0","0.0","0.0","1.6","0.0","0.0","0.0","0.0","0.0","0.0","0.0","0.0","0.0","0.0","0.0","0.0","0.0"
"cms1iomqz001tunr5c8ypikob","174278","соевый соус тамари","soy sauce, tamari","forbidden","2026-07-26 08:09:24.011","60.0","10.51","0.1","5.57","66.0","0.8","1.7","0.0","0.0","0.0","0.0","0.0","0.011","0.017","0.044","0.0","0.0","0.0","0.08299999999999999","20.0","2.38","40.0","130.0","212.0","5586.0","0.43","0.135","0.499","0.8","0.0","0.059","0.152","3.951","0.376","0.2","0.0","18.0","0.0","0.0","0.0","0.0","0.0","0.731","0.167","0.536","0.405","0.882","0.0","0.107","2.411","0.435","0.215","0.8","0.487","0.735","0.0","0.534","0.806","0.0","0.483","0.407","0.181","0.342","0.524","0.0","0.0"
"cms1iqrhw0000unw20vmtflnp","2515373","бразильский орех","Nuts, brazilnuts, raw","green","2026-07-26 08:11:03.476","663.586","15.03684","57.43","21.64216","2.265","5.984","0.0","0.0","0.0","0.0","0.0","0.0","0.0","0.0","0.0","0.0","0.0","0.0","0.0","167.8","2.474","351.3","706.9","592.5","0.0","3.824","1.739","1.26","280.4","0.0","0.0","0.0","0.0","0.0","0.0","0.0","0.0","0.0","0.0","0.0","0.0","0.0","0.0","0.0","0.0","0.0","0.0","0.0","0.0","0.0","0.0","0.0","280.4","0.0","0.0","0.0","0.0","0.0","0.0","0.0","0.0","0.0","0.0","0.0","0.0","0.0"
"cms1irv7i0001unw2vlr7afdu","171323","семена фенхеля","Spices, fennel seed","green","2026-07-26 08:11:54.942","345.0","15.8","14.87","52.29","8.81","39.8","0.0","0.0","0.0","0.0","0.0","0.0","0.48","9.91","1.69","0.0","0.0","0.0","3.38","1196.0","18.54","385.0","487.0","1694.0","88.0","3.7","1.067","6.533","0.0","21.0","0.408","0.353","6.05","0.0","0.47","0.0","0.0","0.0","7.0","0.0","0.0","0.0","0.758","0.301","0.789","0.68","1.833","0.0","0.222","2.956","1.107","0.331","0.0","0.695","0.996","0.0","0.647","0.9","0.0","0.9","0.602","0.253","0.41","0.915","0.0","0.0"
"cms1isfoz0002unw24l0mw5oy","173469","яблочный уксус","Vinegar, cider","green","2026-07-26 08:12:21.491","21.0","0.0","0.0","0.93","93.81","0.0","0.4","0.0","0.1","0.3","0.0","0.0","0.0","0.0","0.0","0.0","0.0","0.0","0.0","7.0","0.2","5.0","8.0","73.0","5.0","0.04","0.008","0.249","0.1","0.0","0.0","0.0","0.0","0.0","0.0","0.0","0.0","0.0","0.0","0.0","0.0","0.0","0.0","0.0","0.0","0.0","0.0","0.0","0.0","0.0","0.0","0.0","0.1","0.0","0.0","0.0","0.0","0.0","0.0","0.0","0.0","0.0","0.0","0.0","0.0","0.0"
"cms1itljc0003unw2xs7lwqeg","2768192","псиллиум","psyllium husks, raw","green","2026-07-26 08:13:15.72","69.0","1.5","0.1","17.6","79.9","5.3","8.55","0.05","4.5","3.8","0.0","0.2","0.014","0.0","0.0","0.0","0.0","0.0","0.0","8.0","1.61","24.0","47.0","304.0","20.0","0.31","0.057","0.182","0.0","54.1","0.0","0.0","0.0","0.0","0.0","0.0","0.0","0.0","5.0","0.0","0.0","0.0","0.0","0.0","0.0","0.0","0.0","60.0","0.0","0.0","0.0","0.0","0.0","0.0","0.0","0.0","0.0","0.0","0.0","0.0","0.0","0.0","0.0","0.0","0.0","0.0"
"cms1iucvo0004unw2uzjinxtk","175040","сода","Baking soda","green","2026-07-26 08:13:51.157","0.0","0.0","0.0","0.0","0.2","0.0","0.0","0.0","0.0","0.0","0.0","0.0","0.0","0.0","0.0","0.0","0.0","0.0","0.0","0.0","0.0","0.0","0.0","0.0","27360.0","0.0","0.0","0.0","0.2","0.0","0.0","0.0","0.0","0.0","0.0","0.0","0.0","0.0","0.0","0.0","0.0","0.0","0.0","0.0","0.0","0.0","0.0","0.0","0.0","0.0","0.0","0.0","0.2","0.0","0.0","0.0","0.0","0.0","0.0","0.0","0.0","0.0","0.0","0.0","0.0","0.0"
"cms1ivq9s0005unw2rjmy2ihl","171171","грибной порошок","Mushroom powder","green","2026-07-26 08:14:55.168","328.0","10.0","4.0","64.66","3.34","4.8","3.26","0.0","0.0","0.0","0.0","0.0","2.36","1.31","0.14","0.0","3.0","0.0","0.24","230.0","1.0","34.0","203.0","262.0","6580.0","1.54","0.535","0.4","5.3","7.0","0.2","0.4","3.7","0.1","0.1","0.0","31.0","0.7","0.0","0.0","0.15","0.2","0.0","0.0","0.0","0.0","0.0","1.0","0.0","0.0","0.0","0.0","5.3","0.0","0.0","0.0","0.0","0.0","0.0","0.0","0.0","0.0","0.0","0.0","0.0","0.0"
"cms1ivrj00006unw20a48luqf","171327","луковый порошок","onion powder","green","2026-07-26 08:14:56.797","341.0","10.41","1.04","79.12","5.39","15.2","6.63","3.87","0.73","1.67","0.0","0.0","0.219","0.202","0.31","0.0","0.0","0.057","0.5650000000000001","384.0","3.9","113.0","322.0","985.0","73.0","4.05","0.59","1.3","14.3","23.4","0.457","0.08","0.321","0.732","0.718","0.0","64.0","0.0","0.0","0.0","0.27","4.1","0.49","0.09","0.18","1.95","0.66","0.0","0.08","2.09","0.27","0.16","14.3","0.14","0.22","0.0","0.28","0.69","0.0","0.14","0.14","0.06","0.13","0.17","0.0","0.0"
"cms1ixv2u0007unw2s6180jy8","2685573","капуста цветная","cauliflower, raw","green","2026-07-26 08:16:34.71","27.5923","1.640625","0.2375","4.723075","92.72","1.948","0.0","0.0","0.0","0.0","0.0","0.0","0.0","0.0","0.0","0.0","0.0","0.0","0.0","20.35","0.3338","14.2","39.69","274.4","20.0","0.2344","0.02423","0.141","0.0","67.1","0.0","0.0","0.0","0.0","0.0","0.0","97.0","0.0","0.0","0.0","0.0","0.0","0.0","0.0","0.0","0.0","0.0","0.0","0.0","0.0","0.0","0.0","0.0","0.0","0.0","0.0","0.0","0.0","0.0","0.0","0.0","0.0","0.0","0.0","0.0","0.0"
"cms1iyblg0008unw2x41shc6d","1104647","чеснок","garlic, raw","green","2026-07-26 08:16:56.116","143.0","6.62","0.38","28.2","63.1","2.7","0.0","0.0","0.0","0.0","0.0","0.0","0.0","0.0","0.0","0.0","0.0","0.0","0.0","0.0","0.0","0.0","0.0","0.0","0.0","0.0","0.0","0.0","9.8","10.0","0.0","0.0","0.0","0.0","0.0","0.0","0.0","0.0","0.0","0.0","0.0","0.0","0.0","0.0","0.0","0.0","0.0","0.0","0.0","0.0","0.0","0.0","9.8","0.0","0.0","0.0","0.0","0.0","0.0","0.0","0.0","0.0","0.0","0.0","0.0","0.0"
"cms1iybo60009unw2zjc0h8y4","790577","лук красный","Onions, red, raw","green","2026-07-26 08:16:56.214","44.0","0.94","0.1","9.93","88.6","2.2","5.76","1.68","2.29","1.79","0.0","0.0","0.0","0.0","0.0","0.0","0.0","0.0","0.0","17.0","0.24","11.4","41.0","197.0","1.0","0.17","0.058","0.119","0.5","8.1","0.0","0.0","0.0","0.0","0.0","0.0","0.0","0.0","0.0","0.0","0.0","0.0","0.0","0.0","0.0","0.0","0.0","0.0","0.0","0.0","0.0","0.0","0.0","0.0","0.0","0.0","0.0","0.0","0.0","0.0","0.0","0.0","0.0","0.0","0.0","0.0"
"cms1iydwi000aunw2phbohya4","169246","лук-порей","Leeks, raw","green","2026-07-26 08:16:59.107","61.0","1.5","0.3","14.15","83.0","1.8","3.9","0.0","0.0","0.0","0.0","0.0","0.04","0.004","0.166","0.0","0.0","0.0","0.233","59.0","2.1","28.0","35.0","180.0","20.0","0.12","0.12","0.481","1.0","12.0","0.06","0.03","0.4","0.14","0.233","0.0","64.0","0.0","83.0","0.0","0.92","47.0","0.078","0.018","0.074","0.078","0.14","1000.0","0.025","0.226","0.069","0.025","1.0","0.052","0.096","0.0","0.055","0.066","0.0","0.092","0.063","0.012","0.041","0.056","0.0","0.0"
"cms1izah4000bunw2zbgvayd9","2346405","сельдерей","Celery, raw","forbidden","2026-07-26 08:17:41.321","16.6973","0.4921875","0.1625","3.3165125","95.2","0.0","0.0","0.0","0.0","0.0","0.0","0.0","0.0","0.0","0.0","0.0","0.0","0.0","0.0","46.28","0.0","10.93","21.6","265.2","97.21","0.0929","0.0","0.076","0.0","0.0","0.0","0.0","0.0","0.0","0.05175","0.0","0.0","0.0","0.0","0.0","0.0","0.0","0.0","0.0","0.0","0.0","0.0","0.0","0.0","0.0","0.0","0.0","0.0","0.0","0.0","0.0","0.0","0.0","0.0","0.0","0.0","0.0","0.0","0.0","0.0","0.0"
"cms1izcoa000cunw2ram3y2yo","169228","баклажан","eggplant, raw","green","2026-07-26 08:17:44.171","25.0","0.98","0.18","5.88","92.3","3.0","3.53","0.26","1.58","1.54","0.0","0.0","0.034","0.016","0.076","0.0","0.0","0.0","0.139","9.0","0.23","14.0","24.0","229.0","2.0","0.16","0.081","0.232","0.3","2.2","0.039","0.037","0.649","0.281","0.084","0.0","22.0","0.0","1.0","0.0","0.3","3.5","0.047","0.011","0.051","0.057","0.164","14.0","0.006","0.186","0.041","0.023","0.3","0.045","0.064","0.0","0.043","0.043","0.0","0.042","0.037","0.009","0.027","0.053","0.0","0.0"
"cms1izfzp000dunw2mduji599","170497","перец чили","Peppers, chili, raw","green","2026-07-26 08:17:48.468","40.0","2.0","0.2","9.46","87.74","1.5","5.1","0.0","0.0","0.0","0.0","0.0","0.021","0.011","0.109","0.0","0.0","0.0","0.213","18.0","1.2","25.0","46.0","340.0","7.0","0.3","0.174","0.237","0.5","242.5","0.09","0.09","0.95","0.061","0.278","0.0","23.0","0.0","59.0","0.0","0.69","14.3","0.089","0.024","0.082","0.096","0.286","671.0","0.038","0.264","0.074","0.041","0.5","0.065","0.105","0.0","0.062","0.087","0.0","0.08","0.074","0.026","0.042","0.084","0.0","0.0"
"cms1izqqf000eunw28q4qeono","747447","брокколи","Broccoli, raw","green","2026-07-26 08:18:02.391","31.0","2.57","0.34","6.27","90.0","2.4","1.4","0.01","0.58","0.82","0.0","0.0","0.039","0.011","0.017","0.0","0.0","0.0","0.03800000000000001","46.0","0.69","21.0","67.0","303.0","36.0","0.42","0.059","0.197","1.6","91.3","0.077","0.114","0.639","0.61","0.191","0.0","65.0","0.0","8.0","0.0","0.15","102.0","0.135","0.038","0.104","0.191","0.325","93.0","0.028","0.542","0.089","0.059","0.0","0.079","0.129","0.0","0.117","0.11","0.0","0.121","0.088","0.033","0.05","0.125","0.0","0.0"
"cms1izrsx000funw26647q5tj","169236","артишоки","artichokes, raw","green","2026-07-26 08:18:03.777","73.0","2.0","0.01","17.44","78.01","1.6","9.6","0.0","0.0","0.0","0.0","0.0","0.0","0.004","0.001","0.0","0.0","0.0","0.002","14.0","3.4","17.0","78.0","429.0","4.0","0.12","0.14","0.06","0.7","4.0","0.2","0.06","1.3","0.397","0.077","0.0","13.0","0.0","1.0","0.0","0.19","0.1","0.0","0.0","0.0","0.0","0.0","12.0","0.0","0.0","0.0","0.0","0.7","0.0","0.0","0.0","0.0","0.0","0.0","0.0","0.0","0.0","0.0","0.0","0.0","0.0"
"cms1izs3q000gunw2ik9gd7mu","169276","дайкон","Radish, daikon, raw","green","2026-07-26 08:18:04.166","16.0","0.68","0.1","3.4","95.27","1.6","1.86","0.1","1.05","0.71","0.0","0.0","0.032","0.017","0.048","0.0","0.0","0.0","0.065","25.0","0.34","10.0","20.0","233.0","39.0","0.28","0.05","0.069","0.6","14.8","0.012","0.039","0.254","0.165","0.071","0.0","25.0","0.0","0.0","0.0","0.0","1.3","0.033","0.01","0.026","0.038","0.064","4.0","0.01","0.157","0.026","0.013","0.6","0.02","0.031","0.0","0.036","0.022","0.0","0.027","0.023","0.009","0.009","0.035","0.0","0.0"
"cms1j06a5000hunw200br5y93","169276","редис","radishes, raw","green","2026-07-26 08:18:22.541","16.0","0.68","0.1","3.4","95.27","1.6","1.86","0.1","1.05","0.71","0.0","0.0","0.032","0.017","0.048","0.0","0.0","0.0","0.065","25.0","0.34","10.0","20.0","233.0","39.0","0.28","0.05","0.069","0.6","14.8","0.012","0.039","0.254","0.165","0.071","0.0","25.0","0.0","0.0","0.0","0.0","1.3","0.033","0.01","0.026","0.038","0.064","4.0","0.01","0.157","0.026","0.013","0.6","0.02","0.031","0.0","0.036","0.022","0.0","0.027","0.023","0.009","0.009","0.035","0.0","0.0"
"cms1j07nq000iunw2bt2bq35f","169276","редька","radish, raw","green","2026-07-26 08:18:24.326","16.0","0.68","0.1","3.4","95.27","1.6","1.86","0.1","1.05","0.71","0.0","0.0","0.032","0.017","0.048","0.0","0.0","0.0","0.065","25.0","0.34","10.0","20.0","233.0","39.0","0.28","0.05","0.069","0.6","14.8","0.012","0.039","0.254","0.165","0.071","0.0","25.0","0.0","0.0","0.0","0.0","1.3","0.033","0.01","0.026","0.038","0.064","4.0","0.01","0.157","0.026","0.013","0.6","0.02","0.031","0.0","0.036","0.022","0.0","0.027","0.023","0.009","0.009","0.035","0.0","0.0"
"cms1j0qfc000junw22my4iq93","169383","перец жёлтый","Peppers, sweet, yellow, raw","green","2026-07-26 08:18:48.648","27.0","1.0","0.21","6.32","92.02","0.9","0.0","0.0","0.0","0.0","0.0","0.0","0.031","0.0","0.0","0.0","0.0","0.0","0.0","11.0","0.46","12.0","24.0","212.0","2.0","0.17","0.107","0.117","0.3","183.5","0.028","0.025","0.89","0.168","0.168","0.0","26.0","0.0","10.0","0.0","0.0","0.0","0.044","0.012","0.041","0.048","0.143","120.0","0.019","0.132","0.037","0.02","0.3","0.032","0.052","0.0","0.031","0.044","0.0","0.04","0.037","0.013","0.021","0.042","0.0","0.0"
"cms1j0r02000kunw27t19x7f7","1750340","яблоко","Apples, raw, with skin","green","2026-07-26 08:18:49.394","64.6609","0.1484375","0.1625","15.6511625","83.61","2.075","13.332","1.704","3.038","8.59","0.0","0.0","0.0","0.0","0.0","0.0","0.0","0.0","0.0","5.975","0.015","4.67","9.78","103.8","1.013","0.01676","0.03279","0.03263","0.0","0.0","0.00625","0.0675","0.09063","0.0","0.03544","0.0","0.0","0.0","0.0","0.0","0.0","0.0","0.0","0.0","0.0","0.0","0.0","0.0","0.0","0.0","0.0","0.0","0.0","0.0","0.0","0.0","0.0","0.0","0.0","0.0","0.0","0.0","0.0","0.0","0.0","0.0"
"cms1j0rpu000lunw21b8brqcb","168448","тыква","Pumpkin, raw","green","2026-07-26 08:18:50.322","26.0","1.0","0.1","6.5","91.6","0.5","2.76","0.0","0.0","0.0","0.0","0.0","0.052","0.013","0.005","0.0","0.0","0.0","0.007","21.0","0.8","12.0","44.0","340.0","1.0","0.32","0.127","0.125","0.3","9.0","0.05","0.11","0.6","0.298","0.061","0.0","16.0","0.0","426.0","0.0","1.06","1.1","0.054","0.011","0.028","0.054","0.102","3100.0","0.003","0.184","0.027","0.016","0.3","0.031","0.046","0.0","0.032","0.026","0.0","0.044","0.029","0.012","0.042","0.035","0.0","0.0"
"cms1j0uz5000munw2ss4zpieb","170108","перец красный","Peppers, sweet, red, raw","green","2026-07-26 08:18:54.546","26.0","0.99","0.3","6.03","92.21","2.1","4.2","0.0","1.94","2.26","0.0","0.0","0.059","0.007","0.156","0.0","0.0","0.0","0.256","7.0","0.43","12.0","26.0","211.0","4.0","0.25","0.017","0.112","0.1","127.7","0.054","0.085","0.979","0.317","0.291","0.0","46.0","0.0","157.0","0.0","1.58","4.9","0.036","0.006","0.026","0.036","0.284","1624.0","0.019","0.211","0.028","0.017","0.1","0.021","0.036","0.0","0.05","0.024","0.0","0.05","0.04","0.012","0.009","0.031","0.0","0.0"
"cms1j153b000nunw2hf9n4p2b","173944","банан","bananas, raw","green","2026-07-26 08:19:07.655","89.0","1.09","0.33","22.84","74.91","2.6","12.23","2.39","4.98","4.85","0.0","0.01","0.112","0.032","0.073","0.0","0.0","0.0","0.119","5.0","0.26","27.0","22.0","358.0","1.0","0.15","0.078","0.27","1.0","8.7","0.031","0.073","0.665","0.334","0.367","0.0","20.0","0.0","3.0","0.0","0.1","0.5","0.05","0.008","0.04","0.049","0.124","26.0","0.009","0.152","0.038","0.077","1.0","0.028","0.068","0.0","0.049","0.028","0.0","0.04","0.028","0.009","0.009","0.047","0.0","0.0"
"cms1j15eu000ounw2p58byhfh","169118","груша","Pears, raw","green","2026-07-26 08:19:08.07","57.0","0.36","0.14","15.23","83.96","3.1","9.75","0.71","2.6","6.42","0.0","0.0","0.022","0.084","0.094","0.0","0.0","0.0","0.187","9.0","0.18","7.0","12.0","116.0","1.0","0.1","0.082","0.048","0.1","4.3","0.012","0.026","0.161","0.049","0.029","0.0","7.0","0.0","1.0","0.0","0.12","4.4","0.017","0.002","0.014","0.01","0.105","14.0","0.002","0.03","0.013","0.002","0.1","0.011","0.019","0.0","0.011","0.021","0.0","0.015","0.011","0.002","0.002","0.017","0.0","0.0"
"cms1j16ha000punw2l4disj7v","167746","лимон","Lemons, raw, without peel","green","2026-07-26 08:19:09.454","29.0","1.1","0.3","9.32","88.98","2.8","2.5","0.0","0.0","0.0","0.0","0.0","0.039","0.011","0.089","0.0","0.0","0.0","0.152","26.0","0.6","8.0","16.0","138.0","2.0","0.06","0.037","0.03","0.4","53.0","0.04","0.02","0.1","0.19","0.08","0.0","11.0","0.0","1.0","0.0","0.15","0.0","0.0","0.0","0.0","0.0","0.0","3.0","0.0","0.0","0.0","0.0","0.4","0.0","0.0","0.0","0.0","0.0","0.0","0.0","0.0","0.0","0.0","0.0","0.0","0.0"
"cms1j1cra000qunw22e4lm1vt","169097","апельсин","Oranges, raw, all varieties","green","2026-07-26 08:19:17.59","47.0","0.94","0.12","11.75","86.75","2.4","9.35","0.0","0.0","0.0","0.0","0.0","0.015","0.023","0.025","0.0","0.0","0.0","0.043","40.0","0.1","10.0","14.0","181.0","0.0","0.07","0.045","0.025","0.5","53.2","0.087","0.04","0.282","0.25","0.06","0.0","30.0","0.0","11.0","0.0","0.18","0.0","0.047","0.02","0.05","0.065","0.114","71.0","0.01","0.094","0.094","0.018","0.5","0.025","0.023","0.0","0.031","0.046","0.0","0.032","0.015","0.009","0.016","0.04","0.0","0.0"
"cms1j1o91000runw2y1c1hm29","169134","гранат","Pomegranates, raw","green","2026-07-26 08:19:32.485","83.0","1.67","1.17","18.7","77.93","4.0","13.67","0.0","0.0","0.0","0.0","0.0","0.12","0.093","0.079","0.0","0.0","0.0","0.158","10.0","0.3","12.0","36.0","236.0","3.0","0.35","0.158","0.119","0.5","10.2","0.067","0.053","0.293","0.377","0.075","0.0","38.0","0.0","0.0","0.0","0.6","16.4","0.0","0.0","0.0","0.0","0.0","0.0","0.0","0.0","0.0","0.0","0.5","0.0","0.0","0.0","0.0","0.0","0.0","0.0","0.0","0.0","0.0","0.0","0.0","0.0"
"cms1j1p5k000sunw2z9ppej7r","168191","финики","Dates","green","2026-07-26 08:19:33.656","277.0","1.81","0.15","74.97","21.32","6.7","66.47","0.53","33.68","31.95","0.0","0.3","0.0","0.0","0.0","0.0","0.0","0.0","0.0","64.0","0.9","54.0","62.0","696.0","1.0","0.44","0.362","0.296","0.0","0.0","0.05","0.06","1.61","0.805","0.249","0.0","15.0","0.0","7.0","0.0","0.0","2.7","0.054","0.017","0.078","0.06","0.22","89.0","0.046","0.265","0.09","0.029","0.0","0.045","0.082","0.0","0.048","0.111","0.0","0.062","0.042","0.007","0.016","0.066","0.0","0.0"
"cms1j1pnc000tunw2sp5dyuc3","174673","грейпфрут","Grapefruit, raw, all varieties","green","2026-07-26 08:19:34.296","42.0","0.77","0.14","10.7","88.1","1.6","6.89","3.51","1.61","1.77","0.0","0.0","0.021","0.02","0.036","0.0","0.0","0.0","0.037","22.0","0.08","9.0","18.0","135.0","0.0","0.07","0.032","0.022","0.1","31.2","0.043","0.031","0.204","0.262","0.053","0.0","13.0","0.0","58.0","0.0","0.13","0.0","0.019","0.007","0.024","0.087","0.138","686.0","0.008","0.197","0.015","0.008","0.1","0.008","0.015","0.0","0.013","0.063","0.0","0.028","0.013","0.008","0.008","0.015","0.0","0.0"
"cms1j1vjc000uunw2a0rc3hhp","169124","ананас","Pineapple, raw, all varieties","green","2026-07-26 08:19:41.928","50.0","0.54","0.12","13.12","86.0","1.4","9.85","5.99","1.73","2.12","0.0","0.0","0.009","0.013","0.04","0.0","0.0","0.0","0.063","13.0","0.29","12.0","8.0","109.0","1.0","0.12","0.11","0.927","0.1","47.8","0.079","0.032","0.5","0.213","0.112","0.0","18.0","0.0","3.0","0.0","0.02","0.7","0.026","0.012","0.033","0.019","0.121","35.0","0.014","0.079","0.024","0.01","0.1","0.019","0.024","0.0","0.021","0.017","0.0","0.035","0.019","0.005","0.019","0.024","0.0","0.0"
"cms1j3thk0000un1fhlyeg3cc","2346395","пекан","Nuts, pecans, raw","green","2026-07-26 08:21:12.585","750.152","9.9587","73.28","12.6993","2.623","5.793","0.0","0.0","0.0","0.0","0.0","0.0","6.465","39.282","22.924","0.0","0.0","0.0","0.0","54.83","2.371","102.9","252.7","360.3","0.0","3.93","0.9065","2.28","0.0","0.0","0.5476","0.0","0.9463","0.0","0.1711","22.66","0.0","0.0","0.0","0.0","0.0","4.1","0.32","0.1675","0.4375","1.363","0.87","0.0","0.0","2.498","0.4925","0.2625","0.0","0.365","0.67","0.0","0.4625","0.61","0.0","0.54","0.3025","0.115","0.3125","0.435","0.0","0.0"
"cms1j4u0h0001un1ff1lnkul9","169280","агар-агар","agar, raw","green","2026-07-26 08:21:59.922","26.0","0.54","0.03","6.75","91.32","0.5","0.28","0.0","0.0","0.0","0.0","0.0","0.006","0.003","0.01","0.0","0.0","0.017","0.001","54.0","1.86","67.0","5.0","226.0","9.0","0.58","0.061","0.373","0.7","0.0","0.005","0.022","0.055","0.302","0.032","0.0","85.0","0.0","0.0","0.0","0.87","2.3","0.0","0.0","0.0","0.0","0.0","0.0","0.0","0.0","0.0","0.0","0.7","0.0","0.0","0.0","0.0","0.0","0.0","0.0","0.0","0.0","0.0","0.0","0.0","0.0"
"cms1j54xd0002un1f3tvvowf2","172241","уксус бальзамический","Vinegar, balsamic","green","2026-07-26 08:22:14.065","88.0","0.49","0.0","17.03","76.45","0.0","14.95","0.0","7.57","7.38","0.0","0.0","0.0","0.0","0.0","0.0","0.0","0.0","0.0","27.0","0.72","12.0","19.0","112.0","23.0","0.08","0.026","0.131","0.0","0.0","0.0","0.0","0.0","0.0","0.0","0.0","0.0","0.0","0.0","0.0","0.0","0.0","0.0","0.0","0.0","0.0","0.0","0.0","0.0","0.0","0.0","0.0","0.0","0.0","0.0","0.0","0.0","0.0","0.0","0.0","0.0","0.0","0.0","0.0","0.0","0.0"
"cms1j9de60003un1fxpzul81c","2346407","капуста белокочанная","Cabbage, green, raw","green","2026-07-26 08:25:31.663","31.4275","0.96125","0.2275","6.38375","91.87","0.0","0.0","0.0","0.0","0.0","0.0","0.0","0.0","0.0","0.0","0.0","0.0","0.0","0.0","41.84","0.06625","13.86","26.93","207.1","16.1","0.2112","0.0","0.2479","0.0","40.34","0.0","0.0","0.0","0.0","0.1384","0.0","0.0","0.0","0.0","0.0","0.0","59.4","0.0","0.0","0.0","0.0","0.0","0.0","0.0","0.0","0.0","0.0","0.0","0.0","0.0","0.0","0.0","0.0","0.0","0.0","0.0","0.0","0.0","0.0","0.0","0.0"
"cms1j9lv20004un1fy2eyingk","2685575","капуста брюссельская","Brussels sprouts, raw","green","2026-07-26 08:25:42.639","59.485","3.984375","0.565","9.615625","84.62","4.785","0.0","0.0","0.0","0.0","0.0","0.0","0.0","0.0","0.0","0.0","0.0","0.0","0.0","38.64","0.7305","25.0","78.54","476.8","25.74","0.3663","0.03843","0.24","0.0","142.9","0.0","0.0","0.0","0.0","0.0","0.0","86.0","0.0","0.0","0.0","0.0","0.0","0.0","0.0","0.0","0.0","0.0","0.0","0.0","0.0","0.0","0.0","0.0","0.0","0.0","0.0","0.0","0.0","0.0","0.0","0.0","0.0","0.0","0.0","0.0","0.0"
"cms1j9mr90005un1f06hon2cv","170388","капуста савойская","cabbage, savoy, raw","green","2026-07-26 08:25:43.797","27.0","2.0","0.1","6.1","91.0","3.1","2.27","0.0","0.0","0.0","0.0","0.0","0.013","0.007","0.049","0.0","0.0","0.0","0.07","35.0","0.4","28.0","42.0","230.0","28.0","0.27","0.062","0.18","0.9","31.0","0.07","0.03","0.3","0.187","0.19","0.0","80.0","0.0","50.0","0.0","0.17","68.8","0.094","0.02","0.07","0.114","0.197","600.0","0.017","0.445","0.044","0.041","0.9","0.101","0.103","0.0","0.064","0.393","0.0","0.116","0.069","0.02","0.034","0.085","0.0","0.0"
"cms1jdlei0006un1fkhnatb8f","325430","персики","Peaches, raw","green","2026-07-26 08:28:48.667","42.0","0.91","0.27","10.1","88.3","1.5","8.39","4.76","1.95","1.53","0.0","0.08","0.0","0.0","0.0","0.0","0.0","0.0","0.0","4.0","0.34","8.0","22.0","122.0","13.0","0.23","0.078","0.026","2.1","4.1","0.024","0.031","0.806","0.153","0.025","0.0","6.0","0.0","24.0","0.0","0.0","3.0","0.028","0.009","0.027","0.017","0.415","224.0","0.011","0.054","0.02","0.012","0.0","0.016","0.026","0.0","0.018","0.017","0.0","0.031","0.015","0.009","0.014","0.021","0.0","0.0"
"cms1je3lg0007un1ft4bwu9cp","167762","клубника","Strawberries, raw","green","2026-07-26 08:29:12.245","32.0","0.67","0.3","7.68","90.95","2.0","4.89","0.47","1.99","2.44","0.0","0.0","0.015","0.043","0.155","0.0","0.0","0.0","0.245","16.0","0.41","13.0","24.0","153.0","1.0","0.14","0.048","0.386","0.4","58.8","0.024","0.022","0.386","0.125","0.047","0.0","24.0","0.0","1.0","0.0","0.29","2.2","0.026","0.002","0.033","0.028","0.149","7.0","0.006","0.098","0.026","0.012","0.4","0.016","0.034","0.0","0.019","0.02","0.0","0.025","0.02","0.008","0.022","0.019","0.0","0.0"
"cms1je4cq0008un1fkyn94k2j","173954","вишня","cherries, sour, raw","green","2026-07-26 08:29:13.226","50.0","1.0","0.3","12.18","86.13","1.6","8.49","0.8","4.18","3.51","0.0","0.0","0.068","0.082","0.09","0.0","0.0","0.0","0.136","16.0","0.32","9.0","15.0","173.0","3.0","0.1","0.104","0.112","0.0","10.0","0.03","0.04","0.4","0.143","0.044","0.0","8.0","0.0","64.0","0.0","0.07","2.1","0.0","0.0","0.0","0.0","0.0","770.0","0.0","0.0","0.0","0.0","0.0","0.0","0.0","0.0","0.0","0.0","0.0","0.0","0.0","0.0","0.0","0.0","0.0","0.0"
"cms1je7760009un1fug9by5kp","174683","виноград","Grapes, raw","green","2026-07-26 08:29:16.914","69.0","0.72","0.16","18.1","80.5","0.9","15.5","0.15","7.2","8.13","0.0","0.0","0.054","0.007","0.048","0.0","0.0","0.0","0.048","10.0","0.36","7.0","20.0","191.0","2.0","0.07","0.127","0.071","0.1","3.2","0.069","0.07","0.188","0.05","0.086","0.0","2.0","0.0","3.0","0.0","0.19","14.6","0.027","0.009","0.022","0.13","0.038","39.0","0.01","0.081","0.016","0.022","0.9","0.011","0.022","0.0","0.019","0.08","0.0","0.022","0.022","0.011","0.01","0.022","0.0","0.0"
"cms1je8xo000aun1felmg5n0g","173963","смородина","blackcurrants, raw","green","2026-07-26 08:29:19.164","63.0","1.4","0.41","15.4","82.0","5.3","8.55","0.05","4.5","3.8","0.0","0.2","0.034","0.058","0.179","0.0","0.0","0.0","0.179","55.0","1.54","24.0","59.0","322.0","2.0","0.27","0.086","0.256","0.0","181.0","0.05","0.05","0.3","0.398","0.066","0.0","0.0","0.0","12.0","0.0","1.0","0.0","0.0","0.0","0.0","0.0","0.0","60.0","0.0","0.0","0.0","0.0","0.0","0.0","0.0","0.0","0.0","0.0","0.0","0.0","0.0","0.0","0.0","0.0","0.0","0.0"
"cms1jeing000bun1fhtwpxlrr","171722","клюква","Cranberries, raw","green","2026-07-26 08:29:31.756","46.0","0.46","0.13","11.97","87.32","3.6","4.27","0.16","3.44","0.67","0.0","0.0","0.008","0.018","0.055","0.0","0.0","0.0","0.088","8.0","0.23","6.0","11.0","80.0","2.0","0.09","0.056","0.267","0.1","14.0","0.012","0.02","0.101","0.295","0.057","0.0","1.0","0.0","3.0","0.0","1.32","5.0","0.039","0.003","0.049","0.056","0.188","38.0","0.003","0.146","0.048","0.018","0.1","0.033","0.053","0.0","0.036","0.031","0.0","0.051","0.028","0.003","0.032","0.045","0.0","0.0"
"cms1jf1d1000cun1fj1395tes","170416","петрушка","parsley, raw","green","2026-07-26 08:29:56.005","36.0","2.97","0.79","6.33","87.71","3.3","0.85","0.0","0.0","0.0","0.0","0.0","0.132","0.295","0.124","0.0","0.0","0.0","0.238","138.0","6.2","50.0","58.0","554.0","56.0","1.07","0.149","0.16","0.1","133.0","0.086","0.098","1.313","0.4","0.09","0.0","152.0","0.0","421.0","0.0","0.75","1640.0","0.181","0.042","0.195","0.122","0.294","5054.0","0.014","0.249","0.145","0.061","0.1","0.118","0.204","0.0","0.145","0.213","0.0","0.136","0.122","0.045","0.082","0.172","0.0","0.0"
"cms1joon10000un5whbffxtw1","172420","чечевица коричневая","lentils, brown, raw","green","2026-07-26 08:37:26.077","352.0","24.63","1.06","63.35","8.26","10.7","2.03","1.47","0.0","0.27","0.0","0.3","0.154","0.193","0.526","0.0","0.0","0.0","0.94","35.0","6.51","47.0","281.0","677.0","6.0","3.27","0.754","1.393","0.1","4.5","0.873","0.211","2.605","2.14","0.54","0.0","479.0","0.0","2.0","0.0","0.49","5.0","1.72","0.21","1.029","1.903","2.725","23.0","0.322","3.819","1.002","0.693","0.1","1.065","1.786","0.0","1.215","1.029","0.0","1.136","0.882","0.221","0.658","1.223","0.0","0.0"
"cms1jp97c0001un5wbwbdxg56","170286","гречка зеленая","buckwheat, groats, raw","green","2026-07-26 08:37:52.728","343.0","13.2","3.4","71.5","9.75","10.0","2.6","1.7","0.0","0.0","0.0","0.0","0.741","1.04","1.04","0.0","0.0","0.0","1.039","18.0","2.2","231.0","347.0","460.0","1.0","2.4","1.1","1.3","8.3","0.0","0.101","0.425","7.02","1.23","0.21","0.0","30.0","0.0","0.0","0.0","0.32","7.0","0.672","0.172","0.748","0.982","1.13","0.0","0.229","2.05","1.03","0.309","5.7","0.498","0.832","0.0","0.52","0.507","0.0","0.685","0.506","0.192","0.241","0.678","0.0","0.0"
"cms1jpvfe0002un5w6yjoqg9t","2346392","кедровые орехи","Nuts, pine nuts, raw","green","2026-07-26 08:38:21.531","688.614","15.7039","61.27","18.5921","1.925","3.941","0.0","0.0","0.0","0.0","0.0","0.0","0.0","0.0","0.0","0.0","0.0","0.0","0.0","8.736","5.36","205.9","540.0","654.8","0.0","5.713","1.119","10.25","0.0","0.0","0.6253","0.0","4.466","0.0","0.2546","12.9","0.0","0.0","0.0","0.0","0.0","3.2","0.5867","0.33","0.7467","2.663","1.383","0.0","0.0","3.44","0.73","0.37","0.0","0.5667","1.097","0.0","0.5933","1.047","0.0","0.9833","0.4667","0.1467","0.5867","0.7367","0.0","0.0"
"cms1jqabl0003un5wnhh0ucck","2710819","чиа","Seeds, chia seeds, dry","green","2026-07-26 08:38:40.833","517.154","17.013","32.89","38.273","7.451","0.0","0.0","0.0","0.0","0.0","0.0","0.0","0.0","0.0","0.0","0.0","0.0","0.0","0.0","595.4","6.043","326.3","691.3","642.1","0.0","5.556","1.566","7.558","0.0","0.0","0.5","0.0","8.678","0.0","0.2024","14.51","0.0","0.0","0.0","0.0","0.0","0.0","0.0","0.0","0.0","0.0","0.0","0.0","0.0","0.0","0.0","0.0","0.0","0.0","0.0","0.0","0.0","0.0","0.0","0.0","0.0","0.0","0.0","0.0","0.0","0.0"
"cms1jqqga0004un5wuoahnvn6","170929","семена горчицы","mustard seed, raw","green","2026-07-26 08:39:01.738","508.0","26.1","36.2","28.1","5.27","12.2","6.79","3.69","2.88","0.02","0.0","0.0","1.99","22.5","10.1","0.0","0.0","0.0","9.71","266.0","9.21","370.0","828.0","738.0","13.0","6.08","0.645","2.45","208.0","7.1","0.805","0.261","4.73","0.81","0.397","0.0","162.0","0.0","2.0","0.0","5.07","5.4","1.84","0.483","1.17","1.93","2.44","18.0","0.68","5.26","1.59","0.878","0.0","1.18","2.08","0.0","1.17","2.81","0.0","0.759","0.838","0.256","0.809","1.51","0.0","0.0"
"cms1jqqng0005un5w2l7vtyyu","168604","тхина","Tahini","green","2026-07-26 08:39:01.997","592.0","17.4","53.01","21.5","3.0","4.7","0.0","0.0","0.0","0.0","0.0","0.0","7.423","20.016","23.232","0.0","0.0","0.0","46.015","141.0","4.42","95.0","790.0","459.0","35.0","4.62","1.61","0.0","34.4","4.2","1.59","0.12","5.64","0.0","0.15","0.0","98.0","0.0","3.0","0.0","0.0","0.0","0.0","0.0","0.0","0.0","0.0","0.0","0.0","0.0","0.0","0.0","34.4","0.0","0.0","0.0","0.0","0.0","0.0","0.0","0.0","0.0","0.0","0.0","0.0","0.0"
"cms1jtszj0006un5wbhormwv8","170922","кориандр","spices, coriander seed","green","2026-07-26 08:41:24.992","298.0","12.37","17.77","54.99","8.86","41.9","0.0","0.0","0.0","0.0","0.0","0.0","0.99","13.58","1.75","0.0","0.0","0.0","3.5","709.0","16.32","330.0","409.0","1267.0","35.0","4.7","0.975","1.9","26.2","21.0","0.239","0.29","2.13","0.0","0.0","0.0","0.0","0.0","0.0","0.0","0.0","0.0","0.0","0.0","0.0","0.0","0.0","0.0","0.0","0.0","0.0","0.0","26.2","0.0","0.0","0.11","0.0","0.0","0.0","0.0","0.0","0.0","0.0","0.0","0.0","0.0"
"cms1jtuso0007un5w5tg9pquv","170932","кайенский перец","Spices, cayenne pepper","green","2026-07-26 08:41:27.336","318.0","12.01","17.27","56.63","8.05","27.2","10.34","0.0","0.0","0.0","0.0","0.0","3.26","2.75","8.37","0.0","0.0","0.0","16.08","148.0","7.8","152.0","293.0","2014.0","30.0","2.48","0.373","2.0","8.8","76.4","0.328","0.919","8.701","0.0","2.45","0.0","106.0","0.0","2081.0","0.0","29.83","80.3","0.0","0.0","0.0","0.0","0.0","21840.0","0.0","0.0","0.0","0.0","8.8","0.0","0.0","0.0","0.0","0.0","0.0","0.0","0.0","0.0","0.0","0.0","0.0","0.0"
"cms1juenq0008un5wggt4yeb9","173473","розмарин","rosemary, fresh","green","2026-07-26 08:41:53.078","131.0","3.31","5.86","20.7","67.77","14.1","0.0","0.0","0.0","0.0","0.0","0.0","2.838","1.16","0.901","0.0","0.0","0.0","1.308","317.0","6.65","91.0","66.0","668.0","26.0","0.93","0.301","0.96","0.0","21.8","0.036","0.152","0.912","0.804","0.336","0.0","109.0","0.0","146.0","0.0","0.0","0.0","0.143","0.047","0.172","0.153","0.391","0.0","0.037","0.361","0.159","0.066","0.0","0.136","0.249","0.231","0.169","0.136","0.0","0.129","0.136","0.051","0.1","0.165","0.0","0.0"
"cms1jv9530009un5wp64rtl6n","170032","картофель","Potatoes, raw","green","2026-07-26 08:42:32.583","58.0","2.57","0.1","12.44","83.29","2.5","0.0","0.0","0.0","0.0","0.0","0.0","0.026","0.002","0.043","0.0","0.0","0.0","0.07400000000000001","30.0","3.24","23.0","38.0","413.0","10.0","0.35","0.423","0.602","0.3","11.4","0.021","0.038","1.033","0.302","0.239","0.0","17.0","0.0","0.0","0.0","0.0","0.0","0.0","0.0","0.0","0.0","0.0","0.0","0.0","0.0","0.0","0.0","0.3","0.0","0.0","0.004","0.0","0.0","0.0","0.0","0.0","0.0","0.0","0.0","0.0","0.0"
"cms1jv9rv000aun5wstl7mmde","168482","батат","Sweetpotato, raw","green","2026-07-26 08:42:33.403","86.0","1.57","0.05","20.1","77.3","3.0","4.18","2.52","0.96","0.7","0.0","0.0","0.018","0.001","0.014","0.0","0.0","0.0","0.014","30.0","0.61","25.0","47.0","337.0","55.0","0.3","0.151","0.258","0.6","2.4","0.078","0.061","0.557","0.8","0.209","0.0","11.0","0.0","709.0","0.0","0.26","1.8","0.066","0.029","0.077","0.055","0.382","8510.0","0.022","0.155","0.063","0.031","0.0","0.055","0.092","0.0","0.089","0.052","0.0","0.088","0.083","0.031","0.034","0.086","0.0","0.0"
"cms1jwkvy000bun5wf2iaapia","2346405","порошок сельдерея","celery powder","forbidden","2026-07-26 08:43:34.463","16.6973","0.4921875","0.1625","3.3165125","95.2","0.0","0.0","0.0","0.0","0.0","0.0","0.0","0.0","0.0","0.0","0.0","0.0","0.0","0.0","46.28","0.0","10.93","21.6","265.2","97.21","0.0929","0.0","0.076","0.0","0.0","0.0","0.0","0.0","0.0","0.05175","0.0","0.0","0.0","0.0","0.0","0.0","0.0","0.0","0.0","0.0","0.0","0.0","0.0","0.0","0.0","0.0","0.0","0.0","0.0","0.0","0.0","0.0","0.0","0.0","0.0","0.0","0.0","0.0","0.0","0.0","0.0"
"cms1jwyuo000cun5wwgqlywe3","170390","капуста пекинская","Cabbage, chinese, raw","green","2026-07-26 08:43:52.559","13.0","1.5","0.2","2.18","95.32","1.0","1.18","0.0","0.0","0.0","0.0","0.0","0.027","0.015","0.096","0.0","0.0","0.0","0.139","105.0","0.8","19.0","37.0","252.0","65.0","0.19","0.021","0.159","0.5","45.0","0.04","0.07","0.5","0.088","0.194","0.0","66.0","0.0","223.0","0.0","0.09","45.5","0.089","0.009","0.086","0.084","0.108","2681.0","0.017","0.36","0.043","0.026","0.5","0.085","0.088","0.0","0.044","0.031","0.0","0.048","0.049","0.015","0.029","0.066","0.0","0.0"
"cms1jxc8t000dun5w24x2ub7q","169279","капуста квашеная","Sauerkraut","green","2026-07-26 08:44:09.917","19.0","0.91","0.14","4.28","92.52","2.9","1.78","0.0","0.14","0.04","0.0","0.0","0.034","0.013","0.067","0.0","0.0","0.0","0.101","30.0","1.47","13.0","20.0","170.0","661.0","0.19","0.096","0.151","0.6","14.7","0.021","0.022","0.143","0.093","0.13","0.0","24.0","0.0","1.0","0.0","0.14","13.0","0.031","0.009","0.03","0.053","0.087","8.0","0.008","0.209","0.021","0.016","0.6","0.021","0.029","0.0","0.023","0.034","0.0","0.037","0.025","0.008","0.014","0.03","0.0","0.0"
"cms1jz2wg000eun5wzwv02uzu","170400","корень сельдерея","Celeriac, raw","forbidden","2026-07-26 08:45:31.121","42.0","1.5","0.3","9.2","88.0","1.8","1.6","0.0","0.0","0.0","0.0","0.0","0.079","0.058","0.148","0.0","0.0","0.0","0.296","43.0","0.7","20.0","115.0","300.0","100.0","0.33","0.07","0.158","0.7","8.0","0.05","0.06","0.7","0.352","0.165","0.0","8.0","0.0","0.0","0.0","0.36","41.0","0.0","0.0","0.0","0.0","0.0","0.0","0.0","0.0","0.0","0.0","0.7","0.0","0.0","0.0","0.0","0.0","0.0","0.0","0.0","0.0","0.0","0.0","0.0","0.0"
"cms1jzco3000fun5whd537463","168424","кольраби","kohlrabi, raw","green","2026-07-26 08:45:43.78","27.0","1.7","0.1","6.2","91.0","3.6","2.6","0.0","0.0","0.0","0.0","0.0","0.013","0.007","0.048","0.0","0.0","0.0","0.066","24.0","0.4","19.0","46.0","350.0","20.0","0.03","0.129","0.139","0.7","62.0","0.05","0.02","0.4","0.165","0.15","0.0","16.0","0.0","2.0","0.0","0.48","0.1","0.056","0.013","0.0","0.105","0.0","22.0","0.007","0.0","0.0","0.019","0.7","0.078","0.067","0.0","0.039","0.0","0.0","0.0","0.049","0.01","0.0","0.05","0.0","0.0"
"cms1jze6q000gun5wpdxqjo7h","169991","мангольд","Chard, raw","green","2026-07-26 08:45:45.747","19.0","1.8","0.2","3.74","92.66","1.6","1.1","0.0","0.0","0.0","0.0","0.0","0.03","0.04","0.07","0.0","0.0","0.0","0.133","51.0","1.8","81.0","46.0","379.0","213.0","0.36","0.179","0.366","0.9","30.0","0.04","0.09","0.4","0.172","0.099","0.0","14.0","0.0","306.0","0.0","1.89","830.0","0.099","0.019","0.0","0.117","0.0","3647.0","0.0","0.0","0.0","0.036","0.9","0.147","0.13","0.0","0.11","0.0","0.0","0.0","0.083","0.017","0.0","0.11","0.0","0.0"
"cms1jzkgg000hun5w7z9rlab6","168421","кале","kale, raw","green","2026-07-26 08:45:53.872","35.0","2.92","1.49","4.42","89.63","4.1","0.99","0.18","0.4","0.41","0.0","0.0","0.178","0.104","0.673","0.0","0.0","0.003","0.963","254.0","1.6","33.0","55.0","348.0","53.0","0.39","0.053","0.92","0.9","93.4","0.113","0.347","1.18","0.37","0.147","0.0","62.0","0.0","241.0","0.0","0.66","389.6","0.175","0.029","0.147","0.163","0.262","2873.0","0.038","0.331","0.141","0.172","0.9","0.175","0.205","0.0","0.15","0.174","0.0","0.123","0.131","0.035","0.103","0.159","0.0","0.0"
"cms1k0ft3000iun5wxq39ti25","173021","инжир","Figs, raw","green","2026-07-26 08:46:34.504","74.0","0.75","0.3","19.18","79.11","2.9","16.26","0.0","0.0","0.0","0.0","0.0","0.06","0.066","0.144","0.0","0.0","0.0","0.288","35.0","0.37","17.0","14.0","232.0","1.0","0.15","0.07","0.128","0.2","2.0","0.06","0.05","0.4","0.3","0.113","0.0","6.0","0.0","7.0","0.0","0.11","4.7","0.03","0.006","0.045","0.017","0.176","85.0","0.012","0.072","0.025","0.011","0.2","0.023","0.033","0.0","0.018","0.049","0.0","0.037","0.024","0.006","0.032","0.028","0.0","0.0"
"cms1k0zgq000jun5wsg3is7ij","168166","изюм","raisins, raw","green","2026-07-26 08:46:59.978","296.0","2.52","0.54","78.47","16.57","6.8","0.0","0.0","0.0","0.0","0.0","0.0","0.178","0.022","0.159","0.0","0.0","0.0","0.281","28.0","2.59","30.0","75.0","825.0","28.0","0.18","0.302","0.267","0.6","5.4","0.112","0.182","1.114","0.045","0.188","0.0","3.0","0.0","0.0","0.0","0.0","0.0","0.0","0.0","0.0","0.0","0.0","0.0","0.0","0.0","0.0","0.0","0.6","0.0","0.0","0.0","0.0","0.0","0.0","0.0","0.0","0.0","0.0","0.0","0.0","0.0"
"cms1k4qnh0000unbtfbkjnplg","2768193","асафетида","Spices, asafetida","green","2026-07-26 08:49:55.181","342.0","5.76","12.6","69.28","8.46","14.8","7.76","0.0","0.0","0.0","0.0","0.0","6.53","1.102","0.78","0.0","0.0","0.0","1.495","682.0","19.71","136.0","118.0","663.0","52.0","2.37","0.484","15.844","9.3","23.4","0.131","0.137","2.243","0.0","0.4","0.0","24.0","0.0","13.0","0.0","1.93","28.4","0.0","0.0","0.0","0.0","0.0","99.0","0.0","0.0","0.0","0.0","9.3","0.0","0.0","0.0","0.0","0.0","0.0","0.0","0.0","0.0","0.0","0.0","0.0","0.0"
"cms1k6uxo0001unbtxq2h6an9","168565","цукини","Zucchini, raw","green","2026-07-26 08:51:34.044","21.0","2.71","0.4","3.11","92.73","1.1","0.0","0.0","0.0","0.0","0.0","0.0","0.083","0.031","0.169","0.0","0.0","0.0","0.23199999999999998","21.0","0.79","33.0","93.0","459.0","3.0","0.83","0.097","0.196","0.3","34.1","0.042","0.036","0.705","0.367","0.142","0.0","20.0","0.0","25.0","0.0","0.0","0.0","0.151","0.039","0.142","0.115","0.332","0.0","0.029","0.291","0.103","0.059","0.3","0.098","0.159","0.009","0.096","0.085","0.0","0.111","0.066","0.024","0.073","0.123","0.0","0.0"
"cms1k76f30002unbtrtdpa1ar","170465","репа","Turnips, raw","green","2026-07-26 08:51:48.927","28.0","0.9","0.1","6.43","91.87","1.8","3.8","0.0","0.0","0.0","0.0","0.0","0.011","0.006","0.053","0.0","0.0","0.0","0.064","30.0","0.3","11.0","27.0","191.0","67.0","0.27","0.085","0.134","0.7","21.0","0.04","0.03","0.4","0.2","0.09","0.0","15.0","0.0","0.0","0.0","0.03","0.1","0.036","0.011","0.035","0.024","0.063","0.0","0.005","0.13","0.025","0.014","0.7","0.036","0.033","0.0","0.017","0.026","0.0","0.029","0.025","0.009","0.013","0.03","0.0","0.0"
"cms1k7yhj0003unbtjrhsju9p","327046","киви","kiwifruit, green, raw","green","2026-07-26 08:52:25.304","58.0","1.06","0.44","14.0","83.9","3.0","8.99","0.15","4.11","4.35","0.02","0.19","0.0","0.0","0.0","0.0","0.0","0.0","0.0","35.0","0.24","15.7","34.0","198.0","5.0","0.14","0.134","0.064","0.2","74.7","0.027","0.025","0.37","0.206","0.061","0.0","26.0","0.0","4.0","0.0","1.3","40.3","0.055","0.022","0.048","0.073","0.113","52.0","0.028","0.165","0.054","0.024","0.2","0.046","0.059","0.0","0.039","0.04","0.0","0.047","0.043","0.013","0.03","0.052","0.0","0.0"
"cms1k8ayw0004unbtj333u9y6","167640","голубика","Blueberries, wild, raw","green","2026-07-26 08:52:41.48","61.0","1.22","0.76","12.31","85.48","2.6","6.46","0.01","3.1","3.35","0.0","0.0","0.0","0.0","0.0","0.0","0.0","0.0","0.0","13.0","0.37","7.0","29.0","75.0","6.0","0.2","0.03","2.0","0.0","18.3","0.067","0.414","0.597","0.265","0.026","0.0","33.0","0.0","6.0","0.0","1.69","17.2","0.0","0.0","0.0","0.0","0.0","69.0","0.0","0.0","0.0","0.0","0.0","0.0","0.0","0.0","0.0","0.0","0.0","0.0","0.0","0.0","0.0","0.0","0.0","0.0"
"cms1k8x340005unbt260wvrm9","168462","шпинат","spinach, raw","green","2026-07-26 08:53:10.144","23.0","2.86","0.39","3.63","91.4","2.2","0.42","0.07","0.11","0.15","0.0","0.0","0.063","0.01","0.165","0.0","0.0","0.0","0.19","99.0","2.71","79.0","49.0","558.0","79.0","0.53","0.13","0.897","1.0","28.1","0.078","0.189","0.724","0.065","0.195","0.0","194.0","0.0","469.0","0.0","2.03","482.9","0.174","0.053","0.142","0.162","0.24","5626.0","0.035","0.343","0.134","0.064","1.0","0.147","0.223","0.0","0.129","0.112","0.0","0.104","0.122","0.039","0.108","0.161","0.0","0.0"
"cms1k8xjw0006unbtk0lr1frb","172232","базилик","Basil, fresh, raw","green","2026-07-26 08:53:10.748","23.0","3.15","0.64","2.65","92.06","1.6","0.3","0.0","0.02","0.02","0.0","0.0","0.041","0.088","0.389","0.0","0.0","0.0","0.462","177.0","3.17","64.0","56.0","295.0","4.0","0.81","0.385","1.148","0.3","18.0","0.034","0.076","0.902","0.209","0.155","0.0","68.0","0.0","264.0","0.0","0.8","414.8","0.11","0.036","0.132","0.117","0.301","3142.0","0.028","0.277","0.122","0.051","0.3","0.104","0.191","0.0","0.13","0.104","0.0","0.099","0.104","0.039","0.077","0.127","0.0","0.0"
"cms1k9i9m0007unbtgx6t47hq","170937","тархун","tarragon, fresh","green","2026-07-26 08:53:37.595","295.0","22.77","7.24","50.22","7.74","7.4","0.0","0.0","0.0","0.0","0.0","0.0","1.881","0.474","3.698","0.0","0.0","0.0","4.439","1139.0","32.3","347.0","313.0","3020.0","62.0","3.9","0.677","7.967","4.4","50.0","0.251","1.339","8.95","0.0","2.41","0.0","274.0","0.0","210.0","0.0","0.0","0.0","0.0","0.0","0.0","0.0","0.0","0.0","0.0","0.0","0.0","0.0","4.4","0.0","0.0","0.0","0.0","0.0","0.0","0.0","0.0","0.0","0.0","0.0","0.0","0.0"
"cms1k9irr0008unbtzcsk3x2a","173474","мята","Mint, raw","green","2026-07-26 08:53:38.248","70.0","3.75","0.94","14.9","78.6","8.0","8.55","0.05","4.5","3.8","0.0","0.2","0.246","0.033","0.508","0.0","0.0","0.0","0.504","243.0","5.08","80.0","73.0","569.0","31.0","1.11","0.329","1.18","0.0","31.8","0.082","0.266","1.71","0.338","0.129","0.0","114.0","0.0","212.0","0.0","0.0","0.0","0.161","0.053","0.195","0.173","0.443","60.0","0.041","0.409","0.18","0.075","0.0","0.154","0.281","0.0","0.191","0.154","0.0","0.146","0.154","0.058","0.113","0.187","0.0","0.0"
"cms1k9j9i0009unbtn7pqt72h","169997","кинза","Coriander (cilantro) leaves, raw","green","2026-07-26 08:53:38.886","23.0","2.13","0.52","3.67","92.21","2.8","0.87","0.0","0.0","0.0","0.0","0.0","0.014","0.275","0.04","0.0","0.0","0.0","0.08","67.0","1.77","26.0","48.0","521.0","46.0","0.5","0.225","0.426","0.9","27.0","0.067","0.162","1.114","0.57","0.149","0.0","62.0","0.0","337.0","0.0","2.5","310.0","0.0","0.0","0.0","0.0","0.0","3930.0","0.0","0.0","0.0","0.0","0.9","0.0","0.0","0.0","0.0","0.0","0.0","0.0","0.0","0.0","0.0","0.0","0.0","0.0"
"cms1k9s7u000aunbt2otvqwks","169242","грибы шиитаке","Mushrooms, shiitake, raw","green","2026-07-26 08:53:50.49","34.0","2.24","0.49","6.79","89.74","2.5","2.38","0.0","2.38","0.0","0.0","0.0","0.0","0.0","0.0","0.0","0.0","0.0","0.0","2.0","0.41","20.0","112.0","304.0","9.0","1.03","0.142","0.23","5.7","0.0","0.015","0.217","3.877","1.5","0.293","0.0","13.0","0.0","0.0","0.4","0.0","0.0","0.134","0.033","0.167","0.156","0.301","0.0","0.022","0.68","0.145","0.056","5.7","0.111","0.189","0.0","0.111","0.1","0.0","0.145","0.134","0.011","0.078","0.145","0.4","0.0"
"cms1k9swa000bunbtzv5vqvr4","169251","шампиньоны","Mushrooms, white, raw","green","2026-07-26 08:53:51.37","22.0","3.09","0.34","3.26","92.45","1.0","1.98","0.0","1.48","0.17","0.0","0.0","0.05","0.0","0.16","0.0","0.0","0.0","0.32","3.0","0.5","9.0","86.0","318.0","5.0","0.52","0.318","0.047","9.3","2.1","0.081","0.402","3.607","1.497","0.104","0.0","17.0","0.04","0.0","0.2","0.01","0.0","0.107","0.031","0.199","0.078","0.195","0.0","0.012","0.343","0.092","0.057","9.3","0.076","0.12","0.0","0.085","0.076","0.0","0.094","0.107","0.035","0.044","0.232","0.2","0.0"
"cms1k9v98000cunbtk40ic9ue","168458","нори","Seaweed, laver, raw","green","2026-07-26 08:53:54.429","35.0","5.81","0.28","5.11","85.03","0.3","0.49","0.0","0.0","0.0","0.0","0.0","0.061","0.025","0.11","0.0","0.0","0.16899999999999998","0.018000000000000002","70.0","1.8","2.0","58.0","356.0","48.0","1.05","0.264","0.988","0.7","39.0","0.098","0.446","1.47","0.521","0.159","0.0","146.0","0.0","260.0","0.0","1.0","4.0","0.222","0.145","0.651","0.285","0.567","3121.0","0.1","0.547","0.363","0.14","0.7","0.259","0.501","0.0","0.273","0.251","0.0","0.299","0.232","0.043","0.254","0.402","0.0","0.0"
"cms1k9wbb000dunbt133y3v60","173647","вода","Water, tap, drinking","green","2026-07-26 08:53:55.799","0.0","0.0","0.0","0.0","99.9","0.0","0.0","0.0","0.0","0.0","0.0","0.0","0.0","0.0","0.0","0.0","0.0","0.0","0.0","3.0","0.0","1.0","0.0","0.0","4.0","0.01","0.01","0.0","0.0","0.0","0.0","0.0","0.0","0.0","0.0","0.0","0.0","0.0","0.0","0.0","0.0","0.0","0.0","0.0","0.0","0.0","0.0","0.0","0.0","0.0","0.0","0.0","0.0","0.0","0.0","0.0","0.0","0.0","0.0","0.0","0.0","0.0","0.0","0.0","0.0","0.0"
"cms1kao48000eunbt36ultycv","172442","мисо","miso","green","2026-07-26 08:54:31.832","198.0","12.79","6.01","25.37","43.02","5.4","6.2","0.0","0.0","6.0","0.0","0.2","1.025","1.118","2.884","0.0","0.0","0.0","5.363","57.0","2.49","48.0","159.0","210.0","3728.0","2.56","0.42","0.859","7.0","0.0","0.098","0.233","0.906","0.337","0.199","0.0","19.0","0.08","4.0","0.0","0.01","29.3","0.478","0.129","0.5","0.784","1.171","52.0","0.0","1.915","0.447","0.243","7.0","0.508","0.82","0.0","0.486","0.619","0.0","0.601","0.479","0.155","0.352","0.547","0.0","0.0"
"cms1kap01000funbtoeo9w1mk","172442","мисо-паста","miso","forbidden","2026-07-26 08:54:32.976","198.0","12.79","6.01","25.37","43.02","5.4","6.2","0.0","0.0","6.0","0.0","0.2","1.025","1.118","2.884","0.0","0.0","0.0","5.363","57.0","2.49","48.0","159.0","210.0","3728.0","2.56","0.42","0.859","7.0","0.0","0.098","0.233","0.906","0.337","0.199","0.0","19.0","0.08","4.0","0.0","0.01","29.3","0.478","0.129","0.5","0.784","1.171","52.0","0.0","1.915","0.447","0.243","7.0","0.508","0.82","0.0","0.486","0.619","0.0","0.601","0.479","0.155","0.352","0.547","0.0","0.0"
"cms1kb4pq000gunbtzjfb5adh","2346414","яблочное пюре","Applesauce, unsweetened","green","2026-07-26 08:54:53.342","51.6025","0.2734375","0.1625","12.2615625","87.1","0.0","9.663","1.357","2.451","5.855","0.0","0.0","0.0","0.0","0.0","0.0","0.0","0.0","0.0","3.821","0.04475","3.938","9.119","107.7","0.5038","0.002625","0.03905","0.0368","0.0","43.69","0.0","0.0","0.0","0.0","0.0","0.0","0.0","0.0","0.0","0.0","0.0","0.0","0.0","0.0","0.0","0.0","0.0","0.0","0.0","0.0","0.0","0.0","0.0","0.0","0.0","0.0","0.0","0.0","0.0","0.0","0.0","0.0","0.0","0.0","0.0","0.0"
"cms1kpk550000uni2ewtsvztw","170497","острый перец","Peppers, hot chili, green, raw","green","2026-07-26 09:06:06.521","40.0","2.0","0.2","9.46","87.74","1.5","5.1","0.0","0.0","0.0","0.0","0.0","0.021","0.011","0.109","0.0","0.0","0.0","0.213","18.0","1.2","25.0","46.0","340.0","7.0","0.3","0.174","0.237","0.5","242.5","0.09","0.09","0.95","0.061","0.278","0.0","23.0","0.0","59.0","0.0","0.69","14.3","0.089","0.024","0.082","0.096","0.286","671.0","0.038","0.264","0.074","0.041","0.5","0.065","0.105","0.0","0.062","0.087","0.0","0.08","0.074","0.026","0.042","0.084","0.0","0.0"
"cms1kq11n0001uni2tz27eb5k","168155","лайм","Limes, raw","green","2026-07-26 09:06:28.427","30.0","0.7","0.2","10.54","88.26","2.8","1.69","0.0","0.0","0.0","0.0","0.0","0.022","0.019","0.055","0.0","0.0","0.0","0.091","33.0","0.6","6.0","18.0","102.0","2.0","0.11","0.065","0.008","0.4","29.1","0.03","0.02","0.2","0.217","0.043","0.0","8.0","0.0","2.0","0.0","0.22","0.6","0.014","0.002","0.0","0.0","0.0","30.0","0.0","0.0","0.0","0.0","0.4","0.0","0.0","0.0","0.0","0.0","0.0","0.0","0.0","0.003","0.0","0.0","0.0","0.0"
"cms1kqa7j0002uni2xikmqp4u","171697","абрикосы","apricots, raw","green","2026-07-26 09:06:40.303","48.0","1.4","0.39","11.12","86.35","2.0","9.24","5.87","2.37","0.94","0.0","0.06","0.027","0.17","0.077","0.0","0.0","0.0","0.154","13.0","0.39","10.0","23.0","259.0","1.0","0.2","0.078","0.077","0.1","10.0","0.03","0.04","0.6","0.24","0.054","0.0","9.0","0.0","96.0","0.0","0.89","3.3","0.097","0.006","0.068","0.045","0.314","1094.0","0.003","0.157","0.04","0.027","0.1","0.041","0.077","0.0","0.052","0.101","0.0","0.083","0.047","0.015","0.029","0.047","0.0","0.0"
"cms1kqxby0003uni2zwb87hgw","172233","укроп","dill weed, raw","green","2026-07-26 09:07:10.271","43.0","3.46","1.12","7.02","85.95","2.1","0.0","0.0","0.0","0.0","0.0","0.0","0.06","0.802","0.095","0.0","0.0","0.0","0.177","208.0","6.59","55.0","66.0","738.0","61.0","0.91","0.146","1.264","0.0","85.0","0.058","0.296","1.57","0.397","0.185","0.0","150.0","0.0","386.0","0.0","0.0","0.0","0.246","0.011","0.227","0.142","0.343","0.0","0.017","0.29","0.169","0.071","0.0","0.195","0.159","0.009","0.065","0.248","0.0","0.158","0.068","0.014","0.096","0.154","0.0","0.0"
"cms1kt8kd0004uni2dhmnliky","168457","порошок ламинарии","Seaweed, kelp, raw","green","2026-07-26 09:08:58.141","43.0","1.68","0.56","9.57","81.58","1.3","0.6","0.0","0.0","0.0","0.0","0.0","0.247","0.098","0.047","0.0","0.0","0.02","0.055999999999999994","168.0","2.85","121.0","42.0","89.0","233.0","1.23","0.13","0.2","0.7","3.0","0.05","0.15","0.47","0.642","0.002","0.0","180.0","0.0","6.0","0.0","0.87","66.0","0.082","0.025","0.122","0.065","0.125","70.0","0.098","0.268","0.1","0.024","0.7","0.076","0.083","0.0","0.043","0.073","0.0","0.098","0.055","0.048","0.026","0.072","0.0","0.0"
"cms1ku2vy0005uni2rj16fj1p","171726","финиковая паста","Dates, deglet noor, raw","forbidden","2026-07-26 09:09:37.439","282.0","2.45","0.39","75.03","20.53","8.0","63.35","23.84","19.87","19.56","0.0","0.12","0.032","0.036","0.019","0.0","0.0","0.0","0.035","39.0","1.02","43.0","62.0","656.0","2.0","0.29","0.206","0.262","3.0","0.4","0.052","0.066","1.274","0.589","0.165","0.0","19.0","0.0","0.0","0.0","0.05","2.7","0.066","0.022","0.083","0.136","0.213","6.0","0.067","0.359","0.101","0.032","3.0","0.049","0.084","0.0","0.05","0.13","0.0","0.057","0.043","0.012","0.015","0.071","0.0","0.0"
"cms1kuj6a0006uni2mgmzryoi","174832","миндальное молоко","Almond milk","green","2026-07-26 09:09:58.546","15.0","0.4","0.96","1.31","96.5","0.2","0.81","0.81","0.0","0.0","0.0","0.0","0.08","0.59","0.24","0.0","0.0","0.0","0.252","184.0","0.28","6.0","9.0","67.0","72.0","0.06","0.02","0.04","0.1","0.0","0.0","0.01","0.07","0.01","0.0","0.0","1.0","0.0","0.0","1.0","6.33","0.0","0.0","0.0","0.0","0.0","0.0","0.0","0.0","0.0","0.0","0.0","4.0","0.0","0.0","0.0","0.0","0.0","0.0","0.0","0.0","0.0","0.0","0.0","0.0","1.0"
"cms1kuk8e0008uni2xcp9zmj7","170162","кешью-жмых","cashew meal","green","2026-07-26 09:09:59.919","553.0","18.2","43.8","30.2","5.2","3.3","5.91","5.81","0.05","0.05","0.0","0.0","7.78","23.8","7.84","0.0","0.0","0.0","7.842","37.0","6.68","292.0","593.0","660.0","12.0","5.78","2.2","1.66","19.9","0.5","0.423","0.058","1.06","0.864","0.417","0.0","25.0","0.0","0.0","0.0","0.9","34.1","0.928","0.362","0.837","2.12","1.8","0.0","0.393","4.51","0.937","0.456","42.3","0.789","1.47","0.0","0.951","0.812","0.0","1.08","0.688","0.287","0.508","1.09","0.0","0.0"
"cms1kukmf0009uni297uxwe9f","170160","миндальная паста","almond paste","forbidden","2026-07-26 09:10:00.423","458.0","9.0","27.74","47.81","14.08","4.8","36.25","0.0","0.0","0.0","0.0","0.0","2.629","18.012","5.821","0.0","0.0","0.0","11.350999999999999","172.0","1.6","130.0","258.0","314.0","9.0","1.48","0.454","0.856","4.2","0.1","0.082","0.414","1.422","0.113","0.036","0.0","73.0","0.0","0.0","0.0","13.54","0.0","0.0","0.0","0.0","0.0","0.0","0.0","0.0","0.0","0.0","0.0","4.2","0.0","0.0","0.0","0.0","0.0","0.0","0.0","0.0","0.0","0.0","0.0","0.0","0.0"
"cms1kvzgj000auni26g91gd2o","168872","овсяные отруби","oat bran, raw","green","2026-07-26 09:11:06.308","246.0","17.3","7.03","66.22","6.55","15.4","1.45","0.0","0.0","0.0","0.0","0.0","1.328","2.376","2.766","0.0","0.0","0.0","5.411","58.0","5.41","235.0","734.0","566.0","4.0","3.11","0.403","5.63","45.2","0.0","1.17","0.22","0.934","1.494","0.165","0.0","52.0","0.0","0.0","0.0","1.01","3.2","0.76","0.335","0.872","1.279","1.576","0.0","0.576","3.748","0.947","0.41","45.2","0.668","1.374","0.0","0.908","0.982","0.0","0.89","0.502","0.335","0.668","0.964","0.0","0.0"
"cms1kw0ed000buni229m2ouya","2685580","томатная паста","tomato paste, canned","green","2026-07-26 09:11:07.525","104.2825","4.234375","0.7325","20.188125","71.93","4.704","11.693","0.0","5.685","6.008","0.0","0.0","0.0","0.0","0.0","0.0","0.0","0.0","0.0","36.85","3.185","49.61","91.16","971.6","61.15","0.5113","0.295","0.3315","0.0","18.4","0.0","0.0","0.0","0.0","0.0","0.0","0.0","0.0","0.0","0.0","0.0","0.0","0.0","0.0","0.0","0.0","0.0","0.0","0.0","0.0","0.0","0.0","0.0","0.0","0.0","0.0","0.0","0.0","0.0","0.0","0.0","0.0","0.0","0.0","0.0","0.0"
"cms1kw9qk000cuni2bpyhn44j","2644282","нут рисовый","Chickpeas (garbanzo beans, bengal gram), raw","green","2026-07-26 09:11:19.628","382.998","21.275","6.274","60.358","8.774","0.0","0.0","0.0","0.0","0.0","0.0","0.0","0.0","0.0","0.0","0.0","0.0","0.0","0.0","111.1","5.094","134.8","353.1","1074.0","8.779","3.124","0.8041","3.581","0.0","0.0","0.0","0.0","0.0","0.0","0.0","0.0","0.0","0.0","0.0","0.0","0.0","0.0","0.0","0.0","0.0","0.0","0.0","0.0","0.0","0.0","0.0","0.0","0.0","0.0","0.0","0.0","0.0","0.0","0.0","0.0","0.0","0.0","0.0","0.0","0.0","0.0"
"cms1kwcm2000duni2qq7hhogb","2685576","порошок свёклы","beets, powder","green","2026-07-26 09:11:23.354","44.6205","1.6875","0.3025","8.787","88.16","3.119","5.1015","4.289","0.305","0.5075","0.0","0.0","0.0","0.0","0.0","0.0","0.0","0.0","0.0","13.82","0.4281","21.01","33.65","341.5","111.6","0.3104","0.1606","0.2571","0.0","4.6","0.0","0.0","0.0","0.0","0.0","0.0","103.0","0.0","0.0","0.0","0.0","0.0","0.0","0.0","0.0","0.0","0.0","0.0","0.0","0.0","0.0","0.0","0.0","0.0","0.0","0.0","0.0","0.0","0.0","0.0","0.0","0.0","0.0","0.0","0.0","0.0"
"cms1lwpe60000unv9zpl58ozs","171329","паприка испанская","paprika, spanish, raw","green","2026-07-26 09:39:39.535","282.0","14.1","12.9","54.0","11.2","34.9","10.3","0.81","2.63","6.71","0.0","0.0","2.14","1.7","7.77","0.0","0.0","0.0","7.763","229.0","21.1","178.0","314.0","2280.0","68.0","4.33","0.713","1.59","6.3","0.9","0.33","1.23","10.1","2.51","2.14","0.0","49.0","0.0","2460.0","0.0","29.1","80.3","0.69","0.2","0.64","0.89","2.85","26200.0","0.23","2.26","0.78","0.25","7.2","0.57","0.92","0.0","0.61","2.31","0.0","0.61","0.49","0.07","0.38","0.75","0.0","0.0"
"cms1ly9hk0001unv9jvrrjumx","168872","отруби овсяные","Oats, bran, raw","green","2026-07-26 09:40:52.231","246.0","17.3","7.03","66.22","6.55","15.4","1.45","0.0","0.0","0.0","0.0","0.0","1.328","2.376","2.766","0.0","0.0","0.0","5.411","58.0","5.41","235.0","734.0","566.0","4.0","3.11","0.403","5.63","45.2","0.0","1.17","0.22","0.934","1.494","0.165","0.0","52.0","0.0","0.0","0.0","1.01","3.2","0.76","0.335","0.872","1.279","1.576","0.0","0.576","3.748","0.947","0.41","45.2","0.668","1.374","0.0","0.908","0.982","0.0","0.89","0.502","0.335","0.668","0.964","0.0","0.0"
"cms1lyg7e0002unv93n71uoim","170929","семена горчицы желтые","Spices, mustard seed, ground","green","2026-07-26 09:41:00.939","508.0","26.08","36.24","28.09","5.27","12.2","6.79","3.69","2.88","0.02","0.0","0.0","1.989","22.518","10.088","0.0","0.0","0.0","15.634","266.0","9.21","370.0","828.0","738.0","13.0","6.08","0.645","2.448","208.1","7.1","0.805","0.261","4.733","0.81","0.397","0.0","162.0","0.0","2.0","0.0","5.07","5.4","1.844","0.483","1.173","1.933","2.435","18.0","0.68","5.265","1.587","0.878","208.1","1.183","2.08","0.0","1.173","2.81","0.0","0.759","0.838","0.256","0.809","1.509","0.0","0.0"
"cms1lz1u60003unv99tgpmmef","170425","зеленый горошек замороженный","Peas, green, frozen, unprepared","forbidden","2026-07-26 09:41:28.974","53.0","3.4","0.47","11.15","84.36","3.4","0.0","0.0","0.0","0.0","0.0","0.0","0.084","0.039","0.221","0.0","0.0","0.0","0.402","27.0","1.09","18.0","60.0","194.0","79.0","0.52","0.089","0.235","1.2","11.2","0.19","0.081","1.412","0.199","0.101","0.0","36.0","0.0","475.0","0.0","0.0","0.0","0.193","0.049","0.154","0.257","0.324","0.0","0.021","0.483","0.114","0.066","1.2","0.123","0.197","0.0","0.124","0.108","0.0","0.114","0.127","0.024","0.071","0.147","0.0","0.0"
"cms1lzjci0004unv97p3se4tb","2644281","фасоль каннеллини","beans, cannellini, raw","green","2026-07-26 09:41:51.666","345.223","21.5625","2.199","59.7955","12.3","0.0","0.0","0.0","0.0","0.0","0.0","0.0","0.0","0.0","0.0","0.0","0.0","0.0","0.0","142.9","6.673","153.6","412.3","1424.0","0.0","2.72","0.7419","1.784","0.0","0.0","0.0","0.0","0.0","0.0","0.0","0.0","0.0","0.0","0.0","0.0","0.0","0.0","0.0","0.0","0.0","0.0","0.0","0.0","0.0","0.0","0.0","0.0","0.0","0.0","0.0","0.0","0.0","0.0","0.0","0.0","0.0","0.0","0.0","0.0","0.0","0.0"
"cms1m00sy0005unv9h2qdr2ql","175208","черноглазый горох","Cowpeas, blackeyed, mature seeds, raw","green","2026-07-26 09:42:14.29","343.0","23.85","2.07","59.64","11.05","10.7","0.0","0.0","0.0","0.0","0.0","0.0","0.542","0.173","0.889","0.0","0.0","0.0","1.452","85.0","9.95","333.0","438.0","1375.0","58.0","6.11","1.059","1.544","9.1","1.5","0.68","0.17","2.795","1.511","0.361","0.0","639.0","0.0","2.0","0.0","0.0","0.0","1.614","0.34","1.088","1.652","2.881","0.0","0.263","4.518","0.985","0.74","9.1","0.969","1.828","0.087","1.393","1.072","0.0","1.194","0.908","0.294","0.771","1.137","0.0","0.0"
"cms1m0b440006unv9wopy9quj","169726","дикий рис","Wild rice, raw","green","2026-07-26 09:42:27.653","357.0","14.73","1.08","74.9","7.76","6.2","2.5","0.67","0.0","0.0","0.0","0.0","0.156","0.159","0.676","0.0","0.0","0.0","1.054","21.0","1.96","177.0","433.0","427.0","7.0","5.96","0.524","1.329","2.8","0.0","0.115","0.262","6.733","1.074","0.391","0.0","95.0","0.0","1.0","0.0","0.82","1.9","0.629","0.438","0.825","1.136","1.419","11.0","0.174","2.565","0.672","0.384","2.8","0.618","1.018","0.0","0.721","0.519","0.0","0.778","0.469","0.179","0.622","0.858","0.0","0.0"
"cms1m46ee0007unv9xkv79int","169699","кус-кус","couscous, dry","green","2026-07-26 09:45:28.167","376.0","12.76","0.64","77.43","8.56","5.0","0.0","0.0","0.0","0.0","0.0","0.0","0.117","0.089","0.252","0.0","0.0","0.0","0.492","24.0","1.08","44.0","170.0","166.0","10.0","0.83","0.247","0.78","0.0","0.0","0.163","0.078","3.49","1.243","0.11","0.0","20.0","0.0","0.0","0.0","0.0","0.0","0.245","0.199","0.374","0.47","0.521","0.0","0.36","4.6","0.403","0.259","0.0","0.493","0.872","0.006","0.62","1.404","0.0","0.601","0.337","0.163","0.335","0.544","0.0","0.0"
"cms1m5pbq0008unv9wu0dhxzc","2261421","толокно","flour, oat","green","2026-07-26 09:46:39.35","389.125","13.16875","6.309","69.91725","8.859","10.5","0.0","0.0","0.0","0.0","0.0","0.0","0.0","0.0","0.0","0.0","0.0","0.0","0.0","42.81","3.997","125.3","371.8","373.1","3.619","2.754","0.4434","3.257","38.2","0.0","0.39","0.1613","1.945","0.0","0.1476","20.15","34.69","0.0","0.0","0.0","0.0","0.0","0.0","0.0","0.0","0.0","0.0","0.0","0.0","0.0","0.0","0.0","38.2","0.0","0.0","0.0","0.0","0.0","0.0","0.0","0.0","0.0","0.0","0.0","0.0","0.0"
"cms1m6d6t0009unv98tea2tvb","2768194","отруби ржаные","Bran, rye","green","2026-07-26 09:47:10.277","259.0","8.5","3.3","48.3","37.3","5.8","3.85","0.0","0.0","0.0","0.0","0.0","0.626","1.311","0.799","0.0","0.0","0.0","1.5379999999999998","73.0","2.83","40.0","125.0","166.0","603.0","1.14","0.186","0.824","30.9","0.4","0.434","0.335","3.805","0.44","0.075","0.0","110.0","0.0","0.0","0.0","0.33","1.2","0.233","0.139","0.299","0.325","0.442","4.0","0.173","2.603","0.302","0.182","30.9","0.319","0.579","0.0","0.411","0.909","0.0","0.417","0.255","0.096","0.213","0.379","0.0","0.0"
"cms1m6xh2000aunv9brm98eor","168918","теф","Teff, raw","green","2026-07-26 09:47:36.567","101.0","3.87","0.65","19.86","74.93","2.8","0.0","0.0","0.0","0.0","0.0","0.0","0.0","0.0","0.0","0.0","0.0","0.0","0.0","49.0","2.05","50.0","120.0","107.0","8.0","1.11","0.226","2.86","0.0","0.0","0.183","0.033","0.909","0.0","0.097","0.0","18.0","0.0","0.0","0.0","0.0","0.0","0.109","0.125","0.218","0.151","0.239","0.0","0.069","0.975","0.139","0.088","0.0","0.146","0.311","0.0","0.203","0.193","0.0","0.181","0.149","0.041","0.133","0.2","0.0","0.0"
"cms1m7dww000bunv9paht04xe","2768195","фрике","freekeh, raw","green","2026-07-26 09:47:57.871","69.0","1.5","0.1","17.6","79.9","5.3","8.55","0.05","4.5","3.8","0.0","0.2","0.014","0.0","0.0","0.0","0.0","0.0","0.0","8.0","1.61","24.0","47.0","304.0","20.0","0.31","0.057","0.182","0.0","54.1","0.0","0.0","0.0","0.0","0.0","0.0","0.0","0.0","5.0","0.0","0.0","0.0","0.0","0.0","0.0","0.0","0.0","60.0","0.0","0.0","0.0","0.0","0.0","0.0","0.0","0.0","0.0","0.0","0.0","0.0","0.0","0.0","0.0","0.0","0.0","0.0"
"cms1mhdk50000unyt6zbenw8f","2685575","пророщенный нут","chickpeas, sprouted, raw","green","2026-07-26 09:55:43.973","59.485","3.984375","0.565","9.615625","84.62","4.785","0.0","0.0","0.0","0.0","0.0","0.0","0.0","0.0","0.0","0.0","0.0","0.0","0.0","38.64","0.7305","25.0","78.54","476.8","25.74","0.3663","0.03843","0.24","0.0","142.9","0.0","0.0","0.0","0.0","0.0","0.0","86.0","0.0","0.0","0.0","0.0","0.0","0.0","0.0","0.0","0.0","0.0","0.0","0.0","0.0","0.0","0.0","0.0","0.0","0.0","0.0","0.0","0.0","0.0","0.0","0.0","0.0","0.0","0.0","0.0","0.0"
"cms1mhgmh0001unytyb8l73ad","2346400","стручковая фасоль","Beans, green, raw","green","2026-07-26 09:55:47.946","39.9998","1.96875","0.275","7.41245","89.66","3.011","2.3338","0.0775","1.33","0.9263","0.0","0.0","0.0","0.0","0.0","0.0","0.0","0.0","0.0","40.05","0.6516","28.21","41.15","290.4","0.0","0.3498","0.09829","0.3324","0.0","0.0","0.06","0.0","0.7313","0.0","0.121","0.0","0.0","0.0","0.0","0.0","0.0","43.9","0.0","0.0","0.0","0.0","0.0","0.0","0.0","0.0","0.0","0.0","0.0","0.0","0.0","0.0","0.0","0.0","0.0","0.0","0.0","0.0","0.0","0.0","0.0","0.0"
"cms1mhy2z0002unytwf3wuqcr","174256","фасоль мунг","Mung beans, mature seeds, raw","green","2026-07-26 09:56:10.571","347.0","23.86","1.15","62.62","9.05","16.3","6.6","0.0","0.0","0.0","0.0","0.0","0.348","0.161","0.384","0.0","0.0","0.0","0.741","132.0","6.74","189.0","367.0","1246.0","15.0","2.68","0.941","1.035","8.2","4.8","0.621","0.233","2.251","1.91","0.382","0.0","625.0","0.0","6.0","0.0","0.51","9.0","1.664","0.286","1.05","1.672","2.756","68.0","0.21","4.264","0.954","0.695","8.2","1.008","1.847","0.0","1.443","1.095","0.0","1.176","0.782","0.26","0.714","1.237","0.0","0.0"
"cms1mik6f0003unytri968t7o","168411","эдамаме","edamame, frozen, raw","green","2026-07-26 09:56:39.207","121.0","11.91","5.2","8.91","72.77","5.2","2.18","1.12","0.0","0.12","0.0","0.95","0.62","1.282","2.156","0.009","0.0","0.364","3.942","63.0","2.27","64.0","169.0","436.0","6.0","1.37","0.345","1.024","0.8","6.1","0.2","0.155","0.915","0.395","0.1","0.0","311.0","0.0","15.0","0.0","0.68","26.7","0.745","0.141","0.446","0.724","1.348","175.0","0.124","2.02","0.434","0.267","0.8","0.3","0.745","0.0","0.488","0.686","0.0","0.665","0.331","0.126","0.336","0.324","0.0","0.0"
"cms1ncr7a0000unch9kw69eqr","170106","перец острый красный","peppers raw","green","2026-07-26 10:20:07.99","40.0","1.87","0.44","8.81","88.0","1.5","5.3","0.0","0.0","0.0","0.0","0.0","0.042","0.024","0.239","0.0","0.0","0.0","0.239","14.0","1.03","23.0","43.0","322.0","9.0","0.26","0.129","0.187","0.5","144.0","0.072","0.086","1.24","0.201","0.506","0.0","23.0","0.0","48.0","0.0","0.69","14.0","0.089","0.024","0.082","0.096","0.286","534.0","0.038","0.264","0.074","0.041","0.3","0.065","0.105","0.0","0.062","0.087","0.0","0.08","0.074","0.026","0.042","0.084","0.0","0.0"
"cms1nct4y0001unchh6r8tfx7","171697","абрикос свежий","apricots raw","green","2026-07-26 10:20:10.499","48.0","1.4","0.39","11.12","86.35","2.0","9.24","5.87","2.37","0.94","0.0","0.06","0.027","0.17","0.077","0.0","0.0","0.0","0.154","13.0","0.39","10.0","23.0","259.0","1.0","0.2","0.078","0.077","0.1","10.0","0.03","0.04","0.6","0.24","0.054","0.0","9.0","0.0","96.0","0.0","0.89","3.3","0.097","0.006","0.068","0.045","0.314","1094.0","0.003","0.157","0.04","0.027","0.1","0.041","0.077","0.0","0.052","0.101","0.0","0.083","0.047","0.015","0.029","0.047","0.0","0.0"
"cms1ncttw0002unchg32c8zh1","170400","сельдерей корневой очищенный","celeriac raw","forbidden","2026-07-26 10:20:11.396","42.0","1.5","0.3","9.2","88.0","1.8","1.6","0.0","0.0","0.0","0.0","0.0","0.079","0.058","0.148","0.0","0.0","0.0","0.296","43.0","0.7","20.0","115.0","300.0","100.0","0.33","0.07","0.158","0.7","8.0","0.05","0.06","0.7","0.352","0.165","0.0","8.0","0.0","0.0","0.0","0.36","41.0","0.0","0.0","0.0","0.0","0.0","0.0","0.0","0.0","0.0","0.0","0.7","0.0","0.0","0.0","0.0","0.0","0.0","0.0","0.0","0.0","0.0","0.0","0.0","0.0"
"cms1nctwp0003unchdipid72y","170465","репа белая","turnip raw","green","2026-07-26 10:20:11.497","28.0","0.9","0.1","6.43","91.87","1.8","3.8","0.0","0.0","0.0","0.0","0.0","0.011","0.006","0.053","0.0","0.0","0.0","0.064","30.0","0.3","11.0","27.0","191.0","67.0","0.27","0.085","0.134","0.7","21.0","0.04","0.03","0.4","0.2","0.09","0.0","15.0","0.0","0.0","0.0","0.03","0.1","0.036","0.011","0.035","0.024","0.063","0.0","0.005","0.13","0.025","0.014","0.7","0.036","0.033","0.0","0.017","0.026","0.0","0.029","0.025","0.009","0.013","0.03","0.0","0.0"
"cms1ncvuj0004unchxggwexjy","172233","укроп свежий","dill weed fresh","green","2026-07-26 10:20:14.011","43.0","3.46","1.12","7.02","85.95","2.1","0.0","0.0","0.0","0.0","0.0","0.0","0.06","0.802","0.095","0.0","0.0","0.0","0.177","208.0","6.59","55.0","66.0","738.0","61.0","0.91","0.146","1.264","0.0","85.0","0.058","0.296","1.57","0.397","0.185","0.0","150.0","0.0","386.0","0.0","0.0","0.0","0.246","0.011","0.227","0.142","0.343","0.0","0.017","0.29","0.169","0.071","0.0","0.195","0.159","0.009","0.065","0.248","0.0","0.158","0.068","0.014","0.096","0.154","0.0","0.0"
"cms1ncvvx0005unchtkl9b51t","168155","лайм свежий","limes raw","green","2026-07-26 10:20:14.062","30.0","0.7","0.2","10.54","88.26","2.8","1.69","0.0","0.0","0.0","0.0","0.0","0.022","0.019","0.055","0.0","0.0","0.0","0.091","33.0","0.6","6.0","18.0","102.0","2.0","0.11","0.065","0.008","0.4","29.1","0.03","0.02","0.2","0.217","0.043","0.0","8.0","0.0","2.0","0.0","0.22","0.6","0.014","0.002","0.0","0.0","0.0","30.0","0.0","0.0","0.0","0.0","0.4","0.0","0.0","0.0","0.0","0.0","0.0","0.0","0.0","0.003","0.0","0.0","0.0","0.0"
"cms1ncvwg0006unch2iita2yv","2644288","нут консервированный","chickpeas canned","green","2026-07-26 10:20:14.081","137.22","7.01875","3.096","20.32025","68.59","0.0","0.0","0.0","0.0","0.0","0.0","0.0","0.0","0.0","0.0","0.0","0.0","0.0","0.0","40.48","1.042","28.41","86.48","136.8","201.7","0.7243","0.2674","0.7448","0.0","0.0","0.0","0.0","0.0","0.0","0.0","0.0","0.0","0.0","0.0","0.0","0.0","0.0","0.0","0.0","0.0","0.0","0.0","0.0","0.0","0.0","0.0","0.0","0.0","0.0","0.0","0.0","0.0","0.0","0.0","0.0","0.0","0.0","0.0","0.0","0.0","0.0"
"cms1ncxwq0007unch9e66yc9y","1999630","соевое молоко несладкое","soy milk unsweetened","green","2026-07-26 10:20:16.683","38.485","3.546875","2.125","1.293125","92.4","0.0","0.5569","0.5569","0.0","0.0","0.0","0.0","0.3138","0.4163","1.154","0.0","0.0","0.1664","0.0","101.0","0.5416","21.54","68.65","158.2","34.28","0.3118","0.1078","0.2077","1.942","0.0","0.06319","0.084","0.2356","0.0","0.05525","3.338","19.69","0.3931","58.2","0.681","0.1557","0.0","0.2206","0.04625","0.1394","0.2688","0.3963","0.0","0.0","0.6194","0.1413","0.0975","0.0","0.145","0.2494","0.0","0.175","0.137","58.23","0.1675","0.1281","0.04625","0.1238","0.1419","0.6814","0.0"
"cms1nd24q0008unch8emor4m5","2346400","зеленая фасоль","green beans raw","green","2026-07-26 10:20:22.154","39.9998","1.96875","0.275","7.41245","89.66","3.011","2.3338","0.0775","1.33","0.9263","0.0","0.0","0.0","0.0","0.0","0.0","0.0","0.0","0.0","40.05","0.6516","28.21","41.15","290.4","0.0","0.3498","0.09829","0.3324","0.0","0.0","0.06","0.0","0.7313","0.0","0.121","0.0","0.0","0.0","0.0","0.0","0.0","43.9","0.0","0.0","0.0","0.0","0.0","0.0","0.0","0.0","0.0","0.0","0.0","0.0","0.0","0.0","0.0","0.0","0.0","0.0","0.0","0.0","0.0","0.0","0.0","0.0"
"cms1nd6bf0009unchsv55samy","174284","дал красный","red lentils","green","2026-07-26 10:20:27.579","358.0","23.91","2.17","63.1","7.82","10.8","0.0","0.0","0.0","0.0","0.0","0.0","0.379","0.5","1.137","0.0","0.0","0.0","2.0220000000000002","48.0","7.39","59.0","294.0","668.0","7.0","3.6","1.303","1.716","0.0","1.7","0.51","0.106","1.495","0.348","0.403","0.0","204.0","0.0","3.0","0.0","0.0","0.0","1.74","0.212","1.042","1.928","2.758","35.0","0.327","3.868","1.014","0.702","0.0","1.078","1.809","0.042","1.23","1.042","0.0","1.15","0.895","0.223","0.667","1.238","0.0","0.0"
"cms1nd6c3000aunch9ajvhoyh","2644283","дал желтый","yellow lentils","green","2026-07-26 10:20:27.604","360.285","23.56875","1.925","62.17125","9.451","0.0","0.0","0.0","0.0","0.0","0.0","0.0","0.0","0.0","0.0","0.0","0.0","0.0","0.0","61.85","7.158","106.7","373.6","948.9","0.0","3.863","0.8376","1.569","0.0","0.0","0.0","0.0","0.0","0.0","0.0","0.0","0.0","0.0","0.0","0.0","0.0","0.0","0.0","0.0","0.0","0.0","0.0","0.0","0.0","0.0","0.0","0.0","0.0","0.0","0.0","0.0","0.0","0.0","0.0","0.0","0.0","0.0","0.0","0.0","0.0","0.0"
"cms1nd8bk000bunchwkorhxz8","2710838","красный рис","red rice","green","2026-07-26 10:20:30.176","369.828","8.5625","3.44","76.1545","10.51","4.198","0.0","0.0","0.0","0.0","0.0","0.0","0.0","0.0","0.0","0.0","0.0","0.0","0.0","9.224","1.198","125.5","313.9","245.1","0.4375","2.563","0.269","2.629","0.0","0.0","0.3388","0.0","6.676","0.0","0.1368","4.788","0.0","0.0","0.0","0.0","0.0","0.0","0.0","0.0","0.0","0.0","0.0","0.0","0.0","0.0","0.0","0.0","0.0","0.0","0.0","0.0","0.0","0.0","0.0","0.0","0.0","0.0","0.0","0.0","0.0","0.0"
"cms1ndabj000cunchuyjs39aw","171656","кукурузная крупа","corn grits","green","2026-07-26 10:20:32.767","343.0","7.31","2.14","78.42","7.2","4.2","1.51","1.51","0.0","0.0","0.0","0.0","0.362","0.395","0.967","0.0","0.0","0.0","1.9040000000000001","378.0","38.75","28.0","72.0","135.0","1121.0","0.41","0.03","0.205","17.1","0.0","1.946","0.697","9.002","0.242","0.14","0.0","176.0","0.0","0.0","0.0","0.05","0.0","0.0","0.0","0.0","0.0","0.0","1.0","0.0","0.0","0.0","0.0","17.1","0.0","0.0","0.0","0.0","0.0","0.0","0.0","0.0","0.0","0.0","0.0","0.0","0.0"
"cms1nde3v000dunch11bnxjtn","169722","отруби пшеничные","wheat bran","green","2026-07-26 10:20:37.676","216.0","15.55","4.25","64.51","9.89","42.8","0.41","0.0","0.0","0.0","0.0","0.0","0.63","0.637","2.212","0.0","0.0","0.005","4.25","73.0","10.57","611.0","1013.0","1182.0","2.0","7.27","0.998","11.5","77.6","0.0","0.523","0.577","13.578","2.181","1.303","0.0","79.0","0.0","0.0","0.0","1.49","1.9","0.6","0.234","0.765","1.087","1.13","6.0","0.371","2.874","0.898","0.43","77.6","0.486","0.928","0.0","0.595","0.882","0.0","0.684","0.5","0.282","0.436","0.726","0.0","0.0"
"cms1ndesp000eunchxif19tdc","168890","пшеница для проращивания","wheat berries","green","2026-07-26 10:20:38.569","327.0","12.6","1.54","71.2","13.1","12.2","0.41","0.0","0.0","0.0","0.0","0.0","0.269","0.2","0.627","0.0","0.0","0.0","0.627","29.0","3.19","126.0","288.0","363.0","2.0","2.65","0.434","3.98","70.7","0.0","0.383","0.115","5.46","0.954","0.3","0.0","38.0","0.0","0.0","0.0","1.01","1.9","0.335","0.201","0.45","0.595","0.64","5.0","0.322","4.0","0.528","0.285","28.7","0.458","0.854","0.0","0.592","1.29","0.0","0.586","0.365","0.16","0.387","0.556","0.0","0.0"
"cms1ndl37000funch7b51vc06","2768196","рисовые хлопья","rice flakes","green","2026-07-26 10:20:46.724","349.0","8.95","0.46","83.28","3.93","9.2","37.41","0.0","0.0","0.0","0.0","0.0","0.078","0.064","0.18","0.0","0.0","0.0","0.34900000000000003","257.0","1.55","92.0","303.0","1622.0","21.0","1.89","0.416","1.389","5.0","75.0","0.5","0.1","0.99","1.38","1.6","0.0","166.0","0.0","1.0","0.0","0.18","3.8","0.428","0.074","0.249","1.203","0.49","11.0","0.16","1.445","0.372","0.146","5.0","0.316","0.314","0.0","0.229","0.279","0.0","0.263","0.216","0.129","0.222","0.206","0.0","0.0"
"cms1ndl3p000gunchrxox96qw","168916","манная крупа цельнозерновая","whole wheat semolina","green","2026-07-26 10:20:46.742","159.0","5.82","1.5","31.51","60.72","4.6","0.85","0.2","0.07","0.07","0.0","0.5","0.239","0.171","0.584","0.0","0.0","0.039","1.129","12.0","1.65","45.0","110.0","77.0","6.0","1.12","0.199","1.032","34.2","0.0","0.157","0.103","2.887","0.23","0.097","0.0","20.0","0.0","0.0","0.0","0.1","0.0","0.0","0.0","0.0","0.0","0.0","0.0","0.0","0.0","0.0","0.0","34.2","0.0","0.0","0.0","0.0","0.0","0.0","0.0","0.0","0.0","0.0","0.0","0.0","0.0"
"cms1ndn1c000hunchqtvxixly","168907","соба","soba noodles","green","2026-07-26 10:20:49.249","99.0","5.06","0.1","21.44","73.01","0.0","0.0","0.0","0.0","0.0","0.0","0.0","0.019","0.026","0.031","0.0","0.0","0.0","0.06","4.0","0.48","9.0","25.0","35.0","60.0","0.12","0.008","0.374","0.0","0.0","0.094","0.026","0.51","0.235","0.04","0.0","7.0","0.0","0.0","0.0","0.0","0.0","0.214","0.072","0.248","0.317","0.372","0.0","0.094","1.096","0.332","0.119","0.0","0.195","0.33","0.001","0.217","0.306","0.0","0.26","0.177","0.072","0.105","0.249","0.0","0.0"
"cms1ndn3c000iunchvdyobv7f","169736","макароны цельнозерновые","pasta","green","2026-07-26 10:20:49.32","371.0","13.04","1.51","74.67","9.9","3.2","2.67","0.48","0.12","0.11","0.0","1.96","0.277","0.171","0.564","0.0","0.0","0.024","1.104","21.0","3.3","53.0","189.0","223.0","6.0","1.41","0.289","0.917","63.2","0.0","0.891","0.4","7.177","0.431","0.142","0.0","237.0","0.0","0.0","0.0","0.11","0.1","0.298","0.147","0.438","0.474","0.624","0.0","0.255","4.596","0.441","0.298","63.2","0.511","0.988","0.0","0.668","1.569","0.0","0.617","0.462","0.185","0.243","0.588","0.0","0.0"
"cms1ndq7g000junch0s0921lq","169726","рисовая лапша","rice raw","forbidden","2026-07-26 10:20:53.357","357.0","14.73","1.08","74.9","7.76","6.2","2.5","0.67","0.0","0.0","0.0","0.0","0.156","0.159","0.676","0.0","0.0","0.0","1.054","21.0","1.96","177.0","433.0","427.0","7.0","5.96","0.524","1.329","2.8","0.0","0.115","0.262","6.733","1.074","0.391","0.0","95.0","0.0","1.0","0.0","0.82","1.9","0.629","0.438","0.825","1.136","1.419","11.0","0.174","2.565","0.672","0.384","2.8","0.618","1.018","0.0","0.721","0.519","0.0","0.778","0.469","0.179","0.622","0.858","0.0","0.0"
"cms1ndqa7000kunchccaaujgj","169694","кукурузная мука","corn flour","green","2026-07-26 10:20:53.456","363.0","8.46","3.69","76.59","9.79","6.4","1.61","0.0","0.0","0.0","0.0","0.0","0.532","0.997","1.724","0.0","0.0","0.0","3.396","138.0","8.5","93.0","231.0","262.0","5.0","1.8","0.209","0.376","10.5","0.0","1.475","0.805","9.932","0.192","0.475","0.0","162.0","0.0","0.0","0.0","0.12","0.0","0.219","0.167","0.635","0.375","0.546","2.0","0.182","1.577","0.313","0.26","10.5","0.276","1.025","0.0","0.411","0.676","0.0","0.416","0.245","0.062","0.229","0.38","0.0","0.0"
"cms1ndqys000lunchfy3d7oif","2512375","ржаная мука","rye flour","green","2026-07-26 10:20:54.34","359.4","8.3952","1.908","77.1618","11.13","13.68","0.0","0.0","0.0","0.0","0.0","0.0","0.0","0.0","0.0","0.0","0.0","0.0","0.0","32.24","2.536","95.39","280.3","434.0","0.0","2.328","0.3384","2.129","16.6","0.0","0.2163","0.17","1.163","0.0","0.1638","8.975","0.0","0.0","0.0","0.0","0.0","0.0","0.0","0.0","0.0","0.0","0.0","0.0","0.0","0.0","0.0","0.0","16.6","0.0","0.0","0.0","0.0","0.0","0.0","0.0","0.0","0.0","0.0","0.0","0.0","0.0"
"cms1ndsvy000munchaywbrlbn","2512371","амарантовая мука","amaranth flour","green","2026-07-26 10:20:56.83","384.076","13.2093","6.236","68.7787","9.486","7.209","0.0","0.0","0.0","0.0","0.0","0.0","0.0","0.0","0.0","0.0","0.0","0.0","0.0","135.2","7.56","232.7","424.9","395.8","0.0","3.001","0.5179","2.305","21.1","0.0","0.05875","0.175","0.7475","0.0","0.3873","25.36","0.0","0.0","0.0","0.0","0.0","0.0","0.0","0.0","0.0","0.0","0.0","0.0","0.0","0.0","0.0","0.0","21.1","0.0","0.0","0.0","0.0","0.0","0.0","0.0","0.0","0.0","0.0","0.0","0.0","0.0"
"cms1ndsxg000nunchsti6dabi","2003587","полбяная мука","spelt flour","green","2026-07-26 10:20:56.884","363.679","14.475","2.543","70.723","10.72","9.339","0.0","0.0","0.0","0.0","0.0","0.0","0.0","0.0","0.0","0.0","0.0","0.0","0.0","30.04","3.769","123.8","361.7","349.8","0.0","3.591","0.5313","2.943","9.479","0.0","0.2981","0.1431","5.466","0.0","0.2355","10.43","38.42","0.0","0.0","0.0","0.0","0.0","0.0","0.0","0.0","0.0","0.0","0.0","0.0","0.0","0.0","0.0","9.479","0.0","0.0","0.0","0.0","0.0","0.0","0.0","0.0","0.0","0.0","0.0","0.0","0.0"
"cms1ndux4000ounchdwwgex1a","1857472","крахмал картофельный","potato starch","forbidden","2026-07-26 10:20:59.464","333.0","0.0","0.0","83.3","28.3","0.0","8.33","0.0","0.48","0.35","0.0","8.7","0.0","0.0","0.0","0.0","0.0","0.0","0.0","0.0","0.0","44.0","126.0","161.0","0.0","0.7","0.083","0.8","0.0","0.0","0.0","0.0","0.0","0.5","0.0","0.0","0.0","0.0","0.0","0.0","0.0","0.0","0.0","0.0","0.0","0.0","0.0","0.0","0.0","0.0","0.0","0.0","0.0","0.0","0.0","0.0","0.0","0.0","0.0","0.0","0.0","0.0","0.0","0.0","0.0","0.0"
"cms1nduxk000punchwol51ike","169698","крахмал кукурузный","corn starch","forbidden","2026-07-26 10:20:59.481","381.0","0.26","0.05","91.3","8.32","0.9","0.0","0.0","2.08","2.06","0.0","2.72","0.009","0.016","0.025","0.008","0.0","0.0","0.025","2.0","0.47","3.0","13.0","3.0","9.0","0.06","0.05","0.053","2.8","0.0","0.0","0.0","0.0","0.0","0.0","0.0","0.0","0.0","0.0","0.0","0.0","0.0","0.006","0.006","0.019","0.012","0.02","0.0","0.006","0.053","0.009","0.008","0.4","0.01","0.036","0.0","0.013","0.024","0.0","0.012","0.009","0.001","0.01","0.014","0.0","0.0"
"cms1ndw0s000qunchd2t5bbjd","170393","морковь фиолетовая","carrots raw","green","2026-07-26 10:21:00.893","41.0","0.93","0.24","9.58","88.29","2.8","4.74","3.59","0.59","0.55","0.0","0.0","0.032","0.012","0.102","0.0","0.0","0.0","0.202","33.0","0.3","12.0","35.0","320.0","69.0","0.24","0.045","0.143","0.1","5.9","0.066","0.058","0.983","0.273","0.138","0.0","19.0","0.0","835.0","0.0","0.66","13.2","0.101","0.02","0.113","0.091","0.19","8285.0","0.083","0.366","0.047","0.04","0.1","0.077","0.102","0.0","0.061","0.054","0.0","0.054","0.191","0.012","0.043","0.069","0.0","0.0"
"cms1ndxys000runchu6wcep8z","168567","томаты вяленые","sun dried tomatoes","green","2026-07-26 10:21:03.412","258.0","14.11","2.97","55.76","14.56","12.3","37.59","0.0","0.0","0.0","0.0","0.0","0.426","0.487","1.115","0.0","0.0","0.0","2.2190000000000003","110.0","9.09","194.0","356.0","3427.0","107.0","1.99","1.423","1.846","5.5","39.2","0.528","0.489","9.05","2.087","0.332","0.0","68.0","0.0","44.0","0.0","0.01","43.0","0.519","0.122","0.402","0.343","1.957","524.0","0.183","5.202","0.348","0.214","5.5","0.339","0.517","0.0","0.366","0.266","0.0","0.375","0.357","0.104","0.242","0.361","0.0","0.0"
"cms1ndxzx000sunchahlyfdp3","2685576","свёкла золотая","beets raw","green","2026-07-26 10:21:03.453","44.6205","1.6875","0.3025","8.787","88.16","3.119","5.1015","4.289","0.305","0.5075","0.0","0.0","0.0","0.0","0.0","0.0","0.0","0.0","0.0","13.82","0.4281","21.01","33.65","341.5","111.6","0.3104","0.1606","0.2571","0.0","4.6","0.0","0.0","0.0","0.0","0.0","0.0","103.0","0.0","0.0","0.0","0.0","0.0","0.0","0.0","0.0","0.0","0.0","0.0","0.0","0.0","0.0","0.0","0.0","0.0","0.0","0.0","0.0","0.0","0.0","0.0","0.0","0.0","0.0","0.0","0.0","0.0"
"cms1ndy2j000tunchll9mblnt","321360","помидоры черри","Tomatoes, grape, raw","green","2026-07-26 10:21:03.548","27.0","0.83","0.63","5.51","92.5","2.1","0.0","0.0","0.0","0.0","0.0","0.0","0.0","0.0","0.0","0.0","0.0","0.0","0.0","11.0","0.33","11.9","28.0","260.0","6.0","0.2","0.058","0.121","0.0","27.2","0.075","0.065","0.805","0.0","0.06","0.0","10.0","0.0","0.0","0.0","0.98","4.2","0.0","0.0","0.0","0.0","0.0","0.0","0.0","0.0","0.0","0.0","0.0","0.0","0.0","0.0","0.0","0.0","0.0","0.0","0.0","0.0","0.0","0.0","0.0","0.0"
"cms1ne2sk000uunch9dt5s6rx","168040","кабачок желтый","squash raw","green","2026-07-26 10:21:09.667","26.0","0.52","0.2","5.64","93.35","0.0","3.54","0.77","1.21","1.56","0.0","0.0","0.0","0.0","0.0","0.0","0.0","0.0","0.0","9.0","0.17","10.0","12.0","205.0","20.0","0.07","0.017","0.027","0.0","4.5","0.02","0.02","0.17","0.11","0.058","0.0","22.0","0.0","0.0","0.0","0.0","0.0","0.0","0.0","0.0","0.0","0.0","0.0","0.0","0.0","0.0","0.0","0.0","0.0","0.0","0.0","0.0","0.0","0.0","0.0","0.0","0.0","0.0","0.0","0.0","0.0"
"cms1ne2sn000vuncheftapbal","169991","мангольд стебли","swiss chard raw","green","2026-07-26 10:21:09.671","19.0","1.8","0.2","3.74","92.66","1.6","1.1","0.0","0.0","0.0","0.0","0.0","0.03","0.04","0.07","0.0","0.0","0.0","0.133","51.0","1.8","81.0","46.0","379.0","213.0","0.36","0.179","0.366","0.9","30.0","0.04","0.09","0.4","0.172","0.099","0.0","14.0","0.0","306.0","0.0","1.89","830.0","0.099","0.019","0.0","0.117","0.0","3647.0","0.0","0.0","0.0","0.036","0.9","0.147","0.13","0.0","0.11","0.0","0.0","0.0","0.083","0.017","0.0","0.11","0.0","0.0"
"cms1ne4s4000wunchnxtfwbxn","168448","тыква хоккайдо","hokkaido pumpkin","green","2026-07-26 10:21:12.245","26.0","1.0","0.1","6.5","91.6","0.5","2.76","0.0","0.0","0.0","0.0","0.0","0.052","0.013","0.005","0.0","0.0","0.0","0.007","21.0","0.8","12.0","44.0","340.0","1.0","0.32","0.127","0.125","0.3","9.0","0.05","0.11","0.6","0.298","0.061","0.0","16.0","0.0","426.0","0.0","1.06","1.1","0.054","0.011","0.028","0.054","0.102","3100.0","0.003","0.184","0.027","0.016","0.3","0.031","0.046","0.0","0.032","0.026","0.0","0.044","0.029","0.012","0.042","0.035","0.0","0.0"
"cms1ne4tm000xunchw47njnij","169295","тыква баттернат","butternut squash","green","2026-07-26 10:21:12.298","45.0","1.0","0.1","11.69","86.41","2.0","2.2","0.22","0.99","0.99","0.0","0.0","0.021","0.007","0.042","0.0","0.0","0.0","0.057999999999999996","48.0","0.7","34.0","33.0","352.0","4.0","0.15","0.072","0.202","0.5","21.0","0.1","0.02","1.2","0.4","0.154","0.0","27.0","0.0","532.0","0.0","1.44","1.1","0.037","0.012","0.042","0.056","0.107","4226.0","0.009","0.175","0.037","0.019","0.5","0.039","0.057","0.0","0.039","0.036","0.0","0.039","0.03","0.014","0.034","0.043","0.0","0.0"
"cms1ne5ec000yunchcbvf22xz","170417","пастернак","parsnip","green","2026-07-26 10:21:13.044","75.0","1.2","0.3","17.99","79.53","4.9","4.8","0.0","0.0","0.0","0.0","0.0","0.05","0.112","0.047","0.0","0.0","0.0","0.085","36.0","0.59","29.0","71.0","375.0","10.0","0.59","0.12","0.56","1.8","17.0","0.09","0.05","0.7","0.6","0.09","0.0","67.0","0.0","0.0","0.0","1.49","22.5","0.0","0.0","0.0","0.0","0.0","0.0","0.0","0.0","0.0","0.0","1.8","0.0","0.0","0.014","0.0","0.0","0.0","0.0","0.0","0.0","0.0","0.0","0.0","0.0"
"cms1ne7cd000zunchm5faeml6","168454","брюква","rutabaga","green","2026-07-26 10:21:15.566","37.0","1.08","0.16","8.62","89.43","2.3","4.46","0.53","2.3","1.61","0.0","0.02","0.027","0.025","0.088","0.0","0.0","0.0","0.123","43.0","0.44","20.0","53.0","305.0","12.0","0.24","0.032","0.131","0.7","25.0","0.09","0.04","0.7","0.16","0.1","0.0","21.0","0.0","0.0","0.0","0.3","0.3","0.0","0.0","0.0","0.0","0.0","1.0","0.0","0.0","0.0","0.0","0.7","0.0","0.0","0.0","0.0","0.0","0.0","0.0","0.0","0.0","0.0","0.0","0.0","0.0"
"cms1ne7du0010unche12jakbj","173472","хрен","horseradish","green","2026-07-26 10:21:15.619","48.0","1.18","0.69","11.29","85.08","3.3","7.99","0.0","0.0","0.0","0.0","0.0","0.09","0.13","0.339","0.0","0.0","0.0","0.623","56.0","0.42","27.0","31.0","246.0","420.0","0.83","0.058","0.126","2.8","24.9","0.008","0.024","0.386","0.093","0.073","0.0","57.0","0.0","0.0","0.0","0.01","1.3","0.0","0.0","0.0","0.0","0.0","1.0","0.0","0.0","0.0","0.0","2.8","0.0","0.0","0.0","0.0","0.0","0.0","0.0","0.0","0.0","0.0","0.0","0.0","0.0"
"cms1ne7ed0011unchk8ehfdub","169236","топинамбур","jerusalem artichoke","green","2026-07-26 10:21:15.638","73.0","2.0","0.01","17.44","78.01","1.6","9.6","0.0","0.0","0.0","0.0","0.0","0.0","0.004","0.001","0.0","0.0","0.0","0.002","14.0","3.4","17.0","78.0","429.0","4.0","0.12","0.14","0.06","0.7","4.0","0.2","0.06","1.3","0.397","0.077","0.0","13.0","0.0","1.0","0.0","0.19","0.1","0.0","0.0","0.0","0.0","0.0","12.0","0.0","0.0","0.0","0.0","0.7","0.0","0.0","0.0","0.0","0.0","0.0","0.0","0.0","0.0","0.0","0.0","0.0","0.0"
"cms1ne9dx0012unchomwha669","170416","корень петрушки","parsley root","green","2026-07-26 10:21:18.214","36.0","2.97","0.79","6.33","87.71","3.3","0.85","0.0","0.0","0.0","0.0","0.0","0.132","0.295","0.124","0.0","0.0","0.0","0.238","138.0","6.2","50.0","58.0","554.0","56.0","1.07","0.149","0.16","0.1","133.0","0.086","0.098","1.313","0.4","0.09","0.0","152.0","0.0","421.0","0.0","0.75","1640.0","0.181","0.042","0.195","0.122","0.294","5054.0","0.014","0.249","0.145","0.061","0.1","0.118","0.204","0.0","0.145","0.213","0.0","0.136","0.122","0.045","0.082","0.172","0.0","0.0"
"cms1ne9dz0013unch6qnuxnkc","170487","патиссон","pattypan squash","green","2026-07-26 10:21:18.215","16.0","1.21","0.18","3.35","94.6","1.1","2.2","0.03","0.75","0.95","0.0","0.0","0.044","0.016","0.089","0.0","0.0","0.0","0.089","15.0","0.35","17.0","38.0","262.0","2.0","0.29","0.051","0.175","0.2","17.0","0.048","0.142","0.487","0.155","0.218","0.0","29.0","0.0","10.0","0.0","0.12","3.0","0.065","0.017","0.062","0.05","0.144","120.0","0.012","0.126","0.044","0.025","0.2","0.042","0.069","0.0","0.041","0.037","0.0","0.048","0.028","0.011","0.031","0.053","0.0","0.0"
"cms1ne9ep0014unchlyg37ixr","168538","кукуруза в початках","corn raw","green","2026-07-26 10:21:18.241","86.0","3.22","1.18","19.02","75.96","2.7","3.22","0.0","0.0","0.0","0.0","0.0","0.182","0.347","0.559","0.0","0.0","0.0","1.1","2.0","0.52","37.0","89.0","270.0","15.0","0.45","0.054","0.161","0.6","6.8","0.2","0.06","1.7","0.76","0.055","0.0","46.0","0.0","0.0","0.0","0.07","0.3","0.137","0.067","0.295","0.131","0.244","1.0","0.026","0.636","0.127","0.089","0.6","0.129","0.348","0.011","0.15","0.292","0.0","0.153","0.129","0.023","0.123","0.185","0.0","0.0"
"cms1nebc00015unchkixtz0i7","169992","цикорий","chicory","green","2026-07-26 10:21:20.736","23.0","1.7","0.3","4.7","92.0","4.0","0.7","0.0","0.0","0.0","0.0","0.0","0.073","0.006","0.131","0.0","0.0","0.0","0.243","100.0","0.9","30.0","47.0","420.0","45.0","0.42","0.295","0.429","0.3","24.0","0.06","0.1","0.5","1.159","0.105","0.0","110.0","0.0","286.0","0.0","2.26","297.6","0.067","0.01","0.0","0.124","0.0","3430.0","0.0","0.0","0.0","0.029","0.3","0.101","0.074","0.0","0.041","0.0","0.0","0.0","0.047","0.031","0.0","0.077","0.0","0.0"
"cms1ned950016unchus266u60","2685572","бок-чой","bok choy","green","2026-07-26 10:21:23.225","20.259","1.02375","0.2338","3.51495","94.54","1.259","0.0","0.0","0.0","0.0","0.0","0.0","0.0","0.0","0.0","0.0","0.0","0.0","0.0","61.93","0.4388","13.64","30.51","227.8","14.27","0.2738","0.02758","0.1962","0.0","30.3","0.0","0.0","0.0","0.0","0.0","0.0","68.0","0.0","0.0","0.0","0.0","0.0","0.0","0.0","0.0","0.0","0.0","0.0","0.0","0.0","0.0","0.0","0.0","0.0","0.0","0.0","0.0","0.0","0.0","0.0","0.0","0.0","0.0","0.0","0.0","0.0"
"cms1nedvc0017unchw603iw3x","168412","эндивий","endive","green","2026-07-26 10:21:24.024","17.0","1.25","0.2","3.35","93.79","3.1","0.25","0.0","0.0","0.0","0.0","0.0","0.048","0.004","0.087","0.0","0.0","0.0","0.16299999999999998","52.0","0.83","15.0","28.0","314.0","22.0","0.79","0.099","0.42","0.2","6.5","0.08","0.075","0.4","0.9","0.02","0.0","142.0","0.0","108.0","0.0","0.44","231.0","0.063","0.014","0.062","0.062","0.13","1300.0","0.01","0.166","0.058","0.023","0.2","0.072","0.098","0.0","0.053","0.059","0.0","0.049","0.05","0.005","0.04","0.063","0.0","0.0"
"cms1nedxf0018unch8dnralrm","2685572","пак-чой","bok choy","green","2026-07-26 10:21:24.099","20.259","1.02375","0.2338","3.51495","94.54","1.259","0.0","0.0","0.0","0.0","0.0","0.0","0.0","0.0","0.0","0.0","0.0","0.0","0.0","61.93","0.4388","13.64","30.51","227.8","14.27","0.2738","0.02758","0.1962","0.0","30.3","0.0","0.0","0.0","0.0","0.0","0.0","68.0","0.0","0.0","0.0","0.0","0.0","0.0","0.0","0.0","0.0","0.0","0.0","0.0","0.0","0.0","0.0","0.0","0.0","0.0","0.0","0.0","0.0","0.0","0.0","0.0","0.0","0.0","0.0","0.0","0.0"
"cms1nefum0019unchw2p4d2fm","170375","листья свёклы","beet greens","green","2026-07-26 10:21:26.59","22.0","2.2","0.13","4.33","91.02","3.7","0.5","0.0","0.0","0.0","0.0","0.0","0.02","0.026","0.046","0.0","0.0","0.0","0.086","117.0","2.57","70.0","41.0","762.0","226.0","0.38","0.191","0.391","0.9","30.0","0.1","0.22","0.4","0.25","0.106","0.0","15.0","0.0","316.0","0.0","1.5","400.0","0.064","0.018","0.081","0.063","0.129","3794.0","0.021","0.267","0.081","0.034","0.9","0.046","0.098","0.0","0.058","0.052","0.0","0.07","0.065","0.035","0.052","0.065","0.0","0.0"
"cms1nefwd001aunchzrfceziq","169925","мандарин","tangerine","green","2026-07-26 10:21:26.653","43.0","0.5","0.2","10.1","88.9","0.2","9.9","0.0","0.0","0.0","0.0","0.0","0.024","0.036","0.04","0.0","0.0","0.0","0.069","18.0","0.2","8.0","14.0","178.0","1.0","0.03","0.025","0.037","0.1","31.0","0.06","0.02","0.1","0.125","0.042","0.0","5.0","0.0","13.0","0.0","0.13","0.0","0.007","0.002","0.011","0.034","0.053","38.0","0.004","0.024","0.007","0.002","0.1","0.005","0.01","0.0","0.006","0.031","0.0","0.009","0.006","0.001","0.003","0.008","0.0","0.0"
"cms1nefwm001bunchk6a7qhbi","169276","листья редиса","radish leaves","green","2026-07-26 10:21:26.663","16.0","0.68","0.1","3.4","95.27","1.6","1.86","0.1","1.05","0.71","0.0","0.0","0.032","0.017","0.048","0.0","0.0","0.0","0.065","25.0","0.34","10.0","20.0","233.0","39.0","0.28","0.05","0.069","0.6","14.8","0.012","0.039","0.254","0.165","0.071","0.0","25.0","0.0","0.0","0.0","0.0","1.3","0.033","0.01","0.026","0.038","0.064","4.0","0.01","0.157","0.026","0.013","0.6","0.02","0.031","0.0","0.036","0.022","0.0","0.027","0.023","0.009","0.009","0.035","0.0","0.0"
"cms1nehtq001cunchykwwnrxb","169949","слива","plums","green","2026-07-26 10:21:29.15","46.0","0.7","0.28","11.42","87.23","1.4","9.92","1.57","5.07","3.07","0.0","0.08","0.017","0.134","0.044","0.0","0.0","0.0","0.088","6.0","0.17","7.0","16.0","157.0","0.0","0.1","0.057","0.052","0.0","9.5","0.028","0.026","0.417","0.135","0.029","0.0","5.0","0.0","17.0","0.0","0.26","6.4","0.016","0.008","0.028","0.009","0.352","190.0","0.002","0.035","0.009","0.009","0.0","0.014","0.015","0.0","0.014","0.027","0.0","0.023","0.01","0.009","0.008","0.016","0.0","0.0"
"cms1nehu0001dunch8xumd2zn","169914","нектарин","nectarine","green","2026-07-26 10:21:29.16","44.0","1.06","0.32","10.55","87.59","1.7","7.89","4.87","1.57","1.37","0.0","0.0","0.025","0.088","0.113","0.0","0.0","0.0","0.224","6.0","0.28","9.0","26.0","201.0","0.0","0.17","0.086","0.054","0.0","5.4","0.034","0.027","1.125","0.185","0.025","0.0","5.0","0.0","17.0","0.0","0.77","2.2","0.016","0.006","0.017","0.009","0.568","150.0","0.005","0.034","0.011","0.008","0.0","0.009","0.014","0.0","0.021","0.01","0.0","0.018","0.009","0.005","0.007","0.013","0.0","0.0"
"cms1nejn9001eunch0qmmbeq9","168163","айва","quince","green","2026-07-26 10:21:31.51","57.0","0.4","0.1","15.3","83.8","1.9","0.0","0.0","0.0","0.0","0.0","0.0","0.01","0.036","0.05","0.0","0.0","0.0","0.098","11.0","0.7","8.0","17.0","197.0","4.0","0.04","0.13","0.0","0.6","15.0","0.02","0.03","0.2","0.081","0.04","0.0","3.0","0.0","2.0","0.0","0.0","0.0","0.0","0.0","0.0","0.0","0.0","0.0","0.0","0.0","0.0","0.0","0.6","0.0","0.0","0.0","0.0","0.0","0.0","0.0","0.0","0.0","0.0","0.0","0.0","0.0"
"cms1nejpd001funchv0c3qi6s","169942","хурма","persimmon","green","2026-07-26 10:21:31.585","274.0","1.38","0.59","73.43","23.01","14.5","0.0","0.0","0.0","0.0","0.0","0.0","0.0","0.0","0.0","0.0","0.0","0.0","0.0","25.0","0.74","31.0","81.0","802.0","2.0","0.42","0.442","1.39","0.0","0.0","0.0","0.029","0.18","0.0","0.0","0.0","0.0","0.0","38.0","0.0","0.0","0.0","0.078","0.012","0.068","0.059","0.136","374.0","0.03","0.179","0.06","0.027","0.0","0.06","0.101","0.0","0.063","0.053","0.0","0.053","0.071","0.024","0.039","0.072","0.0","0.0"
"cms1nejrp001gunch0477cxic","169949","алыча","cherry plum","green","2026-07-26 10:21:31.67","46.0","0.7","0.28","11.42","87.23","1.4","9.92","1.57","5.07","3.07","0.0","0.08","0.017","0.134","0.044","0.0","0.0","0.0","0.088","6.0","0.17","7.0","16.0","157.0","0.0","0.1","0.057","0.052","0.0","9.5","0.028","0.026","0.417","0.135","0.029","0.0","5.0","0.0","17.0","0.0","0.26","6.4","0.016","0.008","0.028","0.009","0.352","190.0","0.002","0.035","0.009","0.009","0.0","0.014","0.015","0.0","0.014","0.027","0.0","0.023","0.01","0.009","0.008","0.016","0.0","0.0"
"cms1nelqg001hunchm85v233g","167765","арбуз","watermelon","green","2026-07-26 10:21:34.216","30.0","0.61","0.15","7.55","91.45","0.4","6.2","1.21","1.58","3.36","0.0","0.06","0.016","0.037","0.05","0.0","0.0","0.0","0.1","7.0","0.24","10.0","11.0","112.0","1.0","0.1","0.042","0.038","0.4","8.1","0.033","0.021","0.178","0.221","0.045","0.0","3.0","0.0","28.0","0.0","0.05","0.1","0.062","0.006","0.017","0.059","0.039","303.0","0.002","0.063","0.01","0.006","0.4","0.019","0.018","0.0","0.015","0.024","0.0","0.016","0.027","0.007","0.012","0.016","0.0","0.0"
"cms1nelqs001iunchvhrrnuy8","169926","папайя","papaya","green","2026-07-26 10:21:34.228","43.0","0.47","0.26","10.82","88.06","1.7","7.82","0.0","4.09","3.73","0.0","0.0","0.081","0.072","0.058","0.0","0.0","0.0","0.06899999999999999","20.0","0.25","21.0","10.0","182.0","8.0","0.08","0.045","0.04","0.6","60.9","0.023","0.027","0.357","0.191","0.038","0.0","37.0","0.0","47.0","0.0","0.3","2.6","0.025","0.002","0.014","0.01","0.049","274.0","0.0","0.033","0.018","0.005","0.6","0.008","0.016","0.0","0.009","0.01","0.0","0.015","0.011","0.008","0.005","0.01","0.0","0.0"
"cms1nels4001junchtk81bis2","167791","дыня","melon","green","2026-07-26 10:21:34.276","44.0","1.78","1.26","7.56","88.97","0.0","0.0","0.0","0.0","0.0","0.0","0.0","0.0","0.0","0.0","0.0","0.0","0.0","0.0","13.0","1.13","40.0","37.0","123.0","2.0","0.48","0.02","0.039","0.0","5.3","0.025","0.015","0.565","0.183","0.063","0.0","3.0","0.0","7.0","0.0","0.0","0.0","0.0","0.0","0.0","0.0","0.0","88.0","0.0","0.0","0.0","0.0","0.0","0.0","0.0","0.0","0.0","0.0","0.0","0.0","0.0","0.0","0.0","0.0","0.0","0.0"
"cms1nenn5001kunch4ps6v0pf","169086","личи","lychee","green","2026-07-26 10:21:36.689","66.0","0.83","0.44","16.5","81.8","1.3","15.2","0.0","0.0","0.0","0.0","0.0","0.099","0.12","0.132","0.0","0.0","0.0","0.132","5.0","0.31","10.0","31.0","171.0","1.0","0.07","0.148","0.055","0.6","71.5","0.011","0.065","0.603","0.0","0.1","0.0","14.0","0.0","0.0","0.0","0.07","0.4","0.041","0.009","0.0","0.0","0.0","0.0","0.0","0.0","0.0","0.0","1.3","0.0","0.0","0.0","0.0","0.0","0.0","0.0","0.0","0.007","0.0","0.0","0.0","0.0"
"cms1nenpz001lunchvh5thrwh","169109","маракуйя","passion fruit","green","2026-07-26 10:21:36.791","51.0","0.39","0.05","13.6","85.62","0.2","13.4","0.0","0.0","0.0","0.0","0.0","0.004","0.006","0.029","0.0","0.0","0.0","0.058","4.0","0.24","17.0","13.0","278.0","6.0","0.05","0.053","0.0","0.1","29.8","0.0","0.131","1.46","0.0","0.05","0.0","7.0","0.0","36.0","0.0","0.01","0.4","0.0","0.0","0.0","0.0","0.0","419.0","0.0","0.0","0.0","0.0","0.1","0.0","0.0","0.0","0.0","0.0","0.0","0.0","0.0","0.0","0.0","0.0","0.0","0.0"
"cms1nenrf001munchw6popzgi","173044","гуава","guava","green","2026-07-26 10:21:36.843","68.0","2.55","0.95","14.3","80.8","5.4","8.92","12.37","2.29","1.41","0.0","0.93","0.272","0.087","0.401","0.0","0.0","0.0","0.4","18.0","0.26","22.0","40.0","417.0","2.0","0.23","0.23","0.15","0.6","228.0","0.067","0.04","1.08","0.451","0.11","0.0","49.0","0.0","31.0","0.0","0.73","2.6","0.072","0.016","0.128","0.065","0.162","374.0","0.0","0.333","0.128","0.022","17.5","0.093","0.171","0.0","0.006","0.078","0.0","0.075","0.096","0.022","0.031","0.087","0.0","0.0"
"cms1nepr8001nunch3nf5jw5x","2709234","питайя","dragon fruit","green","2026-07-26 10:21:39.429","68.0","0.68","0.21","16.2","82.4","1.8","12.0","0.0","0.0","0.0","0.0","0.0","0.052","0.02","0.053","0.0","0.0","0.0","0.054","13.0","0.12","14.0","18.0","206.0","1.0","0.09","0.061","0.111","0.2","19.8","0.05","0.026","0.356","0.0","0.101","0.0","11.0","0.0","5.0","0.0","0.18","3.8","0.0","0.0","0.0","0.0","0.0","42.0","0.0","0.0","0.0","0.0","0.6","0.0","0.0","0.0","0.0","0.0","0.0","0.0","0.0","0.0","0.0","0.0","0.0","0.0"
"cms1neprg001ounchh2aa2j18","173964","смородина красная","red currants","green","2026-07-26 10:21:39.437","56.0","1.4","0.2","13.8","83.95","4.3","7.37","0.61","3.22","3.53","0.0","0.0","0.017","0.028","0.088","0.0","0.0","0.0","0.141","33.0","1.0","13.0","44.0","275.0","1.0","0.23","0.107","0.186","0.6","41.0","0.04","0.05","0.1","0.064","0.07","0.0","8.0","0.0","2.0","0.0","0.1","11.0","0.0","0.0","0.0","0.0","0.0","25.0","0.0","0.0","0.0","0.0","0.6","0.0","0.0","0.0","0.0","0.0","0.0","0.0","0.0","0.0","0.0","0.0","0.0","0.0"
"cms1nesvb001punch01648rth","2747667","облепиха","sea buckthorn","green","2026-07-26 10:21:43.464","66.3545","13.5125","0.4933","1.9662","82.54","0.0","0.0","0.0","0.0","0.0","0.0","0.0","0.0","0.0","0.0","0.0","0.0","0.0","0.0","10.54","0.2133","30.63","214.0","244.9","313.0","1.002","0.004117","0.00555","15.74","0.0","0.0","0.0","0.0","0.0","0.0","0.0","0.0","1.285","0.0","0.0","0.0","0.0","0.0","0.0","0.0","0.0","0.0","0.0","0.0","0.0","0.0","0.0","15.74","0.0","0.0","0.0","0.0","0.0","0.0","0.0","0.0","0.0","0.0","0.0","0.0","0.0"
"cms1nesx5001qunchzu7pxyv4","173964","смородина белая","white currants","green","2026-07-26 10:21:43.53","56.0","1.4","0.2","13.8","83.95","4.3","7.37","0.61","3.22","3.53","0.0","0.0","0.017","0.028","0.088","0.0","0.0","0.0","0.141","33.0","1.0","13.0","44.0","275.0","1.0","0.23","0.107","0.186","0.6","41.0","0.04","0.05","0.1","0.064","0.07","0.0","8.0","0.0","2.0","0.0","0.1","11.0","0.0","0.0","0.0","0.0","0.0","25.0","0.0","0.0","0.0","0.0","0.6","0.0","0.0","0.0","0.0","0.0","0.0","0.0","0.0","0.0","0.0","0.0","0.0","0.0"
"cms1netj9001runchyy4u3jzo","173030","крыжовник","gooseberries","green","2026-07-26 10:21:44.325","44.0","0.88","0.58","10.18","87.87","4.3","0.0","0.0","0.0","0.0","0.0","0.0","0.038","0.051","0.317","0.0","0.0","0.0","0.5880000000000001","25.0","0.31","10.0","27.0","198.0","1.0","0.12","0.07","0.144","0.6","27.7","0.04","0.03","0.3","0.286","0.08","0.0","6.0","0.0","15.0","0.0","0.37","0.0","0.0","0.0","0.0","0.0","0.0","0.0","0.0","0.0","0.0","0.0","0.6","0.0","0.0","0.0","0.0","0.0","0.0","0.0","0.0","0.0","0.0","0.0","0.0","0.0"
"cms1nevcg001suncharnom09x","169802","морошка","cloudberries","green","2026-07-26 10:21:46.672","51.0","2.4","0.8","8.6","87.0","0.0","0.0","0.0","0.0","0.0","0.0","0.0","0.0","0.0","0.0","0.0","0.0","0.0","0.0","18.0","0.7","0.0","35.0","0.0","0.0","0.0","0.0","0.0","0.0","158.0","0.05","0.07","0.9","0.0","0.0","0.0","0.0","0.0","210.0","0.0","0.0","0.0","0.0","0.0","0.0","0.0","0.0","0.0","0.0","0.0","0.0","0.0","0.0","0.0","0.0","0.0","0.0","0.0","0.0","0.0","0.0","0.0","0.0","0.0","0.0","0.0"
"cms1nevci001tunchsw690no2","2768197","калина","viburnum","green","2026-07-26 10:21:46.674","55.0","1.1","0.2","12.3","86.0","6.7","0.0","0.0","0.0","0.0","0.0","0.0","0.0","0.0","0.0","0.0","0.0","0.0","0.0","20.0","1.0","0.0","15.0","140.0","26.0","0.0","0.0","0.0","0.0","15.0","0.0","0.01","0.9","0.0","0.0","0.0","0.0","0.0","1060.0","0.0","0.0","0.0","0.0","0.0","0.0","0.0","0.0","0.0","0.0","0.0","0.0","0.0","0.0","0.0","0.0","0.0","0.0","0.0","0.0","0.0","0.0","0.0","0.0","0.0","0.0","0.0"
"cms1nex9q001uunchncl0sgjv","168998","шиповник","rose hips","green","2026-07-26 10:21:49.167","162.0","1.6","0.34","38.22","58.66","24.1","2.58","0.07","1.34","1.16","0.0","0.0","0.0","0.0","0.0","0.0","0.0","0.0","0.0","169.0","1.06","69.0","61.0","429.0","4.0","0.25","0.113","1.02","0.0","426.0","0.016","0.166","1.3","0.8","0.076","0.0","3.0","0.0","217.0","0.0","5.84","25.9","0.0","0.0","0.0","0.0","0.0","2350.0","0.0","0.0","0.0","0.0","0.0","0.0","0.0","0.0","0.0","0.0","0.0","0.0","0.0","0.0","0.0","0.0","0.0","0.0"
"cms1nexc4001vunchayyuiizz","2768198","рябина","rowan berries","green","2026-07-26 10:21:49.252","349.0","14.26","0.39","77.06","7.5","13.0","45.61","0.0","0.0","0.0","0.0","0.0","0.0","0.0","0.0","0.0","0.0","0.0","0.0","190.0","6.8","0.0","0.0","0.0","298.0","0.0","0.0","0.0","0.0","48.4","0.0","0.0","0.0","0.0","0.0","0.0","0.0","0.0","26822.0","0.0","0.0","0.0","0.233","0.087","0.698","0.722","1.711","0.0","0.144","1.431","0.304","0.157","0.0","0.261","0.456","0.0","0.271","1.0","0.0","0.498","0.358","0.0","0.222","0.316","0.0","0.0"
"cms1nez9z001wunchybhfyzn7","168176","фейхоа","feijoa","green","2026-07-26 10:21:51.767","61.0","0.71","0.42","15.21","83.28","6.4","8.2","2.93","2.32","2.95","0.0","0.0","0.104","0.056","0.136","0.0","0.0","0.029","0.243","17.0","0.14","9.0","19.0","172.0","3.0","0.06","0.036","0.084","0.0","32.9","0.006","0.018","0.295","0.233","0.067","0.0","23.0","0.0","0.0","0.0","0.16","3.5","0.038","0.007","0.038","0.019","0.075","2.0","0.007","0.132","0.028","0.009","0.0","0.019","0.028","0.004","0.019","0.019","0.0","0.028","0.019","0.007","0.009","0.019","0.0","0.0"
"cms1nezc3001xunchhy4h7bgr","168191","финики меджул","medjool dates","green","2026-07-26 10:21:51.844","277.0","1.81","0.15","74.97","21.32","6.7","66.47","0.53","33.68","31.95","0.0","0.3","0.0","0.0","0.0","0.0","0.0","0.0","0.0","64.0","0.9","54.0","62.0","696.0","1.0","0.44","0.362","0.296","0.0","0.0","0.05","0.06","1.61","0.805","0.249","0.0","15.0","0.0","7.0","0.0","0.0","2.7","0.054","0.017","0.078","0.06","0.22","89.0","0.046","0.265","0.09","0.029","0.0","0.045","0.082","0.0","0.048","0.111","0.0","0.062","0.042","0.007","0.016","0.066","0.0","0.0"
"cms1nezc7001yunchojks7jad","173954","кизил","cornelian cherry","green","2026-07-26 10:21:51.847","50.0","1.0","0.3","12.2","86.1","1.6","8.49","0.8","4.18","3.51","0.0","0.0","0.068","0.082","0.09","0.0","0.0","0.0","0.09","16.0","0.32","9.0","15.0","173.0","3.0","0.1","0.104","0.112","0.0","10.0","0.03","0.04","0.4","0.143","0.044","0.0","8.0","0.0","64.0","0.0","0.07","2.1","0.032","0.01","0.026","0.018","0.569","770.0","0.01","0.083","0.023","0.015","0.0","0.02","0.03","0.0","0.024","0.039","0.0","0.03","0.022","0.009","0.014","0.024","0.0","0.0"
"cms1nf19c001zunchw3fny83i","168162","чернослив","prunes","green","2026-07-26 10:21:54.337","240.0","2.18","0.38","63.9","30.9","7.1","38.1","0.15","25.5","12.4","0.0","0.06","0.088","0.053","0.062","0.0","0.0","0.0","0.061","43.0","0.93","41.0","69.0","732.0","2.0","0.44","0.281","0.299","0.3","0.6","0.051","0.186","1.88","0.422","0.205","0.0","4.0","0.0","39.0","0.0","0.43","59.5","0.05","0.016","0.066","0.037","0.801","394.0","0.011","0.114","0.047","0.027","0.0","0.041","0.066","0.0","0.052","0.13","0.0","0.059","0.049","0.025","0.021","0.056","0.0","0.0"
"cms1nf1ch0020unch4ivwf26f","173941","курага","dried apricots","green","2026-07-26 10:21:54.45","241.0","3.39","0.51","62.64","30.89","7.3","53.44","7.89","33.08","12.47","0.0","0.0","0.017","0.074","0.074","0.0","0.0","0.0","0.148","55.0","2.66","32.0","71.0","1162.0","10.0","0.39","0.343","0.235","2.2","1.0","0.015","0.074","2.589","0.516","0.143","0.0","10.0","0.0","180.0","0.0","4.33","3.1","0.083","0.015","0.11","0.066","0.937","2163.0","0.019","0.188","0.07","0.047","2.2","0.063","0.105","0.0","0.062","0.821","0.0","0.087","0.073","0.016","0.039","0.078","0.0","0.0"
"cms1nf1fm0021unch17275r03","173941","урюк","dried apricots","green","2026-07-26 10:21:54.562","241.0","3.39","0.51","62.64","30.89","7.3","53.44","7.89","33.08","12.47","0.0","0.0","0.017","0.074","0.074","0.0","0.0","0.0","0.148","55.0","2.66","32.0","71.0","1162.0","10.0","0.39","0.343","0.235","2.2","1.0","0.015","0.074","2.589","0.516","0.143","0.0","10.0","0.0","180.0","0.0","4.33","3.1","0.083","0.015","0.11","0.066","0.937","2163.0","0.019","0.188","0.07","0.047","2.2","0.063","0.105","0.0","0.062","0.821","0.0","0.087","0.073","0.016","0.039","0.078","0.0","0.0"
"cms1nf3cf0022unchsj391agy","171691","сушеные яблоки","dried apples","green","2026-07-26 10:21:57.039","243.0","0.93","0.32","65.89","31.76","8.7","57.19","0.0","0.0","0.0","0.0","0.0","0.052","0.013","0.093","0.0","0.0","0.0","0.16999999999999998","14.0","1.4","16.0","38.0","450.0","87.0","0.2","0.191","0.09","1.3","3.9","0.0","0.159","0.927","0.245","0.125","0.0","0.0","0.0","0.0","0.0","0.53","3.0","0.058","0.009","0.033","0.029","0.162","0.0","0.012","0.097","0.037","0.015","1.3","0.037","0.057","0.0","0.026","0.032","0.0","0.038","0.033","0.009","0.017","0.043","0.0","0.0"
"cms1nf3f10023unchtihjr5yz","1750348","арахис","peanuts","green","2026-07-26 10:21:57.133","0.0","0.0","0.0","0.0","0.0","0.0","0.0","0.0","0.0","0.0","0.0","0.0","16.2","57.14","19.92","0.1725","0.0","0.322463","0.002713","0.0","0.0","0.0","0.0","0.0","0.0","0.0","0.0","0.0","0.0","0.0","0.0","0.0","0.0","0.0","0.0","0.0","0.0","0.0","0.0","0.0","15.23","4.263","0.0","0.0","0.0","0.0","0.0","0.0","0.0","0.0","0.0","0.0","0.0","0.0","0.0","0.0045","0.0","0.0","0.0","0.0","0.0","0.0","0.0","0.0","0.0","0.0"
"cms1nf3iq0024unch2ata5vej","170144","семена чиа белые","seeds raw","green","2026-07-26 10:21:57.267","191.0","7.4","5.59","29.24","56.27","5.2","0.0","0.0","0.0","0.0","0.0","0.0","1.509","0.712","2.977","0.0","0.0","0.0","5.267","36.0","3.67","54.0","175.0","941.0","25.0","0.9","1.148","0.142","0.0","6.6","0.482","0.301","0.438","0.877","0.32","0.0","53.0","0.0","13.0","0.0","0.0","0.0","0.57","0.096","0.336","0.494","0.817","0.0","0.116","1.036","0.465","0.207","0.0","0.443","0.563","0.51","0.797","0.369","0.0","0.496","0.385","0.123","0.544","0.535","0.0","0.0"
"cms1nf5ib0025unchdplv7eug","170562","семена подсолнечника жареные","sunflower seed kernels","green","2026-07-26 10:21:59.843","584.0","20.78","51.46","20.0","4.73","8.6","2.62","2.5","0.0","0.0","0.0","0.0","4.455","18.528","23.137","0.0","0.0","0.028","46.16","78.0","5.25","325.0","660.0","645.0","9.0","5.0","1.8","1.95","53.0","1.4","1.48","0.355","8.335","1.13","1.345","0.0","227.0","0.0","3.0","0.0","35.17","0.0","0.937","0.494","1.117","2.403","2.446","30.0","0.451","5.579","1.461","0.632","53.0","1.139","1.659","0.0","1.169","1.182","0.0","1.075","0.928","0.348","0.666","1.315","0.0","0.0"
"cms1nf5id0026unchs7e94ax5","170150","семена кунжута белые","sesame seeds raw","green","2026-07-26 10:21:59.845","573.0","17.73","49.67","23.45","4.69","11.8","0.3","0.0","0.0","0.0","0.0","0.0","6.957","18.759","21.773","0.0","0.0","0.0","43.126000000000005","975.0","14.55","351.0","629.0","468.0","11.0","7.75","4.082","2.46","34.4","0.0","0.791","0.247","4.515","0.05","0.79","0.0","97.0","0.0","0.0","0.0","0.25","0.0","0.569","0.586","0.927","2.63","1.646","5.0","0.358","3.955","1.215","0.522","34.4","0.763","1.358","0.0","0.94","0.81","0.0","0.967","0.736","0.388","0.743","0.99","0.0","0.0"
"cms1nf7hv0027unchi9f110py","2768199","семена расторопши","milk thistle seeds","green","2026-07-26 10:22:02.419","168.0","5.3","2.3","32.0","59.3","4.8","0.0","0.0","0.0","0.0","0.0","0.0","0.621","0.293","1.225","0.0","0.0","0.0","2.167","61.0","0.6","50.0","124.0","875.0","23.0","0.83","1.069","0.132","0.0","6.1","0.29","0.17","5.3","0.816","0.298","0.0","49.0","0.0","12.0","0.0","0.0","0.0","0.408","0.069","0.241","0.354","0.585","0.0","0.083","0.742","0.333","0.148","0.0","0.317","0.403","0.21","0.571","0.264","0.0","0.355","0.276","0.088","0.39","0.383","0.0","0.0"
"cms1nf7ib0028unchg2seml6t","170151","семена кунжута жареные","toasted sesame seeds","green","2026-07-26 10:22:02.435","565.0","16.96","48.0","25.74","3.3","14.0","0.0","0.0","0.0","0.0","0.0","0.0","6.722","18.127","21.039","0.0","0.0","0.0","41.671","989.0","14.76","356.0","638.0","475.0","11.0","7.16","2.47","2.496","34.4","0.0","0.803","0.251","4.581","0.051","0.802","0.0","98.0","0.0","0.0","0.0","0.0","0.0","0.544","0.56","0.886","2.515","1.574","0.0","0.342","3.782","1.162","0.499","34.4","0.73","1.299","2.019","0.899","0.774","0.0","0.925","0.704","0.371","0.71","0.947","0.0","0.0"
"cms1nf9hq0029unch71txzc0d","2262075","урбеч из льна","flaxseed butter","green","2026-07-26 10:22:05.007","545.084","18.0359","37.28","34.3551","6.804","23.13","0.0","0.0","0.0","0.0","0.0","0.0","3.281","5.944","24.73","0.0","0.0","19.42","0.0","229.9","5.778","372.1","556.4","793.4","36.74","4.738","1.344","2.405","135.9","0.0","0.5368","0.0","3.756","0.0","0.3926","33.8","41.45","0.0","0.0","0.0","0.0","3.675","0.9325","0.4025","1.085","2.211","2.311","0.0","0.0","4.846","1.386","0.5138","135.9","0.9375","1.38","1.186","1.116","0.8725","0.0","1.138","0.9313","0.3013","0.5725","1.138","0.0","0.0"
"cms1nf9ht002aunchapyi0lbu","2262072","арахисовая паста","peanut butter","forbidden","2026-07-26 10:22:05.01","631.65","23.99124","49.43","22.70376","1.104","6.323","0.0","0.0","0.0","0.0","0.0","0.0","8.415","30.71","9.781","0.0","0.0","0.0","0.0","49.85","1.853","192.6","393.2","654.0","220.7","3.062","0.5405","1.681","20.16","0.0","0.1206","0.0","17.2","0.0","0.3805","87.81","97.29","0.0","0.0","0.0","5.413","0.0","0.9513","0.29","1.16","3.323","3.415","0.0","0.0","5.819","1.69","0.6763","20.16","0.92","1.881","1.293","1.501","1.244","0.0","1.423","0.8063","0.2288","1.064","1.116","0.0","0.0"
"cms1nfa8v002buncht0eefpxz","2768200","урбеч из абрикосовых косточек","apricot kernel butter","green","2026-07-26 10:22:05.983","884.0","0.0","100.0","0.0","0.0","0.0","0.0","0.0","0.0","0.0","0.0","0.0","6.3","60.0","29.3","0.0","0.0","0.0","58.6","0.0","0.0","0.0","0.0","0.0","0.0","0.0","0.0","0.0","0.0","0.0","0.0","0.0","0.0","0.0","0.0","0.0","0.0","0.0","0.0","0.0","4.0","0.0","0.0","0.0","0.0","0.0","0.0","0.0","0.0","0.0","0.0","0.0","0.0","0.0","0.0","0.0","0.0","0.0","0.0","0.0","0.0","0.0","0.0","0.0","0.0","0.0"
"cms1nfc89002cunchzh6v9zr9","171030","паста из грецкого ореха","walnut butter","forbidden","2026-07-26 10:22:08.554","884.0","0.0","100.0","0.0","0.0","0.0","0.0","0.0","0.0","0.0","0.0","0.0","9.1","22.8","63.3","0.0","0.0","0.0","116.19999999999999","0.0","0.0","0.0","0.0","0.0","0.0","0.0","0.0","0.0","0.0","0.0","0.0","0.0","0.0","0.0","0.0","0.0","0.0","0.0","0.0","0.0","0.4","15.0","0.0","0.0","0.0","0.0","0.0","0.0","0.0","0.0","0.0","0.0","0.0","0.0","0.0","0.0","0.0","0.0","0.0","0.0","0.0","0.0","0.0","0.0","0.0","0.0"
"cms1nfc8k002dunchs6b4y9ty","170148","урбеч из конопли","hemp seed butter","green","2026-07-26 10:22:08.564","553.0","31.56","48.75","8.67","4.96","4.0","1.5","0.85","0.2","0.31","0.07","0.07","4.6","5.4","38.1","0.0","0.0","8.684","64.942","70.0","7.95","700.0","1650.0","1200.0","5.0","9.9","1.6","7.6","0.0","0.5","1.275","0.285","9.2","0.0","0.6","0.0","110.0","0.0","1.0","0.0","0.8","0.0","1.276","0.933","1.528","4.55","3.662","7.0","0.672","6.269","1.611","0.969","0.0","1.286","2.163","1.244","1.447","1.597","0.0","1.713","1.269","0.369","1.263","1.777","0.0","0.0"
"cms1nfe63002eunchydfppl7o","169997","кинза стебли","cilantro raw","green","2026-07-26 10:22:11.068","23.0","2.13","0.52","3.67","92.21","2.8","0.87","0.0","0.0","0.0","0.0","0.0","0.014","0.275","0.04","0.0","0.0","0.0","0.08","67.0","1.77","26.0","48.0","521.0","46.0","0.5","0.225","0.426","0.9","27.0","0.067","0.162","1.114","0.57","0.149","0.0","62.0","0.0","337.0","0.0","2.5","310.0","0.0","0.0","0.0","0.0","0.0","3930.0","0.0","0.0","0.0","0.0","0.9","0.0","0.0","0.0","0.0","0.0","0.0","0.0","0.0","0.0","0.0","0.0","0.0","0.0"
"cms1nfe7w002funchfaeg9awd","168462","шпинат молодой","spinach raw","green","2026-07-26 10:22:11.132","23.0","2.86","0.39","3.63","91.4","2.2","0.42","0.07","0.11","0.15","0.0","0.0","0.063","0.01","0.165","0.0","0.0","0.0","0.19","99.0","2.71","79.0","49.0","558.0","79.0","0.53","0.13","0.897","1.0","28.1","0.078","0.189","0.724","0.065","0.195","0.0","194.0","0.0","469.0","0.0","2.03","482.9","0.174","0.053","0.142","0.162","0.24","5626.0","0.035","0.343","0.134","0.064","1.0","0.147","0.223","0.0","0.129","0.112","0.0","0.104","0.122","0.039","0.108","0.161","0.0","0.0"
"cms1nffbg002gunch1uktgwdu","168462","шпинат беби","spinach raw","green","2026-07-26 10:22:12.556","23.0","2.86","0.39","3.63","91.4","2.2","0.42","0.07","0.11","0.15","0.0","0.0","0.063","0.01","0.165","0.0","0.0","0.0","0.19","99.0","2.71","79.0","49.0","558.0","79.0","0.53","0.13","0.897","1.0","28.1","0.078","0.189","0.724","0.065","0.195","0.0","194.0","0.0","469.0","0.0","2.03","482.9","0.174","0.053","0.142","0.162","0.24","5626.0","0.035","0.343","0.134","0.064","1.0","0.147","0.223","0.0","0.129","0.112","0.0","0.104","0.122","0.039","0.108","0.161","0.0","0.0"
"cms1nfh77002hunch6mtq6r3t","2346388","салат айсберг","iceberg lettuce","green","2026-07-26 10:22:14.995","17.10875","0.7425","0.07375","3.36875","95.5","0.0","0.0","0.0","0.0","0.0","0.0","0.0","0.0","0.0","0.0","0.0","0.0","0.0","0.0","14.24","0.03325","6.311","19.18","139.3","16.11","0.1728","0.03335","0.08164","0.0","0.0","0.05638","0.0","0.2175","0.0","0.04013","0.0","0.0","0.0","0.0","0.0","0.0","20.5","0.0","0.0","0.0","0.0","0.0","0.0","0.0","0.0","0.0","0.0","0.0","0.0","0.0","0.0","0.0","0.0","0.0","0.0","0.0","0.0","0.0","0.0","0.0","0.0"
"cms1nfhat002iunch1wex18bz","169247","салат романо","romaine lettuce","green","2026-07-26 10:22:15.126","17.0","1.23","0.3","3.29","94.61","2.1","1.19","0.0","0.39","0.8","0.0","0.0","0.039","0.012","0.16","0.0","0.0","0.0","0.20700000000000002","33.0","0.97","14.0","30.0","247.0","8.0","0.23","0.048","0.155","0.4","4.0","0.072","0.067","0.313","0.142","0.074","0.0","136.0","0.0","436.0","0.0","0.13","102.5","0.064","0.015","0.056","0.054","0.139","5226.0","0.006","0.178","0.049","0.021","0.4","0.045","0.076","0.0","0.065","0.045","0.0","0.05","0.043","0.01","0.025","0.055","0.0","0.0"
"cms1nfj6r002junchuoe9wlcs","169819","крапива","nettles","forbidden","2026-07-26 10:22:17.571","42.0","2.71","0.11","7.49","87.67","6.9","0.25","0.1","0.07","0.07","0.0","0.0","0.0","0.0","0.0","0.0","0.0","0.0","0.0","481.0","1.64","57.0","71.0","334.0","4.0","0.34","0.076","0.779","0.3","0.0","0.008","0.16","0.388","0.0","0.103","0.0","14.0","0.0","101.0","0.0","0.0","498.6","0.0","0.0","0.0","0.0","0.0","1150.0","0.0","0.0","0.0","0.0","0.3","0.0","0.0","0.0","0.0","0.0","0.0","0.0","0.0","0.0","0.0","0.0","0.0","0.0"
"cms1nfjb7002kunchdm4g7lsy","2262075","сныть","ground elder","green","2026-07-26 10:22:17.732","545.084","18.0359","37.28","34.3551","6.804","23.13","0.0","0.0","0.0","0.0","0.0","0.0","3.281","5.944","24.73","0.0","0.0","19.42","0.0","229.9","5.778","372.1","556.4","793.4","36.74","4.738","1.344","2.405","135.9","0.0","0.5368","0.0","3.756","0.0","0.3926","33.8","41.45","0.0","0.0","0.0","0.0","3.675","0.9325","0.4025","1.085","2.211","2.311","0.0","0.0","4.846","1.386","0.5138","135.9","0.9375","1.38","1.186","1.116","0.8725","0.0","1.138","0.9313","0.3013","0.5725","1.138","0.0","0.0"
"cms1nflah002lunchwan8thbn","173470","тимьян свежий","thyme fresh","green","2026-07-26 10:22:20.298","101.0","5.56","1.68","24.45","65.11","14.0","0.0","0.0","0.0","0.0","0.0","0.0","0.467","0.081","0.532","0.0","0.0","0.0","0.617","405.0","17.45","160.0","106.0","609.0","9.0","1.81","0.555","1.719","0.0","160.1","0.048","0.471","1.824","0.409","0.348","0.0","45.0","0.0","238.0","0.0","0.0","0.0","0.126","0.0","0.0","0.0","0.0","2851.0","0.0","0.0","0.0","0.0","0.0","0.285","0.262","0.047","0.0","0.0","0.0","0.0","0.154","0.114","0.0","0.307","0.0","0.0"
"cms1nflat002munch3af4tp5j","2768201","ботва моркови","carrot greens","green","2026-07-26 10:22:20.309","341.0","8.1","1.49","79.57","4.0","23.6","38.82","0.0","0.0","0.0","0.0","0.0","0.256","0.076","0.73","0.0","0.0","0.0","1.365","212.0","3.93","118.0","346.0","2540.0","275.0","1.57","0.37","1.116","8.6","14.6","0.534","0.417","6.567","1.471","1.04","0.0","55.0","0.0","3423.0","0.0","5.45","108.0","0.315","0.056","0.464","0.338","1.077","33954.0","0.063","1.589","0.0","0.126","8.6","0.323","0.338","0.0","0.251","0.228","0.0","0.275","0.299","0.087","0.157","0.346","0.0","0.0"
"cms1nfn8c002nunch7wmdvbj7","170935","шалфей","sage","green","2026-07-26 10:22:22.813","315.0","10.63","12.75","60.73","7.96","40.3","1.71","0.0","0.0","0.0","0.0","0.0","7.03","1.87","1.76","0.0","0.0","0.0","2.29","1652.0","28.12","428.0","91.0","1070.0","11.0","4.7","0.757","3.133","3.7","32.4","0.754","0.336","5.72","0.0","2.69","0.0","274.0","0.0","295.0","0.0","7.48","1714.5","0.0","0.0","0.0","0.0","0.0","3485.0","0.0","0.0","0.0","0.0","3.7","0.0","0.0","0.0","0.0","0.0","0.0","0.0","0.0","0.0","0.0","0.0","0.0","0.0"
"cms1nfna5002ounchf41uvw4y","173473","розмарин свежий","rosemary fresh","green","2026-07-26 10:22:22.878","131.0","3.31","5.86","20.7","67.77","14.1","0.0","0.0","0.0","0.0","0.0","0.0","2.838","1.16","0.901","0.0","0.0","0.0","1.308","317.0","6.65","91.0","66.0","668.0","26.0","0.93","0.301","0.96","0.0","21.8","0.036","0.152","0.912","0.804","0.336","0.0","109.0","0.0","146.0","0.0","0.0","0.0","0.143","0.047","0.172","0.153","0.391","0.0","0.037","0.361","0.159","0.066","0.0","0.136","0.249","0.231","0.169","0.136","0.0","0.129","0.136","0.051","0.1","0.165","0.0","0.0"
"cms1nfqo5002punchdn07nvw3","170068","кресс-салат","watercress","green","2026-07-26 10:22:27.269","11.0","2.3","0.1","1.29","95.11","0.5","0.2","0.0","0.0","0.0","0.0","0.0","0.027","0.008","0.035","0.0","0.0","0.0","0.047","120.0","0.2","21.0","60.0","330.0","41.0","0.11","0.077","0.244","0.9","43.0","0.09","0.12","0.2","0.31","0.129","0.0","9.0","0.0","160.0","0.0","1.0","250.0","0.134","0.02","0.137","0.15","0.187","1914.0","0.007","0.19","0.112","0.04","0.9","0.093","0.166","0.0","0.114","0.096","0.0","0.06","0.133","0.03","0.063","0.137","0.0","0.0"
"cms1nfrgh002qunchcgjk7eem","170005","лук-батун","spring onions","green","2026-07-26 10:22:28.29","32.0","1.83","0.19","7.34","89.83","2.6","2.33","0.0","0.0","0.0","0.0","0.0","0.032","0.027","0.074","0.0","0.0","0.0","0.14400000000000002","72.0","1.48","20.0","37.0","276.0","16.0","0.39","0.083","0.16","0.6","18.8","0.055","0.08","0.525","0.075","0.061","0.0","64.0","0.0","50.0","0.0","0.55","207.0","0.091","0.02","0.082","0.132","0.169","598.0","0.0","0.378","0.091","0.032","0.6","0.077","0.109","0.0","0.059","0.121","0.0","0.082","0.072","0.02","0.053","0.081","0.0","0.0"
"cms1nfrgp002runchshdeon1r","171322","укроп сушеный","dill weed dried","green","2026-07-26 10:22:28.297","253.0","19.96","4.36","55.82","7.3","13.6","0.0","0.0","0.0","0.0","0.0","0.0","0.234","0.0","0.0","0.0","0.0","0.0","0.0","1784.0","48.78","451.0","543.0","3308.0","208.0","3.3","0.49","3.95","0.0","50.0","0.418","0.284","2.807","0.0","1.71","0.0","0.0","0.0","293.0","0.0","0.0","0.0","0.0","0.0","0.0","0.0","0.0","0.0","0.0","0.0","0.0","0.0","0.0","0.0","0.0","0.0","0.0","0.0","0.0","0.0","0.0","0.0","0.0","0.0","0.0","0.0"
"cms1nftal002sunchmahbed0f","2003603","белые грибы","porcini mushrooms","green","2026-07-26 10:22:30.67","39.8018","2.18","0.4494","6.7593","89.85","3.139","0.0","0.0","0.0","0.0","0.0","0.0","0.0","0.0","0.0","0.0","0.0","0.0","0.0","0.4325","0.7388","10.49","85.9","375.9","0.8913","0.4978","0.07302","0.156","0.38","0.0","0.007875","0.2075","6.4","0.0","0.1054","8.07","0.0","0.0","0.0","0.37","0.0","0.0","1.029","0.196","0.0","0.0","0.0","0.0","0.0","0.0","0.0","0.429","0.38","0.651","1.084","0.0","0.671","0.0","0.0","0.0","0.826","0.299","0.0","1.286","0.37","0.0"
"cms1nftg8002tuncha3g0n0ah","1999627","вешенки","oyster mushrooms","green","2026-07-26 10:22:30.872","41.0475","2.89875","0.1875","6.94125","89.24","2.85","0.0","0.0","0.0","0.0","0.0","0.0","0.0","0.0","0.0","0.0","0.0","0.0","0.0","0.0","0.6981","13.91","86.24","281.6","1.128","0.6843","0.1064","0.08554","1.379","0.0","0.07","0.2438","5.751","0.0","0.09888","7.038","63.14","0.0","0.0","0.0406","0.0","0.0","1.329","0.356","0.0","0.0","0.0","0.0","0.0","0.0","0.0","0.574","1.379","0.923","1.512","0.0","0.989","0.0","0.0","0.0","1.17","0.381","0.0","1.649","0.04063","0.0"
"cms1nftgj002uunchs4xwbxcf","170486","петрушка сушеная","parsley dried","green","2026-07-26 10:22:30.883","271.0","31.3","5.2","42.38","2.0","32.7","0.0","0.0","0.0","0.0","0.0","0.0","0.0","0.0","0.0","0.0","0.0","0.0","0.0","176.0","53.9","372.0","548.0","6300.0","391.0","6.11","0.459","1.338","32.3","149.0","1.04","2.26","10.4","2.516","1.375","0.0","194.0","0.0","63240.0","0.0","0.0","0.0","3.115","0.21","0.0","0.0","0.0","0.0","0.0","0.0","0.0","0.0","32.3","0.0","0.0","0.0","0.0","0.0","0.0","0.0","0.0","0.516","0.0","0.0","0.0","0.0"
"cms1nfvg3002vunchh9o87zkk","168422","лисички","chanterelle mushrooms","green","2026-07-26 10:22:33.46","32.0","1.49","0.53","6.86","89.85","3.8","1.16","0.0","1.16","0.0","0.0","0.0","0.0","0.0","0.0","0.0","0.0","0.0","0.0","15.0","3.47","13.0","57.0","506.0","9.0","0.71","0.353","0.286","2.2","0.0","0.015","0.215","4.085","1.075","0.044","0.0","2.0","0.0","0.0","5.3","0.0","0.0","0.0","0.0","0.0","0.0","0.0","0.0","0.0","0.0","0.0","0.0","2.2","0.0","0.0","0.0","0.0","0.0","0.0","0.0","0.0","0.0","0.0","0.0","5.3","0.0"
"cms1nfvg8002wunchm70sqzbb","2003603","опята","honey mushrooms","green","2026-07-26 10:22:33.465","39.8018","2.18","0.4494","6.7593","89.85","3.139","0.0","0.0","0.0","0.0","0.0","0.0","0.0","0.0","0.0","0.0","0.0","0.0","0.0","0.4325","0.7388","10.49","85.9","375.9","0.8913","0.4978","0.07302","0.156","0.38","0.0","0.007875","0.2075","6.4","0.0","0.1054","8.07","0.0","0.0","0.0","0.37","0.0","0.0","1.029","0.196","0.0","0.0","0.0","0.0","0.0","0.0","0.0","0.429","0.38","0.651","1.084","0.0","0.671","0.0","0.0","0.0","0.826","0.299","0.0","1.286","0.37","0.0"
"cms1nfxgi002xunchtzp3er6o","2003603","маслята","slippery jack mushrooms","forbidden","2026-07-26 10:22:36.067","39.8018","2.18","0.4494","6.7593","89.85","3.139","0.0","0.0","0.0","0.0","0.0","0.0","0.0","0.0","0.0","0.0","0.0","0.0","0.0","0.4325","0.7388","10.49","85.9","375.9","0.8913","0.4978","0.07302","0.156","0.38","0.0","0.007875","0.2075","6.4","0.0","0.1054","8.07","0.0","0.0","0.0","0.37","0.0","0.0","1.029","0.196","0.0","0.0","0.0","0.0","0.0","0.0","0.0","0.429","0.38","0.651","1.084","0.0","0.671","0.0","0.0","0.0","0.826","0.299","0.0","1.286","0.37","0.0"
"cms1nfxgy002yunch4ktdn727","169251","грузди","milk caps","green","2026-07-26 10:22:36.083","22.0","3.09","0.34","3.26","92.4","1.0","1.98","0.0","1.48","0.17","0.0","0.0","0.05","0.0","0.16","0.0","0.0","0.0","0.16","3.0","0.5","9.0","86.0","318.0","5.0","0.52","0.318","0.047","9.3","2.1","0.081","0.402","3.61","1.5","0.104","0.0","17.0","0.04","0.0","0.2","0.01","0.0","0.107","0.031","0.199","0.078","0.195","0.0","0.012","0.343","0.092","0.057","25.2","0.076","0.12","0.0","0.085","0.076","0.0","0.094","0.107","0.035","0.044","0.232","0.2","0.0"
"cms1nfzeh002zunchk47mwrr6","2768202","грибы белые сушеные","dried porcini","green","2026-07-26 10:22:38.585","277.0","3.8","1.2","70.7","22.3","4.6","66.1","0.0","0.0","0.0","0.0","0.0","0.27","0.328","0.361","0.0","0.0","0.0","0.546","33.0","1.7","42.0","181.0","1110.0","3.0","0.28","0.631","0.234","1.3","183.0","0.01","0.57","3.1","0.0","0.09","0.0","12.0","0.0","0.0","0.0","0.31","1.6","0.187","0.042","0.0","0.0","0.0","0.0","0.0","0.0","0.0","0.0","1.3","0.0","0.0","0.0","0.0","0.0","0.0","0.0","0.0","0.033","0.0","0.0","0.0","0.0"
"cms1nfzgf0030uncha8pozxi7","2003603","грибы портобелло","portobello mushrooms","green","2026-07-26 10:22:38.655","39.8018","2.18","0.4494","6.7593","89.85","3.139","0.0","0.0","0.0","0.0","0.0","0.0","0.0","0.0","0.0","0.0","0.0","0.0","0.0","0.4325","0.7388","10.49","85.9","375.9","0.8913","0.4978","0.07302","0.156","0.38","0.0","0.007875","0.2075","6.4","0.0","0.1054","8.07","0.0","0.0","0.0","0.37","0.0","0.0","1.029","0.196","0.0","0.0","0.0","0.0","0.0","0.0","0.0","0.429","0.38","0.651","1.084","0.0","0.671","0.0","0.0","0.0","0.826","0.299","0.0","1.286","0.37","0.0"
"cms1nfzgm0031unchajmwid6x","2003600","грибы эноки","enoki mushrooms","green","2026-07-26 10:22:38.663","44.4382","2.416875","0.245","8.141425","88.29","2.945","0.0","0.0","0.0","0.0","0.0","0.0","0.0","0.0","0.0","0.0","0.0","0.0","0.0","1.432","1.275","12.84","84.1","402.3","0.4167","0.4815","0.09342","0.09013","0.0","0.0","0.012","0.24","6.987","0.0","0.1188","12.48","0.0","0.0","0.0","0.0","0.0","0.0","0.925","0.19","0.0","0.0","0.0","0.0","0.0","0.0","0.0","0.472","0.0","0.643","1.053","0.0","0.819","0.0","0.0","0.0","0.784","0.268","0.0","1.353","0.0","0.0"
"cms1ng1gf0032unch6hyrhxyv","2003602","грибы мейтаке","maitake mushrooms","green","2026-07-26 10:22:41.248","37.615","2.203125","0.265","6.604375","90.37","3.071","0.0","0.0","0.0","0.0","0.0","0.0","0.0","0.0","0.0","0.0","0.0","0.0","0.0","0.0","0.2089","11.04","72.38","260.0","0.345","0.7629","0.2719","0.0584","3.269","0.0","0.009875","0.2694","6.763","0.0","0.071","32.57","0.0","0.0","0.0","1.6","0.0","0.0","2.209","0.313","0.0","0.0","0.0","0.0","0.0","0.0","0.0","0.907","3.269","1.571","2.515","0.0","1.616","0.0","0.0","0.0","1.811","0.371","0.0","2.818","1.596","0.0"
"cms1ng1gi0033unchtrrigrgx","168457","морская капуста","seaweed kelp","green","2026-07-26 10:22:41.25","43.0","1.68","0.56","9.57","81.58","1.3","0.6","0.0","0.0","0.0","0.0","0.0","0.247","0.098","0.047","0.0","0.0","0.02","0.055999999999999994","168.0","2.85","121.0","42.0","89.0","233.0","1.23","0.13","0.2","0.7","3.0","0.05","0.15","0.47","0.642","0.002","0.0","180.0","0.0","6.0","0.0","0.87","66.0","0.082","0.025","0.122","0.065","0.125","70.0","0.098","0.268","0.1","0.024","0.7","0.076","0.083","0.0","0.043","0.073","0.0","0.098","0.055","0.048","0.026","0.072","0.0","0.0"
"cms1ng1h30034unchvfbdou6y","2768203","грибы рейши порошок","reishi mushroom powder","green","2026-07-26 10:22:41.272","328.0","10.0","4.0","64.66","3.34","4.8","3.26","0.0","0.0","0.0","0.0","0.0","2.36","1.31","0.14","0.0","3.0","0.0","0.24","230.0","1.0","34.0","203.0","262.0","6580.0","1.54","0.535","0.4","5.3","7.0","0.2","0.4","3.7","0.1","0.1","0.0","31.0","0.7","0.0","0.0","0.15","0.2","0.0","0.0","0.0","0.0","0.0","1.0","0.0","0.0","0.0","0.0","5.3","0.0","0.0","0.0","0.0","0.0","0.0","0.0","0.0","0.0","0.0","0.0","0.0","0.0"
"cms1ng3gp0035unchwkclpcp9","170496","вакаме","wakame seaweed","green","2026-07-26 10:22:43.85","45.0","3.03","0.64","9.14","79.99","0.5","0.65","0.0","0.0","0.0","0.0","0.0","0.13","0.058","0.218","0.0","0.0","0.393","0.043","150.0","2.18","107.0","80.0","50.0","872.0","0.38","0.284","1.4","0.7","3.0","0.06","0.23","1.6","0.697","0.002","0.0","196.0","0.0","18.0","0.0","1.0","5.3","0.112","0.063","0.136","0.092","0.179","216.0","0.028","0.199","0.112","0.015","0.7","0.087","0.257","0.0","0.112","0.092","0.0","0.078","0.165","0.035","0.049","0.209","0.0","0.0"
"cms1ng3gt0036unchazhevr1c","168457","комбу","kombu seaweed","green","2026-07-26 10:22:43.853","43.0","1.68","0.56","9.57","81.6","1.3","0.6","0.0","0.0","0.0","0.0","0.0","0.247","0.098","0.047","0.0","0.0","0.016","0.024","168.0","2.85","121.0","42.0","89.0","233.0","1.23","0.13","0.2","0.7","3.0","0.05","0.15","0.47","0.642","0.002","0.0","180.0","0.0","6.0","0.0","0.87","66.0","0.082","0.025","0.122","0.065","0.125","70.0","0.098","0.268","0.1","0.024","7.4","0.076","0.083","0.0","0.043","0.073","0.0","0.098","0.055","0.048","0.026","0.072","0.0","0.0"
"cms1ng5c10037unchrz73n7e1","170091","спирулина","spirulina","green","2026-07-26 10:22:46.273","26.0","5.92","0.39","2.42","90.67","0.4","0.3","0.0","0.0","0.0","0.0","0.0","0.135","0.034","0.106","0.0","0.0","0.0","0.17","12.0","2.79","19.0","11.0","127.0","98.0","0.2","0.597","0.186","0.7","0.9","0.222","0.342","1.196","0.325","0.034","0.0","9.0","0.0","3.0","0.0","0.49","2.5","0.312","0.118","0.465","0.427","0.597","33.0","0.068","0.864","0.319","0.112","0.7","0.331","0.509","0.004","0.286","0.245","0.0","0.309","0.306","0.096","0.266","0.362","0.0","0.0"
"cms1ng5g50038unchn9c3vlrv","168457","ламинария","kelp seaweed","green","2026-07-26 10:22:46.421","43.0","1.68","0.56","9.57","81.58","1.3","0.6","0.0","0.0","0.0","0.0","0.0","0.247","0.098","0.047","0.0","0.0","0.02","0.055999999999999994","168.0","2.85","121.0","42.0","89.0","233.0","1.23","0.13","0.2","0.7","3.0","0.05","0.15","0.47","0.642","0.002","0.0","180.0","0.0","6.0","0.0","0.87","66.0","0.082","0.025","0.122","0.065","0.125","70.0","0.098","0.268","0.1","0.024","0.7","0.076","0.083","0.0","0.043","0.073","0.0","0.098","0.055","0.048","0.026","0.072","0.0","0.0"
"cms1ng6bl0039unch6a5lm72m","168457","ламинария сушеная","dried kelp","green","2026-07-26 10:22:47.553","43.0","1.68","0.56","9.57","81.58","1.3","0.6","0.0","0.0","0.0","0.0","0.0","0.247","0.098","0.047","0.0","0.0","0.02","0.055999999999999994","168.0","2.85","121.0","42.0","89.0","233.0","1.23","0.13","0.2","0.7","3.0","0.05","0.15","0.47","0.642","0.002","0.0","180.0","0.0","6.0","0.0","0.87","66.0","0.082","0.025","0.122","0.065","0.125","70.0","0.098","0.268","0.1","0.024","0.7","0.076","0.083","0.0","0.043","0.073","0.0","0.098","0.055","0.048","0.026","0.072","0.0","0.0"
"cms1ng86r003aunchpkvwy1mi","170090","агар-агар хлопья","agar agar","green","2026-07-26 10:22:49.971","306.0","6.21","0.3","80.88","8.68","7.7","2.97","0.0","0.0","0.0","0.0","0.0","0.061","0.027","0.102","0.0","0.0","0.184","0.019000000000000003","625.0","21.4","770.0","52.0","1125.0","102.0","5.8","0.61","4.3","7.4","0.0","0.01","0.222","0.202","3.018","0.303","0.0","580.0","0.0","0.0","0.0","5.0","24.4","0.0","0.0","0.0","0.0","0.0","0.0","0.0","0.0","0.0","0.0","7.4","0.0","0.0","0.0","0.0","0.0","0.0","0.0","0.0","0.0","0.0","0.0","0.0","0.0"
"cms1nga4a003bunchep4x8ddt","170929","горчичный порошок","mustard powder","green","2026-07-26 10:22:52.474","508.0","26.1","36.2","28.1","5.27","12.2","6.79","3.69","2.88","0.02","0.0","0.0","1.99","22.5","10.1","0.0","0.0","0.0","9.71","266.0","9.21","370.0","828.0","738.0","13.0","6.08","0.645","2.45","208.0","7.1","0.805","0.261","4.73","0.81","0.397","0.0","162.0","0.0","2.0","0.0","5.07","5.4","1.84","0.483","1.17","1.93","2.44","18.0","0.68","5.26","1.59","0.878","0.0","1.18","2.08","0.0","1.17","2.81","0.0","0.759","0.838","0.256","0.809","1.51","0.0","0.0"
"cms1nga4n003cunchu7dgkl7i","173755","кэроб","carob","green","2026-07-26 10:22:52.488","222.0","4.62","0.65","88.88","3.58","39.8","49.08","0.0","0.0","0.0","0.0","0.0","0.09","0.197","0.216","0.0","0.0","0.0","0.428","348.0","2.94","54.0","79.0","827.0","35.0","0.92","0.571","0.508","5.3","0.2","0.053","0.461","1.897","0.047","0.366","0.0","29.0","0.0","1.0","0.0","0.63","0.0","0.196","0.081","0.584","0.13","0.503","8.0","0.029","0.362","0.267","0.122","5.3","0.209","0.442","0.0","0.151","0.354","0.0","0.304","0.271","0.048","0.12","0.446","0.0","0.0"
"cms1nga6d003dunchb3musdhl","2768204","пищевые неактивные дрожжи","nutritional yeast","green","2026-07-26 10:22:52.55","185.0","23.88","0.9","20.42","40.9","6.5","1.6","0.0","0.0","0.0","0.0","1.6","0.0","0.0","0.0","0.0","0.0","0.0","0.0","67.0","4.04","180.0","104.0","2100.0","3380.0","4.19","0.245","0.261","27.6","0.0","23.375","17.5","127.5","4.6","0.0","0.0","3786.0","0.5","0.0","0.0","0.0","0.0","0.0","0.0","0.0","0.0","0.0","0.0","0.0","0.0","0.0","0.0","27.6","0.0","0.0","0.0","0.0","0.0","0.0","0.0","0.0","0.0","0.0","0.0","0.0","0.0"
"cms1ngdwt003eunchyk0xg22d","171321","гвоздика","cloves","green","2026-07-26 10:22:57.389","274.0","5.97","13.0","65.53","9.87","33.9","2.38","0.02","1.14","1.07","0.0","0.0","3.952","1.393","3.606","0.254","0.0","1.073","6.003","632.0","11.83","259.0","104.0","1020.0","277.0","2.32","0.368","60.127","7.2","0.2","0.158","0.22","1.56","0.509","0.391","0.0","25.0","0.0","8.0","0.0","8.82","141.8","0.37","0.08","0.29","0.32","0.6","45.0","0.07","0.56","0.28","0.13","7.2","0.24","0.4","0.0","0.23","0.39","0.0","0.24","0.18","0.03","0.19","0.34","0.0","0.0"
"cms1ngdwx003funch2fev0oqu","171316","бадьян","star anise","green","2026-07-26 10:22:57.393","337.0","17.6","15.9","50.0","9.54","14.6","0.0","0.0","0.0","0.0","0.0","0.0","0.586","9.78","3.15","0.0","0.0","0.0","3.15","646.0","37.0","170.0","440.0","1440.0","16.0","5.3","0.91","2.3","5.0","21.0","0.34","0.29","3.06","0.797","0.65","0.0","10.0","0.0","16.0","0.0","0.0","0.0","0.0","0.0","0.0","0.0","0.0","0.0","0.0","0.0","0.0","0.0","5.0","0.0","0.0","0.0","0.0","0.0","0.0","0.0","0.0","0.0","0.0","0.0","0.0","0.0"
"cms1ngdzv003gunchpf81wsdp","173468","сванская соль","svan salt","forbidden","2026-07-26 10:22:57.499","0.0","0.0","0.0","0.0","0.2","0.0","0.0","0.0","0.0","0.0","0.0","0.0","0.0","0.0","0.0","0.0","0.0","0.0","0.0","24.0","0.33","1.0","0.0","8.0","38800.0","0.1","0.03","0.1","0.1","0.0","0.0","0.0","0.0","0.0","0.0","0.0","0.0","0.0","0.0","0.0","0.0","0.0","0.0","0.0","0.0","0.0","0.0","0.0","0.0","0.0","0.0","0.0","1.0","0.0","0.0","0.0","0.0","0.0","0.0","0.0","0.0","0.0","0.0","0.0","0.0","0.0"
"cms1ngfuw003hunchzncwxekt","171315","перец душистый","allspice","green","2026-07-26 10:22:59.912","263.0","6.09","8.69","72.12","8.46","21.6","0.0","0.0","0.0","0.0","0.0","0.0","2.55","0.66","2.36","0.0","0.0","0.0","4.65","661.0","7.06","135.0","113.0","1044.0","77.0","1.01","0.553","2.943","2.7","39.2","0.101","0.063","2.86","0.0","0.21","0.0","36.0","0.0","27.0","0.0","0.0","0.0","0.0","0.0","0.0","0.0","0.0","0.0","0.0","0.0","0.0","0.0","2.7","0.0","0.0","0.0","0.0","0.0","0.0","0.0","0.0","0.0","0.0","0.0","0.0","0.0"
"cms1ngfxi003iunchigltqz48","171316","анис","anise seed","green","2026-07-26 10:23:00.006","337.0","17.6","15.9","50.02","9.54","14.6","0.0","0.0","0.0","0.0","0.0","0.0","0.586","9.78","3.15","0.0","0.0","0.0","6.3","646.0","36.96","170.0","440.0","1441.0","16.0","5.3","0.91","2.3","5.0","21.0","0.34","0.29","3.06","0.797","0.65","0.0","10.0","0.0","16.0","0.0","0.0","0.0","0.0","0.0","0.0","0.0","0.0","0.0","0.0","0.0","0.0","0.0","5.0","0.0","0.0","0.0","0.0","0.0","0.0","0.0","0.0","0.0","0.0","0.0","0.0","0.0"
"cms1ngfzy003junchhkjgws6y","170924","карри порошок","curry powder","green","2026-07-26 10:23:00.095","325.0","14.29","14.01","55.83","8.8","53.2","2.76","0.62","1.14","0.79","0.0","0.0","1.648","8.782","3.056","0.0","0.0","0.255","5.843999999999999","525.0","19.1","255.0","367.0","1170.0","52.0","4.7","1.2","8.3","40.3","0.7","0.176","0.2","3.26","1.07","0.105","0.0","56.0","0.0","1.0","0.0","25.24","99.8","0.7","0.19","0.55","0.89","1.79","11.0","0.2","2.27","0.79","0.29","40.3","0.63","0.89","0.012","0.58","1.24","0.0","0.39","0.35","0.11","0.4","0.75","0.0","0.0"
"cms1nghtf003kunchr1fnnkx1","2768205","гарам масала","garam masala","green","2026-07-26 10:23:02.452","57.0","3.3","0.88","10.5","84.3","2.6","2.3","0.0","0.0","0.0","0.0","0.0","0.18","0.0","0.0","0.0","0.0","0.0","0.0","22.0","1.0","0.0","0.0","0.0","92.0","0.0","0.0","0.0","0.0","0.0","0.0","0.0","0.0","0.0","0.0","0.0","0.0","0.0","0.0","0.0","0.0","0.0","0.0","0.0","0.0","0.0","0.0","233.0","0.0","0.0","0.0","0.0","0.0","0.0","0.0","0.0","0.0","0.0","0.0","0.0","0.0","0.0","0.0","0.0","0.0","0.0"
"cms1nghzh003lunchpl0f0rhe","2768206","смесь трав прованских","herbes de provence","green","2026-07-26 10:23:02.669","315.0","6.84","7.35","55.35","28.71","0.0","49.74","41.77","1.7","0.32","4.92","0.0","4.534","2.143","0.375","0.364","29.0","0.085","0.6369999999999999","251.0","0.17","22.0","193.0","350.0","129.0","0.79","0.004","0.002","2.7","2.6","0.016","0.405","0.21","0.835","0.016","0.0","11.0","0.31","74.0","0.2","0.2","1.3","0.0","0.0","0.0","0.0","0.0","14.0","0.0","0.0","0.0","0.0","2.7","0.0","0.0","0.176","0.0","0.0","73.0","0.0","0.0","0.0","0.0","0.0","0.0","0.2"
"cms1ngjut003muncho1d2uj0y","170934","шафран","saffron","green","2026-07-26 10:23:05.093","310.0","11.43","5.85","65.37","11.9","3.9","0.0","0.0","0.0","0.0","0.0","0.0","1.586","0.429","2.067","0.0","0.0","0.025","2.763","111.0","11.1","264.0","252.0","1724.0","148.0","1.09","0.328","28.408","5.6","80.8","0.115","0.267","1.46","0.0","1.01","0.0","93.0","0.0","27.0","0.0","0.0","0.0","0.0","0.0","0.0","0.0","0.0","0.0","0.0","0.0","0.0","0.0","5.6","0.0","0.0","0.0","0.0","0.0","0.0","0.0","0.0","0.0","0.0","0.0","0.0","0.0"
"cms1ngjz5003nunchviig97k0","2768207","перец розовый","pink pepper","green","2026-07-26 10:23:05.249","127.0","20.5","4.4","0.0","75.52","0.0","0.0","0.0","0.0","0.0","0.0","0.0","0.81","1.348","0.811","0.034","46.0","1.1830000000000003","0.22300000000000003","7.0","0.38","27.0","261.0","366.0","75.0","0.39","0.063","0.011","31.4","0.0","0.08","0.105","7.995","1.03","0.611","0.0","4.0","4.15","35.0","10.9","0.4","0.4","1.759","0.577","1.308","1.287","2.575","0.0","0.159","2.903","1.263","0.543","31.4","0.954","1.562","0.0","0.845","0.867","35.0","0.905","1.066","0.221","0.742","1.1","0.0","10.9"
"cms1ngjzh003ounchqfrwu5ow","170933","перец белый","white pepper","green","2026-07-26 10:23:05.261","296.0","10.4","2.12","68.61","11.42","26.2","0.0","0.0","0.0","0.0","0.0","0.0","0.626","0.789","0.616","0.0","0.0","0.0","0.0","265.0","14.31","90.0","176.0","73.0","5.0","1.13","0.91","4.3","3.1","21.0","0.022","0.126","0.212","0.0","0.1","0.0","10.0","0.0","0.0","0.0","0.0","0.0","0.0","0.0","0.0","0.0","0.0","0.0","0.0","0.0","0.0","0.0","3.1","0.0","0.0","0.0","0.0","0.0","0.0","0.0","0.0","0.0","0.0","0.0","0.0","0.0"
"cms1nglwr003punch4h6qlcoy","170918","семена тмина","caraway seeds","green","2026-07-26 10:23:07.756","333.0","19.77","14.59","49.9","9.87","38.0","0.64","0.0","0.0","0.0","0.0","0.0","0.62","7.125","3.272","0.0","0.0","0.0","6.394","689.0","16.23","258.0","568.0","1351.0","17.0","5.5","0.91","1.3","12.1","21.0","0.383","0.379","3.606","0.0","0.36","0.0","10.0","0.0","18.0","0.0","2.5","0.0","1.031","0.361","0.914","1.252","2.084","206.0","0.329","3.169","1.322","0.55","12.1","0.826","1.218","0.0","0.867","0.917","0.0","0.946","0.756","0.244","0.642","1.037","0.0","0.0"
"cms1ngm0a003qunchmd5pg5zs","170925","семена укропа","dill seed","green","2026-07-26 10:23:07.883","305.0","15.98","14.54","55.17","7.7","21.1","0.0","0.0","0.0","0.0","0.0","0.0","0.73","9.41","1.01","0.0","0.0","0.0","2.07","1516.0","16.33","256.0","277.0","1186.0","20.0","5.2","0.78","1.833","12.1","21.0","0.418","0.284","2.807","0.0","0.25","0.0","10.0","0.0","3.0","0.0","0.0","0.0","1.038","0.143","0.0","1.263","0.0","0.0","0.0","0.0","0.0","0.32","12.1","0.767","0.925","0.0","0.67","0.0","0.0","0.0","0.575","0.0","0.0","1.12","0.0","0.0"
"cms1ngm2e003runchlyoxfw7g","2768208","калинджи семена","nigella seeds","green","2026-07-26 10:23:07.958","168.0","5.3","2.3","32.0","59.3","4.8","0.0","0.0","0.0","0.0","0.0","0.0","0.621","0.293","1.225","0.0","0.0","0.0","2.167","61.0","0.6","50.0","124.0","875.0","23.0","0.83","1.069","0.132","0.0","6.1","0.29","0.17","5.3","0.816","0.298","0.0","49.0","0.0","12.0","0.0","0.0","0.0","0.408","0.069","0.241","0.354","0.585","0.0","0.083","0.742","0.333","0.148","0.0","0.317","0.403","0.21","0.571","0.264","0.0","0.355","0.276","0.088","0.39","0.383","0.0","0.0"
"cms1ngo1o003sunchrvd6rrh4","2768209","тофу запеченный","baked tofu","forbidden","2026-07-26 10:23:10.525","94.0","3.5","1.8","15.96","77.5","0.2","1.24","0.0","0.0","0.0","0.0","0.0","0.259","0.4","1.017","0.0","0.0","0.0","1.9180000000000001","118.0","1.06","40.0","38.0","47.0","35.0","0.31","0.075","0.0","13.0","2.5","0.06","0.02","0.24","0.0","0.02","0.0","6.0","0.0","2.0","0.0","0.31","3.5","0.0","0.0","0.0","0.0","0.0","20.0","0.0","0.0","0.0","0.0","13.0","0.0","0.0","0.0","0.0","0.0","0.0","0.0","0.0","0.0","0.0","0.0","0.0","0.0"
"cms1ngo2v003tunchri55pxoz","2768210","тофу копченый","smoked tofu","forbidden","2026-07-26 10:23:10.567","94.0","3.5","1.8","15.96","77.5","0.2","1.24","0.0","0.0","0.0","0.0","0.0","0.259","0.4","1.017","0.0","0.0","0.0","1.9180000000000001","118.0","1.06","40.0","38.0","47.0","35.0","0.31","0.075","0.0","13.0","2.5","0.06","0.02","0.24","0.0","0.02","0.0","6.0","0.0","2.0","0.0","0.31","3.5","0.0","0.0","0.0","0.0","0.0","20.0","0.0","0.0","0.0","0.0","13.0","0.0","0.0","0.0","0.0","0.0","0.0","0.0","0.0","0.0","0.0","0.0","0.0","0.0"
"cms1ngpxq003uunchd03vdvyu","172443","натто","natto","green","2026-07-26 10:23:12.974","211.0","19.4","11.0","12.68","55.02","5.4","4.89","0.0","0.0","0.0","0.0","0.0","1.591","2.43","6.21","0.0","0.0","0.0","11.686","217.0","8.6","115.0","174.0","729.0","7.0","3.03","0.667","1.528","8.8","13.0","0.16","0.19","0.0","0.215","0.13","0.0","8.0","0.0","0.0","0.0","0.01","23.1","1.145","0.208","0.798","0.909","1.956","0.0","0.22","3.337","0.646","0.512","8.8","0.931","1.509","0.0","0.941","1.403","0.0","1.121","0.813","0.223","0.556","1.018","0.0","0.0"
"cms1ngq42003vunchwkbioxvu","172442","мисо красное","red miso","green","2026-07-26 10:23:13.202","198.0","12.79","6.01","25.37","43.02","5.4","6.2","0.0","0.0","6.0","0.0","0.2","1.025","1.118","2.884","0.0","0.0","0.0","5.363","57.0","2.49","48.0","159.0","210.0","3728.0","2.56","0.42","0.859","7.0","0.0","0.098","0.233","0.906","0.337","0.199","0.0","19.0","0.08","4.0","0.0","0.01","29.3","0.478","0.129","0.5","0.784","1.171","52.0","0.0","1.915","0.447","0.243","7.0","0.508","0.82","0.0","0.486","0.619","0.0","0.601","0.479","0.155","0.352","0.547","0.0","0.0"
"cms1ngr4q003wunchilrzmhum","172442","мисо белое","white miso","green","2026-07-26 10:23:14.522","198.0","12.79","6.01","25.37","43.02","5.4","6.2","0.0","0.0","6.0","0.0","0.2","1.025","1.118","2.884","0.0","0.0","0.0","5.363","57.0","2.49","48.0","159.0","210.0","3728.0","2.56","0.42","0.859","7.0","0.0","0.098","0.233","0.906","0.337","0.199","0.0","19.0","0.08","4.0","0.0","0.01","29.3","0.478","0.129","0.5","0.784","1.171","52.0","0.0","1.915","0.447","0.243","7.0","0.508","0.82","0.0","0.486","0.619","0.0","0.601","0.479","0.155","0.352","0.547","0.0","0.0"
"cms1ngszs003xunchjni1a5hq","170392","кимчи","kimchi","green","2026-07-26 10:23:16.936","15.0","1.1","0.5","2.4","94.3","1.6","1.06","0.0","0.0","0.0","0.0","0.0","0.067","0.037","0.241","0.0","0.0","0.0","0.345","33.0","2.5","14.0","24.0","151.0","498.0","0.22","0.024","0.0","0.5","0.0","0.01","0.21","1.1","0.0","0.213","0.0","52.0","0.0","5.0","0.0","0.11","43.6","0.0","0.0","0.0","0.0","0.0","55.0","0.0","0.0","0.0","0.0","0.5","0.0","0.0","0.0","0.0","0.0","0.0","0.0","0.0","0.0","0.0","0.0","0.0","0.0"
"cms1ngt4f003yunchuade8fxq","1750339","моченые яблоки","pickled apples","green","2026-07-26 10:23:17.103","61.8","0.188","0.212","14.8","84.7","2.04","12.2","1.32","3.09","7.81","0.0","0.0","0.14","0.063","0.294","0.0","0.0","0.0","0.5389999999999999","4.66","0.0","4.7","9.18","95.3","0.0","0.02","0.024","0.029","0.6","0.0","0.009","0.066","0.09","0.0","0.021","0.0","0.0","0.0","3.0","0.0","0.03","3.7","0.0","0.0","0.0","0.0","0.0","30.0","0.0","0.0","0.0","0.0","0.6","0.0","0.0","0.0","0.0","0.0","0.0","0.0","0.0","0.0","0.0","0.0","0.0","0.0"
"cms1ngt5i003zunchffq1ltad","169379","соленые огурцы","pickles","forbidden","2026-07-26 10:23:17.143","11.0","0.33","0.2","2.26","94.1","1.2","1.06","0.0","0.0","0.0","0.0","0.0","0.052","0.003","0.081","0.0","0.0","0.0","0.08","0.0","0.4","4.0","14.0","23.0","1210.0","0.02","0.085","0.011","0.0","1.0","0.0","0.01","0.0","0.038","0.009","0.0","1.0","0.0","10.0","0.0","0.09","47.0","0.014","0.003","0.011","0.021","0.02","81.0","0.002","0.095","0.012","0.005","0.6","0.01","0.014","0.0","0.009","0.008","0.0","0.01","0.009","0.003","0.006","0.011","0.0","0.0"
"cms1ngv3l0040unchobcvq4k7","173469","яблочный уксус с маткой","raw apple cider vinegar","green","2026-07-26 10:23:19.666","21.0","0.0","0.0","0.93","93.81","0.0","0.4","0.0","0.1","0.3","0.0","0.0","0.0","0.0","0.0","0.0","0.0","0.0","0.0","7.0","0.2","5.0","8.0","73.0","5.0","0.04","0.008","0.249","0.1","0.0","0.0","0.0","0.0","0.0","0.0","0.0","0.0","0.0","0.0","0.0","0.0","0.0","0.0","0.0","0.0","0.0","0.0","0.0","0.0","0.0","0.0","0.0","0.1","0.0","0.0","0.0","0.0","0.0","0.0","0.0","0.0","0.0","0.0","0.0","0.0","0.0"
"cms1ngv5e0041unchq9axzuin","2768211","сироп топинамбура","jerusalem artichoke syrup","forbidden","2026-07-26 10:23:19.73","73.0","2.0","0.01","17.44","78.01","1.6","9.6","0.0","0.0","0.0","0.0","0.0","0.0","0.004","0.001","0.0","0.0","0.0","0.002","14.0","3.4","17.0","78.0","429.0","4.0","0.12","0.14","0.06","0.7","4.0","0.2","0.06","1.3","0.397","0.077","0.0","13.0","0.0","1.0","0.0","0.19","0.1","0.0","0.0","0.0","0.0","0.0","12.0","0.0","0.0","0.0","0.0","0.7","0.0","0.0","0.0","0.0","0.0","0.0","0.0","0.0","0.0","0.0","0.0","0.0","0.0"
"cms1ngv6n0042unchu0m8e0vb","2515382","кокосовый амино соус","coconut aminos","forbidden","2026-07-26 10:23:19.775","437.684","16.1385","15.28","58.9025","4.69","34.24","0.0","0.0","0.0","0.0","0.0","0.0","13.999","0.806","0.111","0.0","0.0","0.0","0.0","35.98","8.018","247.7","507.2","2088.0","46.94","3.698","2.081","5.293","26.76","0.0","0.0","0.0","0.0","0.0","0.0","0.0","0.0","0.0","0.0","0.0","0.0","0.0","0.0","0.0","0.0","0.0","0.0","0.0","0.0","0.0","0.0","0.0","26.76","0.0","0.0","0.0","0.0","0.0","0.0","0.0","0.0","0.0","0.0","0.0","0.0","0.0"
"cms1ngx2i0043unch1echh0ne","174134","цикорий растворимый","instant chicory","green","2026-07-26 10:23:22.218","3.0","0.09","0.0","0.75","98.94","0.0","0.0","0.0","0.0","0.0","0.0","0.0","0.001","0.0","0.001","0.0","0.0","0.0","0.002","4.0","0.05","3.0","3.0","35.0","7.0","0.01","0.01","0.012","0.1","0.0","0.0","0.003","0.218","0.001","0.0","0.0","0.0","0.0","0.0","0.0","0.0","0.0","0.0","0.0","0.0","0.0","0.0","0.0","0.0","0.0","0.0","0.0","0.1","0.0","0.0","0.0","0.0","0.0","0.0","0.0","0.0","0.0","0.0","0.0","0.0","0.0"
"cms1ngx6q0045unchtk7qyfeo","170277","сироп агавы","agave syrup","forbidden","2026-07-26 10:23:22.37","310.0","0.09","0.45","76.37","22.94","0.2","68.03","0.0","12.43","55.6","0.0","0.0","0.0","0.0","0.0","0.0","0.0","0.0","0.0","1.0","0.09","1.0","1.0","4.0","4.0","0.01","0.009","0.005","1.7","17.0","0.122","0.165","0.689","0.0","0.234","0.0","30.0","0.0","8.0","0.0","0.98","22.5","0.0","0.0","0.0","0.0","0.0","94.0","0.0","0.0","0.0","0.0","1.7","0.0","0.0","0.0","0.0","0.0","0.0","0.0","0.0","0.0","0.0","0.0","0.0","0.0"
"cms1ngz6a0046unchahk1east","2768212","маковое молоко","poppy seed milk","green","2026-07-26 10:23:24.947","525.0","17.99","41.56","28.13","5.95","19.5","2.99","2.33","0.37","0.29","0.0","0.0","4.517","5.982","28.569","0.0","0.0","0.273","56.863","1438.0","9.76","347.0","870.0","719.0","26.0","7.9","1.627","6.707","13.5","1.0","0.854","0.1","0.896","0.324","0.247","0.0","82.0","0.0","0.0","0.0","1.77","0.0","0.952","0.502","0.839","1.945","2.365","0.0","0.297","4.299","0.952","0.471","13.5","0.819","1.321","0.0","0.758","2.754","0.0","0.952","0.686","0.184","0.727","1.095","0.0","0.0"
"cms1ngz6d0047unchdvno38u4","2768213","кедровое молоко","pine nut milk","green","2026-07-26 10:23:24.949","673.0","13.69","68.37","13.08","2.28","3.7","3.59","3.45","0.07","0.07","0.0","0.0","4.899","18.764","34.071","0.0","0.0","0.112","66.464","16.0","5.53","251.0","575.0","597.0","2.0","6.45","1.324","8.802","0.7","0.8","0.364","0.227","4.387","0.313","0.094","0.0","34.0","0.0","1.0","0.0","9.33","53.9","0.54","0.259","0.684","2.413","1.303","17.0","0.289","2.926","0.691","0.341","0.7","0.542","0.991","0.0","0.524","0.673","0.0","0.835","0.37","0.107","0.509","0.687","0.0","0.0"
"cms1nh0z10048unch365ghlez","2768214","иван-чай","fireweed tea","green","2026-07-26 10:23:27.277","103.0","4.71","2.75","19.22","70.78","10.6","0.0","0.0","0.0","0.0","0.0","0.0","0.0","0.0","0.0","0.0","0.0","0.0","0.0","429.0","2.4","156.0","108.0","494.0","34.0","2.66","0.32","6.704","0.9","2.2","0.033","0.137","4.674","1.356","0.632","0.0","112.0","0.0","180.0","0.0","0.0","0.0","0.0","0.0","0.0","0.0","0.0","0.0","0.0","0.0","0.0","0.0","0.9","0.0","0.0","0.0","0.0","0.0","0.0","0.0","0.0","0.0","0.0","0.0","0.0","0.0"
"cms1nh16n0049unchzogh4q89","170171","кокосовые сливки","coconut cream","forbidden","2026-07-26 10:23:27.552","357.0","1.17","16.31","53.21","28.97","0.2","51.5","51.5","0.0","0.0","0.0","0.0","15.472","0.679","0.159","0.0","0.0","0.0","0.318","4.0","0.13","17.0","22.0","101.0","36.0","0.6","0.236","0.815","5.5","0.0","0.022","0.04","0.038","0.163","0.029","0.0","14.0","0.0","0.0","0.0","0.13","0.1","0.052","0.022","0.06","0.192","0.115","0.0","0.023","0.268","0.056","0.027","5.5","0.046","0.087","0.0","0.06","0.048","0.0","0.061","0.043","0.013","0.036","0.071","0.0","0.0"
"cms1nju300000unhkykmuuiix","2768215","гречневая лапша","buckwheat noodles","green","2026-07-26 10:25:38.316","343.0","13.25","3.4","71.5","9.75","10.0","0.0","0.0","0.0","0.0","0.0","0.0","0.741","1.04","1.039","0.0","0.0","0.0","2.0","18.0","2.2","231.0","347.0","460.0","1.0","2.4","1.1","1.3","8.3","0.0","0.101","0.425","7.02","1.233","0.21","0.0","30.0","0.0","0.0","0.0","0.0","0.0","0.672","0.172","0.748","0.982","1.133","0.0","0.229","2.046","1.031","0.309","8.3","0.498","0.832","0.0","0.52","0.507","0.0","0.685","0.506","0.192","0.241","0.678","0.0","0.0"
"cms1nknfb0001unhkkuqg0j5o","171719","черешня","cherries sweet","green","2026-07-26 10:26:16.344","63.0","1.06","0.2","16.01","82.25","2.1","12.82","0.15","6.59","5.37","0.0","0.12","0.038","0.047","0.052","0.0","0.0","0.0","0.08","13.0","0.36","11.0","21.0","222.0","0.0","0.07","0.06","0.07","0.0","7.0","0.027","0.033","0.154","0.199","0.049","0.0","4.0","0.0","3.0","0.0","0.07","2.1","0.032","0.01","0.026","0.018","0.569","38.0","0.01","0.083","0.023","0.015","0.0","0.02","0.03","0.0","0.024","0.039","0.0","0.03","0.022","0.009","0.014","0.024","0.0","0.0"
"cms1q7l3f0000un8jy2tjr79q","170199","говядина","beef raw","forbidden","2026-07-26 11:40:05.643","198.0","14.68","14.9","0.14","66.56","0.0","0.0","0.0","0.0","0.0","0.0","0.0","4.73","7.18","0.53","0.0","54.0","0.0","0.91","7.0","1.69","14.0","117.0","297.0","1217.0","2.85","0.11","0.02","19.0","27.0","0.043","0.157","3.66","0.57","0.29","0.0","5.0","1.78","0.0","0.0","0.0","0.0","1.125","0.341","1.057","0.907","1.438","0.0","0.188","2.391","1.226","0.467","19.0","0.634","1.078","0.0","0.529","1.057","0.0","0.592","0.554","0.134","0.479","0.646","0.0","0.0"
"cms1q7l4q0001un8jttuv7h72","175290","телятина","veal raw","forbidden","2026-07-26 11:40:05.69","197.0","18.58","13.06","0.0","66.16","0.0","0.0","0.0","0.0","0.0","0.0","0.0","5.108","6.159","0.732","0.696","49.0","0.098","1.346","12.0","1.37","31.0","197.0","198.0","103.0","2.51","0.088","0.008","13.1","0.0","0.113","0.28","5.52","0.67","0.446","0.0","3.0","2.28","0.0","1.3","0.49","1.4","1.531","0.434","1.105","1.093","1.603","0.0","0.21","2.938","0.954","0.674","13.1","0.915","1.478","0.0","0.749","0.776","0.0","0.696","0.812","0.188","0.592","1.027","0.0","1.3"
"cms1q7nf50002un8jbe9e8qsk","2514745","свинина","pork raw","forbidden","2026-07-26 11:40:08.657","228.2728","17.80625","17.49","0.0","63.87","0.0","0.0","0.0","0.0","0.0","0.0","0.0","6.283","7.777","2.553","0.066","71.16","0.0","0.0","5.857","0.7876","19.03","173.3","317.7","53.63","2.226","0.0666","0.0","0.0","0.0","0.0","0.0","0.0","0.0","0.0","0.0","0.0","0.0","0.0","0.0","0.0","0.0","0.0","0.0","0.0","0.0","0.0","0.0","0.0","0.0","0.0","0.0","0.0","0.0","0.0","0.0","0.0","0.0","0.0","0.0","0.0","0.0","0.0","0.0","0.0","0.0"
"cms1q7pg10003un8jz4x52j3c","174370","ягнятина","lamb raw","forbidden","2026-07-26 11:40:11.282","282.0","16.56","23.41","0.0","59.47","0.0","0.0","0.0","0.0","0.0","0.0","0.0","10.19","9.6","1.85","0.0","73.0","0.08","3.22","16.0","1.55","21.0","157.0","222.0","59.0","3.41","0.101","0.019","18.8","0.0","0.11","0.21","5.96","0.65","0.13","0.0","18.0","2.31","0.0","0.1","0.2","3.6","1.462","0.425","0.996","0.984","1.457","0.0","0.198","2.402","0.809","0.524","18.8","0.799","1.288","0.0","0.674","0.694","0.0","0.615","0.709","0.193","0.556","0.893","0.0","0.1"
"cms1q7q7d0004un8jbs5c8htb","174370","баранина","lamb raw","forbidden","2026-07-26 11:40:12.265","282.0","16.56","23.41","0.0","59.47","0.0","0.0","0.0","0.0","0.0","0.0","0.0","10.19","9.6","1.85","0.0","73.0","0.08","3.22","16.0","1.55","21.0","157.0","222.0","59.0","3.41","0.101","0.019","18.8","0.0","0.11","0.21","5.96","0.65","0.13","0.0","18.0","2.31","0.0","0.1","0.2","3.6","1.462","0.425","0.996","0.984","1.457","0.0","0.198","2.402","0.809","0.524","18.8","0.799","1.288","0.0","0.674","0.694","0.0","0.615","0.709","0.193","0.556","0.893","0.0","0.1"
"cms1q7q7m0005un8j802zew7m","174347","кролик","rabbit raw","forbidden","2026-07-26 11:40:12.274","114.0","21.79","2.32","0.0","74.51","0.0","0.0","0.0","0.0","0.0","0.0","0.0","0.69","0.63","0.45","0.0","81.0","0.0","0.8099999999999999","12.0","3.2","29.0","226.0","378.0","50.0","0.0","0.0","0.0","9.4","0.0","0.03","0.06","6.5","0.0","0.0","0.0","0.0","0.0","0.0","0.0","0.0","0.0","1.908","0.545","1.315","1.346","2.129","0.0","0.274","3.496","1.183","0.611","9.4","1.034","1.698","0.11","0.895","1.065","0.0","0.966","0.975","0.288","0.776","1.108","0.0","0.0"
"cms1q7s6b0006un8jmctx3ss9","167622","оленина","venison raw","forbidden","2026-07-26 11:40:14.82","116.0","21.5","2.66","0.0","75.0","0.0","0.0","0.0","0.0","0.0","0.0","0.0","0.63","0.34","0.35","0.0","18.0","0.0","0.41","7.0","2.9","0.0","0.0","0.0","0.0","0.0","0.0","0.0","0.0","0.0","0.2","0.36","6.6","0.0","0.0","0.0","0.0","0.0","0.0","0.0","0.0","0.0","0.0","0.0","0.0","0.0","0.0","0.0","0.0","0.0","0.0","0.0","0.0","0.0","0.0","0.0","0.0","0.0","0.0","0.0","0.0","0.0","0.0","0.0","0.0","0.0"
"cms1q7s6e0007un8jmau681h3","171116","курица","chicken raw","forbidden","2026-07-26 11:40:14.823","143.0","17.44","8.1","0.04","73.24","0.0","0.0","0.0","0.0","0.0","0.0","0.0","2.301","3.611","1.508","0.065","86.0","0.209","2.793","6.0","0.82","21.0","178.0","522.0","60.0","1.47","0.065","0.016","10.2","0.0","0.109","0.241","5.575","1.092","0.512","0.0","1.0","0.56","0.0","0.0","0.27","0.8","1.509","0.446","0.991","1.128","1.616","0.0","0.188","2.611","0.838","0.529","10.2","0.794","1.361","0.0","0.683","0.658","0.0","0.731","0.727","0.147","0.604","0.826","0.0","0.0"
"cms1q7s6q0008un8jv5iz5nl9","175086","конина","horse meat raw","forbidden","2026-07-26 11:40:14.834","133.0","21.39","4.6","0.0","72.63","0.0","0.0","0.0","0.0","0.0","0.0","0.0","1.44","1.61","0.65","0.0","52.0","0.0","0.94","6.0","3.82","24.0","221.0","360.0","53.0","2.9","0.144","0.019","10.1","1.0","0.13","0.1","4.6","0.0","0.38","0.0","0.0","3.0","0.0","0.0","0.0","0.0","1.823","0.473","1.228","1.401","2.104","0.0","0.299","3.116","1.033","0.822","10.1","1.014","1.696","0.16","0.879","0.994","0.0","0.817","0.959","0.265","0.67","1.108","0.0","0.0"
"cms1q7u5n0009un8jncjvrcze","174467","утка","duck raw","forbidden","2026-07-26 11:40:17.388","136.0","18.74","4.64","3.53","71.78","0.0","0.0","0.0","0.0","0.0","0.0","0.0","1.44","0.71","0.63","0.0","515.0","0.26","1.0","11.0","30.53","24.0","269.0","230.0","140.0","3.07","5.962","0.258","67.0","4.5","0.562","0.892","6.5","6.184","0.76","0.0","738.0","54.0","11984.0","0.0","0.0","0.0","1.418","0.444","1.088","1.148","1.781","0.0","0.252","2.428","1.088","0.498","67.0","0.995","1.691","0.63","0.932","0.929","11984.0","0.806","0.833","0.264","0.66","1.181","0.0","0.0"
"cms1q7u5q000aun8jqc7zttrm","172415","гусь","goose raw","forbidden","2026-07-26 11:40:17.39","133.0","16.37","4.28","6.32","71.78","0.0","0.0","0.0","0.0","0.0","0.0","0.0","1.59","0.81","0.26","0.0","515.0","0.07","0.44","43.0","30.53","24.0","261.0","230.0","140.0","3.07","7.522","0.0","68.1","4.5","0.562","0.892","6.5","6.184","0.76","0.0","738.0","54.0","9309.0","0.0","0.0","0.0","1.239","0.388","0.951","1.003","1.556","0.0","0.22","2.121","0.951","0.435","68.1","0.87","1.477","0.76","0.815","0.812","9309.0","0.705","0.728","0.23","0.576","1.032","0.0","0.0"
"cms1q7u7z000bun8jivx9xxzy","171505","индейка","turkey raw","forbidden","2026-07-26 11:40:17.471","148.0","19.66","7.66","0.0","72.36","0.0","0.0","0.0","0.0","0.0","0.0","0.0","2.024","2.635","2.205","0.103","69.0","0.24900000000000003","4.07","19.0","1.09","23.0","200.0","237.0","58.0","2.35","0.096","0.008","21.9","0.0","0.066","0.156","6.733","0.993","0.564","0.0","7.0","1.0","20.0","0.4","0.09","0.0","1.757","0.578","1.223","1.426","1.897","0.0","0.208","3.144","1.075","0.582","21.9","0.88","1.622","0.003","0.765","0.869","20.0","0.835","0.901","0.223","0.696","0.91","0.0","0.0"
"cms1q7w6t000cun8jyraimy5k","172416","цесарка","guinea fowl raw","forbidden","2026-07-26 11:40:20.021","158.0","23.4","6.45","0.0","68.9","0.0","0.0","0.0","0.0","0.0","0.0","0.0","1.77","2.43","1.41","0.0","74.0","0.17","2.4999999999999996","11.0","0.84","22.0","153.0","193.0","67.0","1.13","0.043","0.018","16.3","1.3","0.059","0.102","7.667","0.879","0.38","0.0","5.0","0.34","28.0","0.0","0.0","0.0","1.891","0.618","1.378","1.476","2.087","0.0","0.314","3.407","1.572","0.681","16.3","1.156","1.693","0.0","0.906","1.162","28.0","0.829","0.963","0.259","0.748","1.132","0.0","0.0"
"cms1q7w71000dun8j2cr99adu","172418","перепел","quail raw","forbidden","2026-07-26 11:40:20.029","192.0","19.63","12.05","0.0","69.65","0.0","0.0","0.0","0.0","0.0","0.0","0.0","3.38","4.18","2.98","0.0","76.0","0.22000000000000003","5.159999999999999","13.0","3.97","23.0","275.0","216.0","53.0","2.42","0.507","0.019","16.6","6.1","0.244","0.26","7.538","0.772","0.6","0.0","8.0","0.43","73.0","0.0","0.0","0.0","1.645","0.591","1.26","1.279","1.652","0.0","0.34","2.53","1.542","0.696","16.6","1.013","1.613","0.0","0.826","0.866","73.0","0.937","0.945","0.288","0.849","1.033","0.0","0.0"
"cms1q7w91000eun8jmfihjmzy","174483","страус","ostrich raw","forbidden","2026-07-26 11:40:20.101","117.0","21.81","2.65","0.0","75.93","0.0","0.0","0.0","0.0","0.0","0.0","0.0","0.95","0.95","0.5","0.0","73.0","0.14","0.83","6.0","4.38","22.0","211.0","308.0","75.0","3.71","0.136","0.017","34.9","0.0","0.196","0.288","4.722","1.165","0.513","0.0","8.0","4.97","0.0","0.0","0.2","0.0","1.926","0.61","1.399","1.492","2.04","0.0","0.224","3.343","1.458","0.548","34.9","1.036","1.772","0.23","0.9","1.137","0.0","0.873","0.957","0.194","0.709","1.077","0.0","0.0"
"cms1q7y9o000fun8jqe4bvegd","169451","печень говяжья","beef liver raw","forbidden","2026-07-26 11:40:22.717","135.0","20.36","3.63","3.89","70.81","0.0","0.0","0.0","0.0","0.0","0.0","0.0","1.233","0.479","0.465","0.17","275.0","0.148","0.755","5.0","4.9","18.0","387.0","313.0","69.0","4.0","9.755","0.31","39.7","1.3","0.189","2.755","13.175","7.173","1.083","0.0","290.0","59.3","4968.0","1.2","0.38","3.1","1.607","0.543","1.164","1.241","1.927","232.0","0.376","2.612","1.164","0.629","39.7","0.967","1.91","0.0","1.084","0.961","4948.0","0.905","0.869","0.263","0.807","1.26","0.0","1.2"
"cms1q7y9r000gun8jbwuhvh02","171060","печень куриная","chicken liver raw","forbidden","2026-07-26 11:40:22.719","119.0","16.92","4.83","0.73","76.46","0.0","0.0","0.0","0.0","0.0","0.0","0.0","1.563","1.249","1.306","0.065","345.0","0.332","1.288","8.0","8.99","19.0","297.0","230.0","71.0","2.67","0.492","0.255","54.6","17.9","0.305","1.778","9.728","6.233","0.853","0.0","588.0","16.58","3296.0","0.0","0.7","0.0","1.332","0.432","0.993","1.093","1.593","56.0","0.272","2.093","0.849","0.507","54.6","0.813","1.512","0.0","0.824","0.726","3290.0","0.735","0.725","0.176","0.653","0.998","0.0","0.0"
"cms1q7ya5000hun8j3nsrcf04","168625","сердце","heart beef raw","forbidden","2026-07-26 11:40:22.733","112.0","17.72","3.94","0.14","77.11","0.0","0.0","0.0","0.0","0.0","0.0","0.0","1.383","1.137","0.546","0.18","124.0","0.139","0.934","7.0","4.31","21.0","212.0","287.0","98.0","1.7","0.396","0.035","21.8","2.0","0.238","0.906","7.53","1.79","0.279","0.0","3.0","8.55","0.0","0.0","0.22","0.0","0.0","0.0","0.0","0.0","0.0","0.0","0.0","0.0","0.0","0.0","21.8","0.0","0.0","0.0","0.0","0.0","0.0","0.0","0.0","0.0","0.0","0.0","0.0","0.0"
"cms1q808g000iun8j760gspqz","168275","язык свиной","pork tongue raw","forbidden","2026-07-26 11:40:25.264","225.0","16.3","17.2","0.0","65.9","0.0","0.0","0.0","0.0","0.0","0.0","0.0","5.96","8.13","1.78","0.0","101.0","0.0","3.48","16.0","3.35","18.0","193.0","243.0","110.0","3.01","0.07","0.011","10.4","4.4","0.49","0.485","5.3","0.641","0.24","0.0","4.0","2.84","0.0","0.0","0.29","0.0","1.333","0.365","0.861","1.007","1.515","0.0","0.235","2.052","1.205","0.409","10.4","0.743","1.307","0.0","0.675","0.861","0.0","0.678","0.689","0.188","0.496","0.848","0.0","0.0"
"cms1q8096000jun8jzc913rk9","170196","язык говяжий","beef tongue raw","forbidden","2026-07-26 11:40:25.291","224.0","14.9","16.09","3.68","64.53","0.0","0.0","0.0","0.0","0.0","0.0","0.0","7.0","7.24","0.9","0.0","87.0","0.31","1.47","6.0","2.95","16.0","133.0","315.0","69.0","2.87","0.17","0.026","9.4","3.1","0.125","0.34","4.24","0.653","0.31","0.0","7.0","3.79","0.0","0.0","0.0","0.0","1.149","0.315","0.858","0.949","1.361","0.0","0.195","2.053","0.894","0.386","9.4","0.641","1.113","0.0","0.615","0.696","0.0","0.601","0.648","0.114","0.482","0.713","0.0","0.0"
"cms1q80b1000kun8jmph554pv","169449","почки","beef kidneys raw","forbidden","2026-07-26 11:40:25.358","99.0","17.4","3.09","0.29","77.89","0.0","0.0","0.0","0.0","0.0","0.0","0.0","0.868","0.586","0.545","0.1","411.0","0.23500000000000001","0.825","13.0","4.6","17.0","257.0","262.0","182.0","1.92","0.426","0.142","141.0","9.4","0.357","2.84","8.03","3.97","0.665","0.0","98.0","27.5","419.0","1.1","0.22","0.0","0.0","0.0","0.0","0.0","0.0","0.0","0.0","0.0","0.0","0.0","141.0","0.0","0.0","0.0","0.0","0.0","419.0","0.0","0.0","0.0","0.0","0.0","0.0","1.1"
"cms1q82cn000lun8jsn7b3kkh","171456","желудки куриные","chicken gizzards raw","forbidden","2026-07-26 11:40:28.007","94.0","17.66","2.06","0.0","79.33","0.0","0.0","0.0","0.0","0.0","0.0","0.0","0.529","0.512","0.357","0.06","240.0","0.09499999999999999","0.581","11.0","2.49","15.0","148.0","237.0","69.0","2.72","0.116","0.055","25.5","3.7","0.028","0.231","3.68","0.631","0.112","0.0","5.0","1.21","19.0","0.0","0.33","0.0","0.0","0.0","0.0","0.0","0.0","0.0","0.0","0.0","0.0","0.0","25.5","0.0","0.0","0.0","0.0","0.0","19.0","0.0","0.0","0.0","0.0","0.0","0.0","0.0"
"cms1q82cp000mun8j4owoixxi","174584","колбаса вареная","sausage","forbidden","2026-07-26 11:40:28.009","309.0","11.98","28.23","0.94","56.49","0.0","0.94","0.24","0.7","0.0","0.0","0.0","9.313","11.212","3.626","0.231","61.0","0.233","6.7490000000000006","11.0","0.59","11.0","157.0","483.0","827.0","1.31","0.176","0.011","18.3","0.0","0.212","0.18","2.807","0.536","0.179","0.0","1.0","0.66","0.0","1.1","0.25","0.0","1.745","0.596","1.419","1.454","2.033","0.0","0.248","3.327","1.561","0.699","18.3","0.951","1.692","0.0","0.848","1.121","0.0","0.919","0.929","0.216","0.699","1.068","0.0","0.0"
"cms1q82kg000nun8jnmksr9zt","174584","сосиски","sausage","forbidden","2026-07-26 11:40:28.288","309.0","11.98","28.23","0.94","56.49","0.0","0.94","0.24","0.7","0.0","0.0","0.0","9.313","11.212","3.626","0.231","61.0","0.233","6.7490000000000006","11.0","0.59","11.0","157.0","483.0","827.0","1.31","0.176","0.011","18.3","0.0","0.212","0.18","2.807","0.536","0.179","0.0","1.0","0.66","0.0","1.1","0.25","0.0","1.745","0.596","1.419","1.454","2.033","0.0","0.248","3.327","1.561","0.699","18.3","0.951","1.692","0.0","0.848","1.121","0.0","0.919","0.929","0.216","0.699","1.068","0.0","0.0"
"cms1q84kt000oun8jx30h7qnk","173865","ветчина","ham","forbidden","2026-07-26 11:40:30.893","263.0","16.28","20.68","1.84","57.35","0.0","0.0","0.0","0.0","0.0","0.0","0.0","7.181","9.581","2.47","0.0","70.0","0.0","4.630000000000001","10.0","0.79","16.0","157.0","311.0","1245.0","1.9","0.08","0.031","20.0","0.0","0.712","0.19","4.162","0.18","0.26","0.0","1.0","0.95","0.0","0.7","0.27","0.0","1.364","0.456","0.948","1.023","1.5","0.0","0.19","2.338","0.883","0.604","20.0","0.7","1.258","0.0","0.641","0.713","0.0","0.677","0.734","0.156","0.536","0.747","0.0","0.7"
"cms1q84kv000pun8j5abyhmk6","172439","бекон","bacon","forbidden","2026-07-26 11:40:30.896","309.0","11.69","29.52","5.31","48.98","2.6","0.0","0.0","0.0","0.0","0.0","0.0","4.622","7.095","15.441","0.0","0.0","0.0","29.198","23.0","2.41","19.0","70.0","170.0","1465.0","0.42","0.105","0.205","7.4","0.0","4.4","0.481","7.56","0.113","0.479","0.0","42.0","0.0","4.0","0.0","6.9","0.0","0.727","0.146","0.492","0.875","1.33","53.0","0.176","2.429","0.473","0.299","7.4","0.559","0.914","0.0","0.611","0.643","0.0","0.626","0.453","0.161","0.4","0.593","0.0","0.0"
"cms1q84l7000qun8jwjku9e6o","174584","колбаса копченая","sausage smoked","forbidden","2026-07-26 11:40:30.907","309.0","11.98","28.23","0.94","56.49","0.0","0.94","0.24","0.7","0.0","0.0","0.0","9.313","11.212","3.626","0.231","61.0","0.233","6.7490000000000006","11.0","0.59","11.0","157.0","483.0","827.0","1.31","0.176","0.011","18.3","0.0","0.212","0.18","2.807","0.536","0.179","0.0","1.0","0.66","0.0","1.1","0.25","0.0","1.745","0.596","1.419","1.454","2.033","0.0","0.248","3.327","1.561","0.699","18.3","0.951","1.692","0.0","0.848","1.121","0.0","0.919","0.929","0.216","0.699","1.068","0.0","0.0"
"cms1q86iz000run8jd726qt00","172928","паштет мясной","pate liver","forbidden","2026-07-26 11:40:33.419","201.0","13.45","13.1","6.55","65.64","0.0","0.0","0.0","0.0","0.0","0.0","0.0","4.0","5.28","2.46","0.0","391.0","0.1","4.52","10.0","9.19","13.0","175.0","95.0","386.0","2.14","0.18","0.162","46.1","10.0","0.052","1.401","7.517","2.62","0.26","0.0","321.0","8.07","217.0","0.0","0.98","0.0","0.953","0.34","0.763","0.816","1.251","0.0","0.218","1.942","0.693","0.347","46.1","0.735","1.196","0.0","0.694","0.7","217.0","0.687","0.601","0.195","0.49","0.863","0.0","0.0"
"cms1q86kv000sun8jumo4t2a9","2768216","салями","salami","forbidden","2026-07-26 11:40:33.487","261.0","12.6","22.2","1.9","60.0","0.0","1.5","0.0","0.0","0.0","0.0","0.0","9.865","10.648","1.036","0.0","71.0","0.0","1.697","6.0","2.2","13.0","205.0","188.0","1140.0","1.77","0.19","0.046","14.6","0.0","0.103","0.189","3.238","0.95","0.18","0.0","2.0","3.06","0.0","1.2","0.19","1.3","1.152","0.349","1.083","0.929","1.472","0.0","0.192","2.449","1.256","0.479","14.6","0.65","1.104","0.0","0.541","1.083","0.0","0.606","0.568","0.137","0.491","0.662","0.0","0.0"
"cms1q86li000tun8jpuqee1nx","167813","сало","pork fat raw","forbidden","2026-07-26 11:40:33.51","632.0","9.25","65.7","0.0","24.76","0.0","0.0","0.0","0.0","0.0","0.0","0.0","21.979","28.041","13.186","0.6","72.0","0.882","24.436000000000003","14.0","0.26","6.0","84.0","333.0","47.0","0.6","0.067","0.0","9.0","0.0","0.16","0.09","2.63","0.43","0.143","0.0","0.0","0.67","26.0","1.7","0.42","0.0","0.823","0.254","0.53","0.596","0.865","0.0","0.104","1.413","0.418","0.376","9.0","0.438","0.761","0.0","0.384","0.374","26.0","0.386","0.407","0.11","0.366","0.468","0.0","1.7"
"cms1q88n2000uun8j18xa8nef","2646168","карбонад","pork loin raw","forbidden","2026-07-26 11:40:36.158","167.769","21.11875","9.469","0.0","68.82","0.0","0.0","0.0","0.0","0.0","0.0","0.0","3.285","3.946","1.379","0.02875","55.93","0.0","0.0","4.111","0.4519","21.96","196.8","361.2","40.2","1.57","0.0382","0.0","0.0","0.0","0.0","0.0","0.0","0.0","0.0","0.0","0.0","0.0","0.0","0.0","0.0","0.0","0.0","0.0","0.0","0.0","0.0","0.0","0.0","0.0","0.0","0.0","0.0","0.0","0.0","0.0","0.0","0.0","0.0","0.0","0.0","0.0","0.0","0.0","0.0","0.0"
"cms1q88ni000vun8jz612uu7x","168608","фарш мясной","ground beef raw","forbidden","2026-07-26 11:40:36.175","198.0","19.42","12.73","0.0","67.13","0.0","0.0","0.0","0.0","0.0","0.0","0.0","5.335","4.8","0.532","0.751","62.0","0.11699999999999999","0.935","12.0","1.99","19.0","175.0","289.0","68.0","4.55","0.063","0.01","14.2","0.0","0.049","0.154","4.818","0.576","0.355","0.0","6.0","1.97","0.0","0.0","0.35","1.1","0.0","0.0","0.0","0.0","0.0","0.0","0.0","0.0","0.0","0.0","14.2","0.0","0.0","0.0","0.0","0.0","0.0","0.0","0.0","0.0","0.0","0.0","0.0","0.0"
"cms1q88or000wun8jyoydk37z","170199","грудинка","brisket raw","forbidden","2026-07-26 11:40:36.219","198.0","14.68","14.9","0.14","66.56","0.0","0.0","0.0","0.0","0.0","0.0","0.0","4.73","7.18","0.53","0.0","54.0","0.0","0.91","7.0","1.69","14.0","117.0","297.0","1217.0","2.85","0.11","0.02","19.0","27.0","0.043","0.157","3.66","0.57","0.29","0.0","5.0","1.78","0.0","0.0","0.0","0.0","1.125","0.341","1.057","0.907","1.438","0.0","0.188","2.391","1.226","0.467","19.0","0.634","1.078","0.0","0.529","1.057","0.0","0.592","0.554","0.134","0.479","0.646","0.0","0.0"
"cms1q8apb000xun8jp057kf5v","174577","шпикачки","sausage pork","forbidden","2026-07-26 11:40:38.832","326.0","14.1","28.72","1.63","53.15","0.0","0.0","0.0","0.0","0.0","0.0","0.0","10.33","13.52","3.08","0.0","70.0","0.0","5.87","12.0","1.44","14.0","136.0","237.0","876.0","1.93","0.09","0.049","17.7","1.0","0.502","0.148","3.443","0.45","0.19","0.0","2.0","0.98","0.0","0.0","0.0","0.0","1.11","0.379","0.902","0.925","1.293","0.0","0.157","2.117","0.992","0.444","17.7","0.611","1.076","0.0","0.539","0.712","0.0","0.584","0.591","0.138","0.444","0.679","0.0","0.0"
"cms1q8apr000yun8jaw1ak9pj","169187","буженина","pork shoulder raw","forbidden","2026-07-26 11:40:38.847","127.0","22.54","3.4","0.0","74.37","0.0","0.0","0.0","0.0","0.0","0.0","0.0","1.074","1.473","0.488","0.015","60.0","0.069","0.8810000000000001","7.0","0.89","26.0","229.0","378.0","54.0","1.95","0.076","0.014","25.8","0.0","0.645","0.465","9.602","0.982","0.722","0.0","0.0","0.87","0.0","0.0","0.08","0.0","2.005","0.618","1.291","1.453","2.109","0.0","0.254","3.444","1.019","0.917","25.8","1.068","1.856","0.0","0.937","0.912","0.0","0.942","0.991","0.268","0.893","1.14","0.0","0.0"
"cms1q8aq5000zun8jbohhif6t","174577","сардельки","sausage pork","forbidden","2026-07-26 11:40:38.861","326.0","14.1","28.72","1.63","53.15","0.0","0.0","0.0","0.0","0.0","0.0","0.0","10.33","13.52","3.08","0.0","70.0","0.0","5.87","12.0","1.44","14.0","136.0","237.0","876.0","1.93","0.09","0.049","17.7","1.0","0.502","0.148","3.443","0.45","0.19","0.0","2.0","0.98","0.0","0.0","0.0","0.0","1.11","0.379","0.902","0.925","1.293","0.0","0.157","2.117","0.992","0.444","17.7","0.611","1.076","0.0","0.539","0.712","0.0","0.584","0.591","0.138","0.444","0.679","0.0","0.0"
"cms1q8crc0010un8jr6jmcvjw","175153","форель","trout raw","forbidden","2026-07-26 11:40:41.496","148.0","20.77","6.61","0.0","71.42","0.0","0.0","0.0","0.0","0.0","0.0","0.0","1.149","3.254","1.499","0.0","58.0","2.015","0.694","43.0","1.5","22.0","245.0","361.0","52.0","0.66","0.188","0.851","12.6","0.5","0.35","0.33","4.5","1.94","0.2","0.0","13.0","7.79","17.0","3.9","0.2","0.1","1.907","0.615","1.256","1.243","2.127","0.0","0.223","3.1","0.997","0.611","12.6","0.957","1.688","0.0","0.811","0.734","17.0","0.847","0.911","0.233","0.701","1.07","0.0","3.9"
"cms1q8crf0011un8jwttkt9e3","173688","семга","salmon raw","forbidden","2026-07-26 11:40:41.499","179.0","19.93","10.43","0.0","71.64","0.0","0.0","0.0","0.0","0.0","0.0","0.0","3.1","4.399","2.799","0.0","50.0","4.6530000000000005","0.48","26.0","0.25","95.0","289.0","394.0","47.0","0.44","0.041","0.015","36.5","4.0","0.054","0.113","8.42","0.75","0.4","0.0","30.0","1.3","136.0","0.0","1.22","0.0","1.842","0.594","1.213","1.2","2.054","0.0","0.215","2.994","0.963","0.59","36.5","0.924","1.63","0.577","0.783","0.709","136.0","0.818","0.879","0.225","0.677","1.033","0.0","0.0"
"cms1q8crh0012un8jll5h8i4c","173688","лосось","salmon raw","forbidden","2026-07-26 11:40:41.501","179.0","19.93","10.43","0.0","71.64","0.0","0.0","0.0","0.0","0.0","0.0","0.0","3.1","4.399","2.799","0.0","50.0","4.6530000000000005","0.48","26.0","0.25","95.0","289.0","394.0","47.0","0.44","0.041","0.015","36.5","4.0","0.054","0.113","8.42","0.75","0.4","0.0","30.0","1.3","136.0","0.0","1.22","0.0","1.842","0.594","1.213","1.2","2.054","0.0","0.215","2.994","0.963","0.59","36.5","0.924","1.63","0.577","0.783","0.709","136.0","0.818","0.879","0.225","0.677","1.033","0.0","0.0"
"cms1q8es90013un8jloc17hdu","173706","тунец","tuna raw","forbidden","2026-07-26 11:40:44.121","144.0","23.33","4.9","0.0","68.09","0.0","0.0","0.0","0.0","0.0","0.0","0.0","1.257","1.6","1.433","0.0","38.0","2.639","0.149","8.0","1.02","50.0","254.0","252.0","39.0","0.6","0.086","0.015","36.5","0.0","0.241","0.251","8.654","1.054","0.455","0.0","2.0","9.43","655.0","5.7","1.0","0.0","2.142","0.69","1.411","1.396","2.388","0.0","0.25","3.482","1.12","0.687","36.5","1.075","1.896","0.0","0.911","0.825","655.0","0.952","1.023","0.261","0.787","1.202","0.0","5.7"
"cms1q8esc0014un8jpa626c01","171955","треска","cod raw","forbidden","2026-07-26 11:40:44.124","82.0","17.81","0.67","0.0","81.22","0.0","0.0","0.0","0.0","0.0","0.0","0.0","0.131","0.094","0.231","0.0","43.0","0.41000000000000003","0.033","16.0","0.38","32.0","203.0","413.0","54.0","0.45","0.028","0.015","33.1","1.0","0.076","0.065","2.063","0.153","0.245","0.0","7.0","0.91","12.0","0.9","0.64","0.1","1.635","0.527","1.077","1.066","1.823","0.0","0.191","2.658","0.855","0.524","33.1","0.821","1.447","0.0","0.695","0.63","12.0","0.726","0.781","0.199","0.601","0.917","0.0","0.9"
"cms1q8esu0015un8j96bdrxt8","2768188","минтай","pollock raw","forbidden","2026-07-26 11:40:44.142","78.4785","17.33","0.9925","0.0565","80.4","0.0","0.0","0.0","0.0","0.0","0.0","0.0","0.2374","0.1477","0.4577","0.008173","59.95","0.8319799999999999","0.016113000000000002","40.36","0.2402","22.82","223.2","353.0","114.8","0.4313","0.09744","0.003125","27.0","0.0","0.08626","0.1035","1.48","0.25","0.1213","0.0","9.573","1.759","2.61","0.0","0.0","0.0","1.27","0.4206","0.8258","0.8042","1.471","0.0","0.1562","2.097","0.7047","0.2457","185.5","0.564","1.044","0.03822","0.4961","0.4557","2.613","0.5725","0.5131","0.1383","0.4611","0.6057","0.0","0.0"
"cms1q8grp0016un8jxkc0uqmw","175119","скумбрия","mackerel raw","forbidden","2026-07-26 11:40:46.693","205.0","18.6","13.89","0.0","63.55","0.0","0.0","0.0","0.0","0.0","0.0","0.0","3.257","5.456","3.35","0.0","70.0","5.205000000000001","0.78","12.0","1.63","76.0","217.0","314.0","90.0","0.63","0.073","0.015","44.1","0.4","0.176","0.312","9.08","0.856","0.399","0.0","1.0","8.71","50.0","16.1","1.52","5.0","1.708","0.551","1.125","1.113","1.905","0.0","0.199","2.777","0.893","0.548","44.1","0.857","1.512","0.0","0.726","0.658","50.0","0.759","0.815","0.208","0.628","0.958","0.0","16.1"
"cms1q8grw0017un8j7arkfvnb","175116","сельдь","herring raw","forbidden","2026-07-26 11:40:46.701","158.0","17.96","9.04","0.0","72.05","0.0","0.0","0.0","0.0","0.0","0.0","0.0","2.04","3.736","2.133","0.0","60.0","3.312","0.423","57.0","1.1","32.0","236.0","327.0","90.0","0.99","0.092","0.035","36.5","0.7","0.092","0.233","3.217","0.645","0.302","0.0","10.0","13.67","28.0","4.2","1.07","0.1","1.65","0.532","1.086","1.075","1.839","0.0","0.193","2.681","0.862","0.529","36.5","0.828","1.46","0.0","0.701","0.635","28.0","0.733","0.787","0.201","0.606","0.925","0.0","4.2"
"cms1q8gth0018un8jxotvzkie","175138","горбуша","pink salmon raw","forbidden","2026-07-26 11:40:46.757","127.0","20.5","4.4","0.0","75.52","0.0","0.0","0.0","0.0","0.0","0.0","0.0","0.81","1.348","0.811","0.034","46.0","1.1830000000000003","0.22300000000000003","7.0","0.38","27.0","261.0","366.0","75.0","0.39","0.063","0.011","31.4","0.0","0.08","0.105","7.995","1.03","0.611","0.0","4.0","4.15","35.0","10.9","0.4","0.4","1.759","0.577","1.308","1.287","2.575","0.0","0.159","2.903","1.263","0.543","31.4","0.954","1.562","0.0","0.845","0.867","35.0","0.905","1.066","0.221","0.742","1.1","0.0","10.9"
"cms1q8iuh0019un8j7gvt8rh3","171965","палтус","halibut raw","forbidden","2026-07-26 11:40:49.385","186.0","14.37","13.84","0.0","70.27","0.0","0.0","0.0","0.0","0.0","0.0","0.0","2.419","8.378","1.367","0.0","46.0","2.077","0.35","3.0","0.66","26.0","164.0","268.0","80.0","0.4","0.03","0.012","36.5","0.0","0.06","0.08","1.5","0.25","0.42","0.0","1.0","1.0","14.0","27.4","0.73","0.1","1.32","0.425","0.869","0.86","1.471","0.0","0.154","2.145","0.69","0.423","36.5","0.662","1.168","0.0","0.561","0.508","14.0","0.586","0.63","0.161","0.485","0.74","0.0","27.4"
"cms1q8iuk001aun8jznm4hd66","174196","камбала","flounder raw","forbidden","2026-07-26 11:40:49.388","70.0","12.41","1.93","0.0","84.63","0.0","0.0","0.0","0.0","0.0","0.0","0.0","0.441","0.535","0.374","0.011","45.0","0.5780000000000001","0.122","21.0","0.18","18.0","252.0","160.0","296.0","0.32","0.019","0.014","26.6","0.0","0.022","0.02","1.04","0.185","0.098","0.0","5.0","1.13","10.0","2.8","0.63","0.1","1.27","0.455","0.771","0.895","1.382","0.0","0.149","2.127","0.64","0.304","26.6","0.614","1.087","0.0","0.508","0.487","10.0","0.579","0.585","0.161","0.479","0.651","0.0","2.8"
"cms1q8iun001bun8jym6k855d","173689","кета","chum salmon raw","forbidden","2026-07-26 11:40:49.391","120.0","20.14","3.77","0.0","75.38","0.0","0.0","0.0","0.0","0.0","0.0","0.0","0.84","1.541","0.898","0.0","74.0","1.4420000000000002","0.184","11.0","0.55","22.0","283.0","429.0","50.0","0.47","0.055","0.015","36.5","0.0","0.08","0.18","7.0","0.75","0.4","0.0","4.0","3.0","30.0","0.0","1.09","0.0","1.849","0.596","1.218","1.205","2.062","0.0","0.216","3.006","0.967","0.593","36.5","0.928","1.637","0.104","0.786","0.712","30.0","0.822","0.883","0.226","0.68","1.037","0.0","0.0"
"cms1q8kt0001cun8ja4gkiifg","173680","щука","pike raw","forbidden","2026-07-26 11:40:51.924","88.0","19.26","0.69","0.0","78.92","0.0","0.0","0.0","0.0","0.0","0.0","0.0","0.118","0.157","0.202","0.0","39.0","0.27","0.113","57.0","0.55","31.0","220.0","259.0","39.0","0.67","0.051","0.24","12.6","3.8","0.058","0.063","2.3","0.75","0.117","0.0","15.0","2.0","21.0","2.5","0.2","0.1","1.768","0.57","1.165","1.152","1.972","0.0","0.206","2.875","0.924","0.567","12.6","0.887","1.565","0.0","0.752","0.681","21.0","0.786","0.844","0.216","0.65","0.992","0.0","2.5"
"cms1q8kta001dun8j23fxmfnd","173713","хек","hake raw","forbidden","2026-07-26 11:40:51.935","90.0","18.3","1.31","0.0","80.3","0.0","0.0","0.05","4.5","3.8","0.0","0.2","0.247","0.279","0.422","0.0","67.0","0.32","0.054","48.0","0.34","21.0","222.0","249.0","72.0","0.88","0.031","0.104","32.1","0.0","0.056","0.046","1.3","0.216","0.156","0.0","13.0","2.3","30.0","1.4","0.3","0.1","1.68","0.542","1.11","1.1","1.88","0.0","0.196","2.73","0.879","0.539","0.0","0.844","1.49","0.0","0.715","0.648","30.0","0.747","0.803","0.205","0.618","0.943","0.0","1.4"
"cms1q8kvh001eun8j56ztp479","173680","судак","pike perch raw","forbidden","2026-07-26 11:40:52.013","88.0","19.26","0.69","0.0","78.92","0.0","0.0","0.0","0.0","0.0","0.0","0.0","0.118","0.157","0.202","0.0","39.0","0.27","0.113","57.0","0.55","31.0","220.0","259.0","39.0","0.67","0.051","0.24","12.6","3.8","0.058","0.063","2.3","0.75","0.117","0.0","15.0","2.0","21.0","2.5","0.2","0.1","1.768","0.57","1.165","1.152","1.972","0.0","0.206","2.875","0.924","0.567","12.6","0.887","1.565","0.0","0.752","0.681","21.0","0.786","0.844","0.216","0.65","0.992","0.0","2.5"
"cms1q8mtv001fun8jcb41s465","2768217","лещ","bream raw","forbidden","2026-07-26 11:40:54.547","69.0","1.5","0.1","17.6","79.9","5.3","8.55","0.05","4.5","3.8","0.0","0.2","0.014","0.0","0.0","0.0","0.0","0.0","0.0","8.0","1.61","24.0","47.0","304.0","20.0","0.31","0.057","0.182","0.0","54.1","0.0","0.0","0.0","0.0","0.0","0.0","0.0","0.0","5.0","0.0","0.0","0.0","0.0","0.0","0.0","0.0","0.0","60.0","0.0","0.0","0.0","0.0","0.0","0.0","0.0","0.0","0.0","0.0","0.0","0.0","0.0","0.0","0.0","0.0","0.0","0.0"
"cms1q8mty001gun8j8gmepfqn","171952","карась","crucian carp raw","forbidden","2026-07-26 11:40:54.551","127.0","17.83","5.6","0.0","76.31","0.0","0.0","0.0","0.0","0.0","0.0","0.0","1.083","2.328","1.431","0.0","66.0","1.02","1.456","41.0","1.24","29.0","415.0","333.0","49.0","1.48","0.057","0.042","12.6","1.6","0.115","0.055","1.64","0.75","0.19","0.0","15.0","1.53","9.0","24.7","0.63","0.1","1.638","0.528","1.078","1.067","1.826","0.0","0.191","2.662","0.856","0.525","12.6","0.822","1.449","0.0","0.696","0.631","9.0","0.728","0.782","0.2","0.602","0.919","0.0","24.7"
"cms1q8mu9001hun8jhk0en6hk","171952","карп","carp raw","forbidden","2026-07-26 11:40:54.562","127.0","17.83","5.6","0.0","76.31","0.0","0.0","0.0","0.0","0.0","0.0","0.0","1.083","2.328","1.431","0.0","66.0","1.02","1.456","41.0","1.24","29.0","415.0","333.0","49.0","1.48","0.057","0.042","12.6","1.6","0.115","0.055","1.64","0.75","0.19","0.0","15.0","1.53","9.0","24.7","0.63","0.1","1.638","0.528","1.078","1.067","1.826","0.0","0.191","2.662","0.856","0.525","12.6","0.822","1.449","0.0","0.696","0.631","9.0","0.728","0.782","0.2","0.602","0.919","0.0","24.7"
"cms1q8ot8001iun8jm1qhbmiy","2768218","стерлядь","sterlet raw","forbidden","2026-07-26 11:40:57.116","69.0","1.5","0.1","17.6","79.9","5.3","8.55","0.05","4.5","3.8","0.0","0.2","0.014","0.0","0.0","0.0","0.0","0.0","0.0","8.0","1.61","24.0","47.0","304.0","20.0","0.31","0.057","0.182","0.0","54.1","0.0","0.0","0.0","0.0","0.0","0.0","0.0","0.0","5.0","0.0","0.0","0.0","0.0","0.0","0.0","0.0","0.0","60.0","0.0","0.0","0.0","0.0","0.0","0.0","0.0","0.0","0.0","0.0","0.0","0.0","0.0","0.0","0.0","0.0","0.0","0.0"
"cms1q8oue001jun8j3sfl5wdg","173701","осетр","sturgeon raw","forbidden","2026-07-26 11:40:57.158","105.0","16.14","4.04","0.0","76.55","0.0","0.0","0.0","0.0","0.0","0.0","0.0","0.915","1.939","0.69","0.0","60.0","0.726","0.29800000000000004","13.0","0.7","35.0","211.0","284.0","54.0","0.42","0.041","0.025","12.6","0.0","0.07","0.07","8.3","0.75","0.2","0.0","15.0","2.2","210.0","10.3","0.5","0.1","1.483","0.478","0.976","0.966","1.653","0.0","0.173","2.41","0.775","0.475","12.6","0.744","1.312","0.0","0.63","0.571","210.0","0.659","0.708","0.181","0.545","0.832","0.0","10.3"
"cms1q8ous001kun8jpw8mp0xl","175165","сом","catfish raw","forbidden","2026-07-26 11:40:57.172","119.0","15.23","5.94","0.0","79.06","0.0","0.0","0.0","0.0","0.0","0.0","0.0","1.31","2.573","1.119","0.052","55.0","0.276","1.7160000000000002","8.0","0.23","19.0","204.0","302.0","98.0","0.48","0.032","0.015","8.2","0.0","0.02","0.083","2.105","0.67","0.154","0.0","10.0","2.88","0.0","0.2","0.81","2.1","1.386","0.445","0.86","0.951","1.487","0.0","0.162","2.164","0.769","0.334","8.2","0.678","1.153","0.0","0.607","0.566","0.0","0.577","0.688","0.182","0.506","0.738","0.0","0.2"
"cms1q8qsr001lun8jxlsa1glv","174193","угорь","eel raw","forbidden","2026-07-26 11:40:59.691","184.0","18.44","11.66","0.0","68.26","0.0","0.0","0.0","0.0","0.0","0.0","0.0","2.358","7.19","0.947","0.0","126.0","0.537","0.919","20.0","0.5","20.0","216.0","272.0","51.0","1.62","0.023","0.035","6.5","1.8","0.15","0.04","3.5","0.24","0.067","0.0","15.0","3.0","1043.0","23.3","4.0","0.0","1.694","0.546","1.115","1.104","1.889","0.0","0.198","2.753","0.885","0.543","6.5","0.85","1.499","0.0","0.72","0.652","1043.0","0.753","0.809","0.207","0.623","0.95","0.0","23.3"
"cms1q8qtd001mun8jp8gwu24y","2768219","сайра","saury raw","forbidden","2026-07-26 11:40:59.713","69.0","1.5","0.1","17.6","79.9","5.3","8.55","0.05","4.5","3.8","0.0","0.2","0.014","0.0","0.0","0.0","0.0","0.0","0.0","8.0","1.61","24.0","47.0","304.0","20.0","0.31","0.057","0.182","0.0","54.1","0.0","0.0","0.0","0.0","0.0","0.0","0.0","0.0","5.0","0.0","0.0","0.0","0.0","0.0","0.0","0.0","0.0","60.0","0.0","0.0","0.0","0.0","0.0","0.0","0.0","0.0","0.0","0.0","0.0","0.0","0.0","0.0","0.0","0.0","0.0","0.0"
"cms1q8qv6001nun8jfcf4j35w","175139","шпроты","sprats canned","forbidden","2026-07-26 11:40:59.778","208.0","24.62","11.45","0.0","59.61","0.0","0.0","0.0","0.0","0.0","0.0","0.0","1.528","3.869","5.148","0.0","142.0","1.964","7.5840000000000005","382.0","2.92","39.0","490.0","397.0","307.0","1.31","0.186","0.108","52.7","0.0","0.08","0.227","5.245","0.642","0.167","0.0","10.0","8.94","32.0","4.8","2.04","2.6","2.26","0.729","1.489","1.473","2.52","0.0","0.264","3.674","1.181","0.725","52.7","1.134","2.001","0.0","0.961","0.87","32.0","1.004","1.079","0.276","0.831","1.268","0.0","4.8"
"cms1q8ssa001oun8jgd3woddi","2768220","килька","sprat raw","forbidden","2026-07-26 11:41:02.266","69.0","1.5","0.1","17.6","79.9","5.3","8.55","0.05","4.5","3.8","0.0","0.2","0.014","0.0","0.0","0.0","0.0","0.0","0.0","8.0","1.61","24.0","47.0","304.0","20.0","0.31","0.057","0.182","0.0","54.1","0.0","0.0","0.0","0.0","0.0","0.0","0.0","0.0","5.0","0.0","0.0","0.0","0.0","0.0","0.0","0.0","0.0","60.0","0.0","0.0","0.0","0.0","0.0","0.0","0.0","0.0","0.0","0.0","0.0","0.0","0.0","0.0","0.0","0.0","0.0","0.0"
"cms1q8stk001pun8jgcy49b1k","174182","анчоусы","anchovy raw","forbidden","2026-07-26 11:41:02.312","131.0","20.35","4.84","0.0","73.37","0.0","0.0","0.0","0.0","0.0","0.0","0.0","1.282","1.182","1.637","0.0","60.0","2.9629999999999996","0.201","147.0","3.25","41.0","174.0","383.0","104.0","1.72","0.211","0.07","36.5","0.0","0.055","0.256","14.024","0.645","0.143","0.0","9.0","0.62","15.0","0.0","0.57","0.1","1.869","0.602","1.231","1.217","2.084","0.0","0.218","3.038","0.977","0.599","36.5","0.938","1.654","0.0","0.794","0.72","15.0","0.83","0.892","0.228","0.687","1.048","0.0","0.0"
"cms1q8urw001qun8j8jabyrmd","2768221","филе рыбное","fish fillet raw","forbidden","2026-07-26 11:41:04.845","124.0","20.04","4.24","0.0","70.86","0.0","0.0","0.0","0.0","0.0","0.0","0.0","0.915","1.793","1.06","0.0","59.0","1.666","0.12","7.0","0.48","33.0","227.0","372.0","60.0","0.81","0.053","0.021","36.5","0.0","0.058","0.08","5.95","0.828","0.402","0.0","2.0","5.39","120.0","0.0","0.0","0.0","1.84","0.593","1.212","1.199","2.052","0.0","0.215","2.991","0.962","0.59","36.5","0.923","1.629","0.0","0.782","0.709","120.0","0.818","0.878","0.224","0.676","1.032","0.0","0.0"
"cms1q8uzb001run8jhkw7ahd8","173690","рыбные консервы","fish canned","forbidden","2026-07-26 11:41:05.111","129.0","19.68","4.97","0.0","74.04","0.0","0.0","0.0","0.0","0.0","0.0","0.0","0.862","1.205","1.42","0.026","55.0","2.2250000000000005","0.255","215.0","0.64","30.0","337.0","344.0","403.0","0.76","0.069","0.024","33.2","0.0","0.023","0.186","6.536","0.55","0.3","0.0","15.0","4.4","17.0","13.7","0.64","0.5","1.689","0.554","1.255","1.236","2.472","0.0","0.152","2.787","1.212","0.521","33.2","0.916","1.5","0.004","0.811","0.832","17.0","0.869","1.023","0.212","0.712","1.056","0.0","13.7"
"cms1q8wx2001sun8jpnupv5nj","174204","краб","crab raw","forbidden","2026-07-26 11:41:07.623","87.0","18.06","1.08","0.04","79.02","0.0","0.0","0.0","0.0","0.0","0.0","0.0","0.222","0.192","0.387","0.0","78.0","0.6950000000000001","0.079","89.0","0.74","34.0","229.0","329.0","293.0","3.54","0.669","0.15","37.4","3.0","0.08","0.04","2.7","0.35","0.15","0.0","44.0","9.0","2.0","0.0","0.0","0.0","1.572","0.508","1.023","1.577","1.866","0.0","0.202","3.08","1.089","0.367","37.4","0.875","1.433","0.0","0.763","0.595","2.0","0.711","0.731","0.251","0.601","0.849","0.0","0.0"
"cms1q8wyc001tun8jydbuorbl","174223","кальмар","squid raw","forbidden","2026-07-26 11:41:07.669","92.0","15.58","1.38","3.08","78.55","0.0","0.0","0.0","0.0","0.0","0.0","0.0","0.358","0.107","0.524","0.0","233.0","0.9930000000000001","0.017","32.0","0.68","33.0","221.0","246.0","44.0","1.53","1.891","0.035","44.8","4.7","0.02","0.412","2.175","0.5","0.056","0.0","5.0","1.3","10.0","0.0","1.2","0.0","1.164","0.351","0.942","1.136","1.503","0.0","0.204","2.118","0.974","0.299","44.8","0.678","1.096","0.0","0.558","0.635","10.0","0.698","0.67","0.174","0.498","0.68","0.0","0.0"
"cms1q8yjz001uun8jsxxyrd3h","175179","креветки","shrimp raw","forbidden","2026-07-26 11:41:09.744","85.0","20.1","0.51","0.0","78.45","0.0","0.0","0.0","0.0","0.0","0.0","0.0","0.101","0.086","0.152","0.004","161.0","0.14","0.078","64.0","0.52","35.0","214.0","264.0","119.0","1.34","0.391","0.033","0.0","0.0","0.0","0.0","0.0","0.0","0.0","0.0","0.0","0.0","0.0","0.0","0.0","0.0","0.0","0.0","0.0","0.0","0.0","0.0","0.0","0.0","0.0","0.0","0.0","0.0","0.0","0.0","0.0","0.0","0.0","0.0","0.0","0.0","0.0","0.0","0.0","0.0"
"cms1q90if001vun8j62ibea7h","174216","мидии","mussels raw","forbidden","2026-07-26 11:41:12.279","86.0","11.9","2.24","3.69","80.58","0.0","0.0","0.0","0.0","0.0","0.0","0.0","0.425","0.507","0.606","0.0","28.0","0.9960000000000001","0.126","26.0","3.95","34.0","197.0","320.0","286.0","1.6","0.094","3.4","44.8","8.0","0.16","0.21","1.6","0.5","0.05","0.0","42.0","12.0","48.0","0.0","0.55","0.1","0.889","0.268","0.72","0.868","1.148","0.0","0.156","1.618","0.744","0.228","44.8","0.518","0.838","0.0","0.426","0.486","48.0","0.533","0.512","0.133","0.381","0.52","0.0","0.0"
"cms1q91bb001wun8jbh9htjkh","174218","осьминог","octopus raw","forbidden","2026-07-26 11:41:13.319","82.0","14.91","1.04","2.2","80.25","0.0","0.0","0.0","0.0","0.0","0.0","0.0","0.227","0.162","0.239","0.0","48.0","0.36500000000000005","0.056999999999999995","53.0","5.3","30.0","186.0","350.0","230.0","1.68","0.435","0.025","44.8","5.0","0.03","0.04","2.1","0.5","0.36","0.0","16.0","20.0","45.0","0.0","1.2","0.1","1.114","0.336","0.902","1.088","1.438","0.0","0.196","2.027","0.933","0.286","44.8","0.649","1.049","0.0","0.534","0.608","45.0","0.668","0.642","0.167","0.477","0.651","0.0","0.0"
"cms1q91by001xun8joln345a6","171978","устрицы","oysters raw","forbidden","2026-07-26 11:41:13.342","51.0","5.71","1.71","2.72","89.0","0.0","0.62","0.0","0.62","0.0","0.0","0.0","0.474","0.253","0.528","0.034","40.0","0.345","0.125","59.0","4.61","18.0","97.0","156.0","85.0","39.3","2.86","0.296","19.7","0.0","0.018","0.09","0.925","0.223","0.031","0.0","7.0","8.75","13.0","0.0","0.85","1.0","0.381","0.129","0.271","0.372","0.491","0.0","0.055","0.675","0.275","0.11","29.8","0.229","0.358","0.0","0.207","0.225","13.0","0.225","0.023","0.069","0.202","0.262","0.0","0.0"
"cms1q93ap001yun8jgskpx0c4","174208","лангуст","langoustine raw","forbidden","2026-07-26 11:41:15.89","77.0","16.5","0.75","0.0","81.0","0.0","0.0","0.0","0.0","0.0","0.0","0.0","0.181","0.22","0.296","0.011","127.0","0.202","0.076","84.0","0.26","38.0","161.0","200.0","423.0","3.53","1.35","0.056","63.6","0.0","0.02","0.014","1.59","1.45","0.104","0.0","10.0","1.25","1.0","0.0","0.87","0.0","1.24","0.413","0.878","1.52","1.6","0.0","0.181","2.44","1.1","0.413","0.0","0.723","1.2","0.0","0.68","0.741","1.0","0.637","0.654","0.215","0.586","0.741","0.0","0.0"
"cms1q93cz001zun8j3cf3qen2","169289","морской гребешок","scallop raw","forbidden","2026-07-26 11:41:15.971","18.0","1.2","0.2","3.84","94.18","1.2","2.39","0.0","0.0","0.0","0.0","0.0","0.041","0.015","0.084","0.0","0.0","0.0","0.11399999999999999","19.0","0.4","23.0","36.0","182.0","1.0","0.29","0.102","0.157","0.2","18.0","0.07","0.03","0.6","0.102","0.109","0.0","30.0","0.0","11.0","0.0","0.13","3.3","0.067","0.017","0.063","0.051","0.147","130.0","0.013","0.129","0.045","0.026","0.2","0.043","0.07","0.0","0.042","0.038","0.0","0.049","0.029","0.011","0.032","0.054","0.0","0.0"
"cms1q93nu0020un8jt0nv59vp","174208","омар","lobster raw","forbidden","2026-07-26 11:41:16.362","77.0","16.52","0.75","0.0","80.95","0.0","0.0","0.0","0.0","0.0","0.0","0.0","0.181","0.22","0.296","0.011","127.0","0.378","0.135","84.0","0.26","38.0","161.0","200.0","423.0","3.53","1.349","0.056","63.6","0.0","0.02","0.014","1.591","1.449","0.104","0.0","10.0","1.25","1.0","0.0","0.87","0.0","1.24","0.413","0.878","1.524","1.602","0.0","0.181","2.437","1.102","0.413","63.6","0.723","1.197","0.0","0.68","0.741","1.0","0.637","0.654","0.215","0.586","0.741","0.0","0.0"
"cms1q95m40021un8ja7bij27b","173702","крабовые палочки","surimi","forbidden","2026-07-26 11:41:18.892","99.0","15.18","0.9","6.85","76.34","0.0","0.0","0.0","0.0","0.0","0.0","0.0","0.191","0.149","0.443","0.0","30.0","0.8380000000000001","0.041","9.0","0.26","43.0","282.0","112.0","143.0","0.33","0.032","0.011","28.1","0.0","0.02","0.021","0.22","0.07","0.03","0.0","2.0","1.6","20.0","0.0","0.63","0.1","1.387","0.515","0.891","1.008","1.518","0.0","0.163","2.397","0.588","0.35","28.1","0.709","1.202","0.0","0.595","0.566","20.0","0.663","0.734","0.092","0.612","0.77","0.0","0.0"
"cms1q95mc0022un8js8mdjk3t","175132","икра красная","salmon roe","forbidden","2026-07-26 11:41:18.9","143.0","22.32","6.42","1.5","67.73","0.0","0.0","0.0","0.0","0.0","0.0","0.0","1.456","1.661","2.656","0.0","374.0","5.037","0.245","22.0","0.6","20.0","402.0","221.0","91.0","1.0","0.1","0.01","40.3","16.0","0.24","0.74","1.8","1.0","0.16","0.0","80.0","10.0","90.0","12.1","7.0","0.2","1.699","0.553","1.428","1.278","1.789","0.0","0.389","2.67","0.65","0.607","40.3","1.142","1.956","0.0","1.092","1.189","90.0","0.975","1.017","0.293","1.121","1.307","0.0","12.1"
"cms1q97i60023un8jr7jx4r7n","174188","икра черная","caviar","forbidden","2026-07-26 11:41:21.343","264.0","24.6","17.9","4.0","47.5","0.0","0.0","0.0","0.0","0.0","0.0","0.0","4.06","4.631","7.405","0.0","588.0","14.044999999999998","0.6839999999999999","275.0","11.88","300.0","356.0","181.0","1500.0","0.95","0.11","0.05","65.5","0.0","0.19","0.62","0.12","3.5","0.32","0.0","50.0","20.0","271.0","2.9","1.89","0.6","1.834","0.646","1.653","1.59","2.385","0.0","0.449","3.633","0.74","0.649","65.5","1.035","2.133","0.0","1.071","1.2","271.0","1.897","1.263","0.323","0.968","1.263","0.0","2.9"
"cms1q97mm0024un8jnegi6rop","175132","икра минтая","pollock roe","forbidden","2026-07-26 11:41:21.503","143.0","22.32","6.42","1.5","67.73","0.0","0.0","0.0","0.0","0.0","0.0","0.0","1.456","1.661","2.656","0.0","374.0","5.037","0.245","22.0","0.6","20.0","402.0","221.0","91.0","1.0","0.1","0.01","40.3","16.0","0.24","0.74","1.8","1.0","0.16","0.0","80.0","10.0","90.0","12.1","7.0","0.2","1.699","0.553","1.428","1.278","1.789","0.0","0.389","2.67","0.65","0.607","40.3","1.142","1.956","0.0","1.092","1.189","90.0","0.975","1.017","0.293","1.121","1.307","0.0","12.1"
"cms1q99n90025un8jyal9c1vs","170882","молоко овечье","sheep milk","forbidden","2026-07-26 11:41:24.117","108.0","5.98","7.0","5.36","80.7","0.0","0.0","0.0","0.0","0.0","0.0","0.0","4.603","1.724","0.308","0.0","27.0","0.0","0.489","193.0","0.1","18.0","158.0","137.0","44.0","0.54","0.046","0.018","1.7","4.2","0.065","0.355","0.417","0.407","0.06","0.0","7.0","0.71","44.0","0.0","0.0","0.0","0.513","0.155","0.269","0.198","0.328","0.0","0.035","1.019","0.041","0.167","1.7","0.338","0.587","0.204","0.284","0.58","44.0","0.492","0.268","0.084","0.281","0.448","0.0","0.0"
"cms1q99nm0026un8j7b8xzjj3","171273","молоко сухое","milk dry","forbidden","2026-07-26 11:41:24.13","354.0","35.5","0.2","51.8","4.9","0.0","0.0","0.0","0.0","0.0","0.0","0.0","0.124","0.058","0.007","0.0","2.0","0.0","0.013000000000000001","280.0","0.32","60.0","1011.0","680.0","2280.0","4.03","0.016","0.008","27.3","6.7","0.163","1.642","0.665","3.312","0.298","0.0","50.0","3.98","2.0","0.0","0.0","0.0","2.816","0.89","1.224","1.285","2.693","0.0","0.328","7.434","0.751","0.963","27.3","2.148","3.478","0.006","1.714","3.439","1.0","1.931","1.603","0.501","1.714","2.376","0.0","0.0"
"cms1q9ae20027un8jfgpsxf3j","171278","молоко козье","goat milk","forbidden","2026-07-26 11:41:25.083","69.0","3.56","4.14","4.45","87.03","0.0","4.45","0.0","0.0","0.0","0.0","0.0","2.667","1.109","0.149","0.0","11.0","0.0","0.258","134.0","0.05","14.0","111.0","204.0","50.0","0.3","0.046","0.018","1.4","1.3","0.048","0.138","0.277","0.31","0.046","0.0","1.0","0.07","57.0","1.3","0.07","0.3","0.29","0.08","0.118","0.119","0.21","7.0","0.046","0.626","0.05","0.089","1.4","0.207","0.314","0.128","0.155","0.368","56.0","0.181","0.163","0.044","0.179","0.24","0.0","1.3"
"cms1q9cgn0028un8j4hoyzss8","171257","сметана","sour cream","forbidden","2026-07-26 11:41:27.768","198.0","2.44","19.35","4.63","73.07","0.0","3.41","0.0","0.0","0.0","3.41","0.0","10.14","4.594","0.8","0.796","59.0","0.129","1.395","101.0","0.07","10.0","76.0","125.0","31.0","0.33","0.018","0.015","3.7","0.9","0.02","0.168","0.093","0.472","0.041","0.0","6.0","0.21","124.0","0.0","0.38","1.5","0.275","0.078","0.116","0.117","0.262","25.0","0.029","0.673","0.076","0.092","3.7","0.163","0.322","0.031","0.157","0.31","121.0","0.191","0.142","0.042","0.152","0.195","0.0","0.0"
"cms1q9eaa0029un8jemuskr66","171314","масло топленое","ghee","forbidden","2026-07-26 11:41:30.131","900.0","0.0","100.0","0.0","0.5","0.0","0.0","0.0","0.0","0.0","0.0","0.0","60.0","0.0","4.0","0.0","300.0","0.0","0.0","0.0","0.0","0.0","0.0","0.0","0.0","0.0","0.0","0.0","0.0","0.0","0.0","0.0","0.0","0.0","0.0","0.0","0.0","0.0","4000.0","0.0","0.0","0.0","0.0","0.0","0.0","0.0","0.0","0.0","0.0","0.0","0.0","0.0","0.0","0.0","0.0","0.0","0.0","0.0","0.0","0.0","0.0","0.0","0.0","0.0","0.0","0.0"
"cms1q9f3o002aun8jr41bl4tv","171314","гхи","ghee","forbidden","2026-07-26 11:41:31.189","900.0","0.0","100.0","0.0","0.5","0.0","0.0","0.0","0.0","0.0","0.0","0.0","60.0","0.0","4.0","0.0","300.0","0.0","0.0","0.0","0.0","0.0","0.0","0.0","0.0","0.0","0.0","0.0","0.0","0.0","0.0","0.0","0.0","0.0","0.0","0.0","0.0","0.0","4000.0","0.0","0.0","0.0","0.0","0.0","0.0","0.0","0.0","0.0","0.0","0.0","0.0","0.0","0.0","0.0","0.0","0.0","0.0","0.0","0.0","0.0","0.0","0.0","0.0","0.0","0.0","0.0"
"cms1q9fda002bun8jc3dg50sc","169078","творог","cottage cheese","forbidden","2026-07-26 11:41:31.535","95.0","10.9","4.2","3.0","80.3","0.1","0.37","0.0","0.0","0.0","0.0","0.0","2.646","1.189","0.14","0.0","14.0","0.0","0.243","56.0","0.1","4.0","128.0","86.0","403.0","0.29","0.028","0.0","4.5","4.0","0.01","0.13","0.1","0.0","0.05","0.0","17.0","0.49","53.0","0.0","0.05","11.0","0.968","0.359","0.623","0.553","0.819","142.0","0.11","2.605","0.267","0.397","4.5","0.704","1.23","0.13","0.645","1.385","41.0","0.673","0.533","0.134","0.637","0.742","0.0","0.0"
"cms1q9haq002cun8jl3wln73t","170904","кефир","kefir","forbidden","2026-07-26 11:41:34.034","43.0","3.79","1.02","4.77","89.7","0.0","4.61","0.0","0.0","0.0","3.7","0.0","0.658","0.31","0.053","0.037","5.0","0.010000000000000002","0.092","130.0","0.04","12.0","105.0","164.0","40.0","0.46","0.009","0.005","3.6","0.2","0.03","0.135","0.15","0.385","0.058","0.0","13.0","0.29","171.0","1.0","0.02","0.1","0.0","0.0","0.0","0.0","0.0","0.0","0.0","0.0","0.0","0.0","3.6","0.0","0.0","0.029","0.0","0.0","171.0","0.0","0.0","0.0","0.0","0.0","0.0","1.0"
"cms1q9heb002dun8ji80ntkmf","171281","сыворотка молочная","whey","forbidden","2026-07-26 11:41:34.163","339.0","11.73","0.54","73.45","3.51","0.0","73.45","0.0","0.0","0.0","0.0","0.0","0.342","0.149","0.021","0.0","3.0","0.0","0.03899999999999999","2054.0","1.24","199.0","1349.0","2289.0","968.0","6.31","0.05","0.015","27.3","0.9","0.622","2.06","1.16","5.632","0.62","0.0","33.0","2.5","17.0","0.0","0.0","0.0","1.008","0.221","0.506","0.327","1.149","1.0","0.211","2.096","0.211","0.23","27.3","0.581","1.116","0.023","0.386","0.699","17.0","0.541","0.59","0.241","0.3","0.579","0.0","0.0"
"cms1q9hh0002eun8juyeqsip9","170874","ряженка","baked milk","forbidden","2026-07-26 11:41:34.26","40.0","3.31","1.07","4.79","90.1","0.0","5.36","0.0","0.0","0.0","0.0","0.0","0.66","0.254","0.033","0.184","4.0","0.0","0.033","116.0","0.05","11.0","89.0","151.0","148.0","0.42","0.011","0.002","2.0","1.0","0.034","0.154","0.058","0.275","0.034","0.0","5.0","0.22","14.0","0.0","0.05","0.1","0.277","0.087","0.112","0.095","0.283","1.0","0.02","0.744","0.066","0.1","0.0","0.171","0.313","0.029","0.171","0.326","13.0","0.199","0.141","0.042","0.167","0.217","0.0","0.0"
"cms1q9jgl002fun8j1en6geq3","167722","йогурт","yogurt","forbidden","2026-07-26 11:41:36.838","94.0","3.5","1.8","15.96","77.5","0.2","1.24","0.0","0.0","0.0","0.0","0.0","0.259","0.4","1.017","0.0","0.0","0.0","1.9180000000000001","118.0","1.06","40.0","38.0","47.0","35.0","0.31","0.075","0.0","13.0","2.5","0.06","0.02","0.24","0.0","0.02","0.0","6.0","0.0","2.0","0.0","0.31","3.5","0.0","0.0","0.0","0.0","0.0","20.0","0.0","0.0","0.0","0.0","13.0","0.0","0.0","0.0","0.0","0.0","0.0","0.0","0.0","0.0","0.0","0.0","0.0","0.0"
"cms1q9jh0002gun8jwdf1a4q6","170874","простокваша","sour milk","forbidden","2026-07-26 11:41:36.853","40.0","3.31","1.07","4.79","90.1","0.0","5.36","0.0","0.0","0.0","3.41","0.0","0.66","0.254","0.033","0.796","4.0","0.0","0.033","116.0","0.05","11.0","89.0","151.0","148.0","0.42","0.011","0.002","2.0","1.0","0.034","0.154","0.058","0.275","0.034","0.0","5.0","0.22","14.0","0.0","0.05","0.1","0.277","0.087","0.112","0.095","0.283","1.0","0.02","0.744","0.066","0.1","3.7","0.171","0.313","0.029","0.171","0.326","13.0","0.199","0.141","0.042","0.167","0.217","0.0","0.0"
"cms1q9lh5002hun8j67r3owbj","172226","мороженое","ice cream","forbidden","2026-07-26 11:41:39.449","237.0","4.29","8.57","37.14","48.9","0.0","18.57","0.0","0.0","0.0","0.0","0.0","2.317","2.661","2.272","0.0","21.0","0.009000000000000001","4.388","86.0","0.26","29.0","72.0","115.0","129.0","0.6","0.254","0.381","3.1","0.0","0.111","0.146","1.566","0.209","0.028","0.0","34.0","0.05","86.0","0.0","0.4","1.3","0.0","0.0","0.0","0.0","0.0","0.0","0.0","0.0","0.0","0.0","3.1","0.0","0.0","0.001","0.0","0.0","86.0","0.0","0.0","0.0","0.0","0.0","0.0","0.0"
"cms1q9lhm002iun8jlii0pte2","2758990","молоко сгущенное","condensed milk","forbidden","2026-07-26 11:41:39.467","0.0","0.0","0.0","0.0","24.82","0.0","54.082","44.85","0.0","0.0","9.232","0.0","4.816","1.899","0.3014","0.2586","0.0","0.01193","0.5099899999999999","0.0","0.0","0.0","0.0","0.0","0.0","0.0","0.0","0.0","0.0","0.0","0.0","0.47","0.0","0.0","0.03886","0.0","0.0","0.0","0.0","0.0","0.0","0.0","0.0","0.0","0.0","0.0","0.0","0.0","0.0","0.0","0.0","0.0","0.0","0.0","0.0","0.1792","0.0","0.0","59.96","0.0","0.0","0.0","0.0","0.0","0.0","0.0"
"cms1q9m9d002jun8jg492fkl7","2758990","сгущенка","condensed milk","forbidden","2026-07-26 11:41:40.465","0.0","0.0","0.0","0.0","24.82","0.0","54.082","44.85","0.0","0.0","9.232","0.0","4.816","1.899","0.3014","0.2586","0.0","0.01193","0.5099899999999999","0.0","0.0","0.0","0.0","0.0","0.0","0.0","0.0","0.0","0.0","0.0","0.0","0.47","0.0","0.0","0.03886","0.0","0.0","0.0","0.0","0.0","0.0","0.0","0.0","0.0","0.0","0.0","0.0","0.0","0.0","0.0","0.0","0.0","0.0","0.0","0.0","0.1792","0.0","0.0","59.96","0.0","0.0","0.0","0.0","0.0","0.0","0.0"
"cms1q9o9n002kun8jgp6ccohm","170848","сыр твердый","cheese hard","forbidden","2026-07-26 11:41:43.067","392.0","35.75","25.0","3.22","30.0","0.0","0.11","0.0","0.0","0.0","0.0","0.0","14.85","7.515","0.569","0.0","68.0","0.0","0.841","1184.0","0.82","44.0","694.0","92.0","1175.0","2.75","0.032","0.02","22.5","0.0","0.039","0.332","0.271","0.453","0.091","0.0","7.0","1.2","207.0","0.5","0.22","1.7","3.306","0.958","1.048","1.317","2.236","66.0","0.235","8.209","0.622","1.384","22.5","1.894","3.452","1.299","1.922","4.18","201.0","2.068","1.317","0.482","1.995","2.454","0.0","0.5"
"cms1q9oa0002lun8jzqw9i59j","170848","сыр полутвердый","cheese semi hard","forbidden","2026-07-26 11:41:43.08","392.0","35.75","25.0","3.22","30.0","0.0","0.11","0.0","0.0","0.0","0.0","0.0","14.85","7.515","0.569","0.0","68.0","0.0","0.841","1184.0","0.82","44.0","694.0","92.0","1175.0","2.75","0.032","0.02","22.5","0.0","0.039","0.332","0.271","0.453","0.091","0.0","7.0","1.2","207.0","0.5","0.22","1.7","3.306","0.958","1.048","1.317","2.236","66.0","0.235","8.209","0.622","1.384","22.5","1.894","3.452","1.299","1.922","4.18","201.0","2.068","1.317","0.482","1.995","2.454","0.0","0.5"
"cms1q9qaz002mun8jh05s6v2i","173435","сыр мягкий","cheese soft","forbidden","2026-07-26 11:41:45.707","264.0","18.52","21.08","0.0","60.75","0.0","0.0","0.0","0.0","0.0","0.0","0.0","14.575","4.807","0.501","0.0","46.0","0.0","1.002","140.0","1.9","16.0","256.0","26.0","459.0","0.92","0.732","0.1","2.8","0.0","0.07","0.38","0.43","0.68","0.25","0.0","12.0","0.19","288.0","0.4","0.18","1.8","1.33","0.494","0.319","0.549","0.92","54.0","0.084","3.452","0.209","0.505","2.8","0.766","1.597","1.057","0.737","2.241","283.0","0.711","0.691","0.195","0.723","1.274","0.0","0.4"
"cms1q9qht002nun8jrlasti37","2768222","сыр плавленый","processed cheese","forbidden","2026-07-26 11:41:45.953","375.0","22.13","31.2","1.73","39.08","0.1","0.62","0.0","0.0","0.0","0.0","0.0","19.663","8.937","0.988","0.0","94.0","0.0","1.5939999999999999","614.0","0.42","22.0","744.0","162.0","915.0","2.98","0.033","0.016","14.5","2.3","0.027","0.354","0.078","0.485","0.071","0.0","8.0","0.7","244.0","0.5","0.29","2.9","2.196","0.572","0.555","0.926","1.36","150.0","0.142","4.592","0.364","0.902","14.5","1.023","1.956","1.041","1.124","2.251","231.0","1.068","0.718","0.323","1.211","1.325","0.0","0.5"
"cms1q9r33002oun8jul6ti0bk","173418","сыр творожный","cream cheese","forbidden","2026-07-26 11:41:46.719","350.0","6.15","34.44","5.52","52.62","0.0","3.76","0.0","0.0","0.0","3.76","0.0","20.213","8.907","1.483","1.173","101.0","0.23800000000000002","2.6079999999999997","97.0","0.11","9.0","107.0","132.0","314.0","0.5","0.018","0.011","8.6","0.0","0.023","0.23","0.091","0.517","0.056","0.0","9.0","0.22","308.0","0.0","0.86","2.1","0.567","0.191","0.184","0.235","0.514","59.0","0.042","1.304","0.142","0.175","8.6","0.324","0.657","0.718","0.291","0.665","303.0","0.374","0.233","0.069","0.303","0.395","0.0","0.0"
"cms1q9sza002pun8ji1j7d92u","171241","сыр гауда","gouda cheese","forbidden","2026-07-26 11:41:49.175","356.0","24.94","27.44","2.22","41.46","0.0","2.22","0.0","0.0","0.0","0.0","0.0","17.614","7.747","0.657","0.0","114.0","0.0","0.92","700.0","0.24","29.0","546.0","121.0","819.0","3.9","0.036","0.011","14.5","0.0","0.03","0.334","0.063","0.34","0.08","0.0","21.0","1.54","165.0","0.5","0.24","2.3","2.654","0.719","0.762","0.962","1.743","10.0","0.254","6.137","0.485","1.032","14.5","1.306","2.564","0.999","1.431","3.245","164.0","1.544","0.93","0.352","1.454","1.806","0.0","0.5"
"cms1q9t01002qun8j66jx3ffi","171247","сыр пармезан","parmesan cheese","forbidden","2026-07-26 11:41:49.202","420.0","28.42","27.84","13.91","22.65","0.0","0.07","0.0","0.0","0.0","0.0","0.0","15.371","7.13","1.386","0.876","86.0","0.172","2.4960000000000004","853.0","0.49","34.0","627.0","180.0","1804.0","4.2","0.04","0.071","34.4","0.0","0.026","0.358","0.08","0.45","0.081","0.0","6.0","1.4","262.0","0.5","0.53","1.7","2.201","0.751","0.859","1.157","1.975","73.0","0.09","6.425","0.56","0.806","34.4","1.455","2.747","0.493","1.538","3.415","255.0","1.694","1.075","0.383","1.72","1.865","0.0","0.5"
"cms1q9t3l002run8jth77h4bs","328637","сыр чеддер","Cheese, cheddar","forbidden","2026-07-26 11:41:49.329","408.0","23.3","34.0","2.44","36.6","0.0","0.33","0.0","0.1","0.0","0.16","0.0","19.2","7.44","1.18","1.14","100.0","0.08","0.0","707.0","0.16","26.8","458.0","77.0","654.0","3.67","0.033","0.026","28.3","0.0","0.029","0.441","0.052","0.413","0.069","0.0","21.0","1.06","316.0","0.0","0.75","2.4","0.0","0.0","0.0","0.0","0.0","0.0","0.0","0.0","0.0","0.0","0.0","0.0","0.0","0.653","0.0","0.0","316.0","0.0","0.0","0.0","0.0","0.0","0.0","0.0"
"cms1q9v3p002sun8j0mjr2ykt","2768223","сыр маасдам","maasdam cheese","forbidden","2026-07-26 11:41:51.925","295.0","7.1","28.6","3.5","58.5","0.0","3.5","0.0","0.0","0.0","0.0","0.0","18.02","8.071","1.033","0.0","90.0","0.0","1.666","71.0","1.13","6.0","91.0","112.0","436.0","0.51","0.015","0.0","2.7","0.0","0.02","0.19","0.95","0.0","0.04","0.0","12.0","0.4","302.0","0.5","0.77","2.4","0.0","0.0","0.0","0.0","0.0","19.0","0.0","0.0","0.0","0.0","2.7","0.0","0.0","0.82","0.0","0.0","300.0","0.0","0.0","0.0","0.0","0.0","0.0","0.5"
"cms1q9v3v002tun8jrsioyrpe","2768224","сыр российский","russian cheese","forbidden","2026-07-26 11:41:51.931","355.0","0.69","26.18","31.9","38.53","0.7","17.68","0.0","0.0","0.0","0.0","0.0","2.39","5.928","14.83","0.17","0.0","0.0","27.919","13.0","0.6","10.0","20.0","173.0","1133.0","0.22","0.058","0.063","1.6","6.0","0.029","0.046","0.594","0.4","0.097","0.0","5.0","0.0","29.0","0.0","3.32","53.7","0.0","0.0","0.0","0.0","0.0","320.0","0.0","0.0","0.0","0.0","1.6","0.0","0.0","0.0","0.0","0.0","0.0","0.0","0.0","0.0","0.0","0.0","0.0","0.0"
"cms1q9v4i002uun8jiapazvfs","173419","сыр эдам","edam cheese","forbidden","2026-07-26 11:41:51.954","357.0","24.99","28.57","1.43","41.0","0.0","0.0","0.0","0.0","0.0","0.0","0.0","18.67","8.125","0.665","0.0","89.0","0.0","1.083","731.0","0.44","30.0","536.0","188.0","973.0","3.75","0.036","0.011","14.5","0.0","0.037","0.389","0.082","0.281","0.076","0.0","16.0","1.54","243.0","0.5","0.24","2.3","2.66","0.721","0.764","0.964","1.747","11.0","0.255","6.15","0.486","1.034","14.5","1.308","2.57","1.0","1.434","3.251","242.0","1.547","0.932","0.352","1.457","1.81","0.0","0.5"
"cms1q9x4k002vun8jstcb7uuv","172198","сыр моцарелла","mozzarella cheese","forbidden","2026-07-26 11:41:54.548","248.0","11.47","12.22","23.67","47.36","0.0","23.67","0.0","0.0","0.0","0.0","0.0","3.711","6.243","1.738","0.0","0.0","0.0","3.402","610.0","0.4","41.0","583.0","455.0","685.0","1.92","0.11","0.028","19.2","0.1","0.026","0.444","0.317","0.083","0.051","0.0","11.0","0.81","437.0","0.0","0.11","1.0","0.793","0.282","0.273","0.388","0.682","0.0","0.05","2.172","0.167","0.286","19.2","0.57","0.924","0.0","0.525","1.036","437.0","0.532","0.397","0.151","0.572","0.68","0.0","0.0"
"cms1qhcpj0000unmgcz1guyfa","169081","сыр сулугуни","suluguni cheese","forbidden","2026-07-26 11:47:41.335","295.0","7.1","28.6","3.5","58.5","0.0","3.5","0.0","0.0","0.0","0.0","0.0","18.02","8.071","1.033","0.0","90.0","0.0","1.666","71.0","1.13","6.0","91.0","112.0","436.0","0.51","0.015","0.0","2.7","0.0","0.02","0.19","0.95","0.0","0.04","0.0","12.0","0.4","302.0","0.5","0.77","2.4","0.0","0.0","0.0","0.0","0.0","19.0","0.0","0.0","0.0","0.0","2.7","0.0","0.0","0.82","0.0","0.0","300.0","0.0","0.0","0.0","0.0","0.0","0.0","0.5"
"cms1qhcpp0001unmg5fn8dipk","173420","сыр фета","feta cheese","forbidden","2026-07-26 11:47:41.341","265.0","14.21","21.49","3.88","55.22","0.0","0.0","0.0","0.0","0.0","0.0","0.0","13.3","4.623","0.591","0.0","89.0","0.0","0.917","493.0","0.65","19.0","337.0","62.0","1139.0","2.88","0.032","0.028","15.0","0.0","0.154","0.844","0.991","0.967","0.424","0.0","32.0","1.69","125.0","0.4","0.18","1.8","1.219","0.368","0.639","0.47","0.779","3.0","0.083","2.421","0.097","0.397","15.0","0.803","1.395","0.714","0.675","1.378","125.0","1.169","0.637","0.2","0.668","1.065","0.0","0.4"
"cms1qhcsc0002unmgp25up3hu","173420","сыр брынза","feta cheese","forbidden","2026-07-26 11:47:41.437","265.0","14.21","21.49","3.88","55.22","0.0","0.0","0.0","0.0","0.0","0.0","0.0","13.3","4.623","0.591","0.0","89.0","0.0","0.917","493.0","0.65","19.0","337.0","62.0","1139.0","2.88","0.032","0.028","15.0","0.0","0.154","0.844","0.991","0.967","0.424","0.0","32.0","1.69","125.0","0.4","0.18","1.8","1.219","0.368","0.639","0.47","0.779","3.0","0.083","2.421","0.097","0.397","15.0","0.803","1.395","0.714","0.675","1.378","125.0","1.169","0.637","0.2","0.668","1.065","0.0","0.4"
"cms1qhetu0003unmgwd6u4j8e","169081","сыр адыгейский","adygei cheese","forbidden","2026-07-26 11:47:44.082","295.0","7.1","28.6","3.5","58.5","0.0","3.5","0.0","0.0","0.0","0.0","0.0","18.02","8.071","1.033","0.0","90.0","0.0","1.666","71.0","1.13","6.0","91.0","112.0","436.0","0.51","0.015","0.0","2.7","0.0","0.02","0.19","0.95","0.0","0.04","0.0","12.0","0.4","302.0","0.5","0.77","2.4","0.0","0.0","0.0","0.0","0.0","19.0","0.0","0.0","0.0","0.0","2.7","0.0","0.0","0.82","0.0","0.0","300.0","0.0","0.0","0.0","0.0","0.0","0.0","0.5"
"cms1qheu10004unmgpwuv1384","169081","сыр халуми","halloumi cheese","forbidden","2026-07-26 11:47:44.089","295.0","7.1","28.6","3.5","58.5","0.0","3.5","0.0","0.0","0.0","0.0","0.0","18.02","8.071","1.033","0.0","90.0","0.0","1.666","71.0","1.13","6.0","91.0","112.0","436.0","0.51","0.015","0.0","2.7","0.0","0.02","0.19","0.95","0.0","0.04","0.0","12.0","0.4","302.0","0.5","0.77","2.4","0.0","0.0","0.0","0.0","0.0","19.0","0.0","0.0","0.0","0.0","2.7","0.0","0.0","0.82","0.0","0.0","300.0","0.0","0.0","0.0","0.0","0.0","0.0","0.5"
"cms1qheu70005unmgm9o3tke5","746766","сыр рикотта","Cheese, ricotta, whole milk","forbidden","2026-07-26 11:47:44.095","157.0","7.81","11.0","6.86","72.9","0.0","0.0","0.0","0.0","0.0","0.0","0.0","6.97","2.56","0.389","0.351","48.0","0.027","0.0","224.0","0.1","19.7","162.0","230.0","105.0","0.56","0.0","0.0","5.5","0.0","0.043","0.327","0.168","0.673","0.099","0.0","4.0","0.78","127.0","0.0","0.27","0.6","0.655","0.17","0.325","0.21","0.735","0.0","0.0","1.3","0.135","0.175","0.0","0.365","0.785","0.251","0.27","0.565","127.0","0.365","0.395","0.115","0.25","0.325","0.0","0.0"
"cms1qhgv10006unmg1r50hmht","169081","сыр маскарпоне","mascarpone cheese","forbidden","2026-07-26 11:47:46.718","295.0","7.1","28.6","3.5","58.5","0.0","3.5","0.0","0.0","0.0","0.0","0.0","18.02","8.071","1.033","0.0","90.0","0.0","1.666","71.0","1.13","6.0","91.0","112.0","436.0","0.51","0.015","0.0","2.7","0.0","0.02","0.19","0.95","0.0","0.04","0.0","12.0","0.4","302.0","0.5","0.77","2.4","0.0","0.0","0.0","0.0","0.0","19.0","0.0","0.0","0.0","0.0","2.7","0.0","0.0","0.82","0.0","0.0","300.0","0.0","0.0","0.0","0.0","0.0","0.0","0.5"
"cms1qhgv50007unmgx71hkdlx","172177","сыр бри","brie cheese","forbidden","2026-07-26 11:47:46.721","334.0","20.75","27.68","0.45","48.42","0.0","0.45","0.0","0.0","0.0","0.0","0.0","17.41","8.013","0.826","0.0","100.0","0.0","1.339","184.0","0.5","20.0","188.0","152.0","629.0","2.38","0.019","0.034","14.5","0.0","0.07","0.52","0.38","0.69","0.235","0.0","65.0","1.65","174.0","0.5","0.24","2.3","1.851","0.592","0.859","0.735","1.35","9.0","0.114","4.387","0.397","0.716","14.5","1.015","1.929","0.564","1.158","2.459","173.0","1.168","0.751","0.322","1.2","1.34","0.0","0.5"
"cms1qhgvv0008unmgaca3dwgv","172178","сыр камамбер","camembert cheese","forbidden","2026-07-26 11:47:46.747","300.0","19.8","24.26","0.46","51.8","0.0","0.46","0.0","0.0","0.0","0.0","0.0","15.259","7.023","0.724","0.0","72.0","0.0","1.174","388.0","0.33","20.0","347.0","187.0","842.0","2.38","0.021","0.038","14.5","0.0","0.028","0.488","0.63","1.364","0.227","0.0","62.0","1.3","241.0","0.4","0.21","2.0","1.766","0.565","0.819","0.701","1.288","12.0","0.109","4.187","0.379","0.683","14.5","0.968","1.84","0.494","1.105","2.346","240.0","1.114","0.717","0.307","1.145","1.279","0.0","0.4"
"cms1qhiuj0009unmgljadk2nz","172197","сыр козий","goat cheese","forbidden","2026-07-26 11:47:49.292","452.0","30.52","35.59","2.17","29.01","0.0","2.17","0.0","0.0","0.0","0.0","0.0","24.609","8.117","0.845","0.0","105.0","0.0","1.69","895.0","1.88","54.0","729.0","48.0","423.0","1.59","0.627","0.252","5.5","0.0","0.14","1.19","2.4","0.41","0.08","0.0","4.0","0.12","486.0","0.7","0.31","3.0","2.191","0.813","0.526","0.904","1.517","91.0","0.139","5.688","0.344","0.832","5.5","1.263","2.631","1.784","1.215","3.693","478.0","1.172","1.139","0.321","1.191","2.1","0.0","0.7"
"cms1qhiwg000aunmgv266t83n","171250","сыр рокфор","roquefort cheese","forbidden","2026-07-26 11:47:49.36","369.0","21.54","30.64","2.0","39.38","0.0","0.0","0.0","0.0","0.0","0.0","0.0","19.263","8.474","1.32","0.0","90.0","0.0","1.936","662.0","0.56","30.0","392.0","91.0","1809.0","2.08","0.034","0.03","14.5","0.0","0.04","0.586","0.734","1.731","0.124","0.0","49.0","0.64","294.0","0.0","0.0","0.0","1.848","0.558","0.969","0.713","1.181","0.0","0.126","3.67","0.148","0.602","14.5","1.217","2.114","0.877","1.023","2.089","290.0","1.772","0.965","0.303","1.012","1.614","0.0","0.0"
"cms1qhiwo000bunmg4k3aj0z9","172175","сыр дорблю","blue cheese","forbidden","2026-07-26 11:47:49.368","353.0","21.4","28.74","2.34","42.41","0.0","0.5","0.0","0.0","0.0","0.0","0.0","18.669","7.778","0.8","0.0","75.0","0.0","1.336","528.0","0.31","23.0","387.0","256.0","1146.0","2.66","0.04","0.009","14.5","0.0","0.029","0.382","1.016","1.729","0.166","0.0","36.0","1.22","198.0","0.5","0.25","2.4","1.852","0.584","0.644","0.711","1.436","74.0","0.107","5.179","0.406","0.758","14.5","1.124","1.919","0.658","1.087","2.1","192.0","1.12","0.785","0.312","1.295","1.556","0.0","0.5"
"cms1qhkvb000cunmg3rvdqxqf","172191","яйцо перепелиное","quail egg raw","forbidden","2026-07-26 11:47:51.912","158.0","13.05","11.09","0.41","74.35","0.0","0.4","0.0","0.0","0.0","0.0","0.0","3.557","4.324","1.324","0.0","844.0","0.122","2.046","64.0","3.65","13.0","226.0","132.0","141.0","1.47","0.062","0.038","32.0","0.0","0.13","0.79","0.15","1.761","0.15","0.0","66.0","1.58","156.0","1.4","1.08","0.3","0.881","0.421","0.762","0.835","1.294","11.0","0.311","1.662","0.434","0.315","32.0","0.816","1.146","0.0","0.737","0.518","155.0","0.992","0.641","0.209","0.543","0.94","0.0","1.4"
"cms1qhkxf000dunmguo270gwk","172183","яйцо куриное","egg raw","forbidden","2026-07-26 11:47:51.988","52.0","10.9","0.17","0.73","87.57","0.0","0.71","0.07","0.34","0.07","0.07","0.07","0.0","0.0","0.0","0.0","0.0","0.0","0.0","7.0","0.08","11.0","15.0","163.0","166.0","0.03","0.023","0.011","20.0","0.0","0.004","0.439","0.105","0.19","0.005","0.0","4.0","0.09","0.0","0.0","0.0","0.0","0.806","0.399","0.704","0.648","1.22","0.0","0.287","1.55","0.413","0.29","20.0","0.661","1.016","0.0","0.686","0.435","0.0","0.798","0.449","0.125","0.457","0.809","0.0","0.0"
"cms1qhkxo000eunmg8tl2766s","2768225","сыр овечий","sheep cheese","forbidden","2026-07-26 11:47:51.996","108.0","5.98","7.0","5.36","80.7","0.0","0.0","0.0","0.0","0.0","0.0","0.0","4.603","1.724","0.308","0.0","27.0","0.0","0.489","193.0","0.1","18.0","158.0","137.0","44.0","0.54","0.046","0.018","1.7","4.2","0.065","0.355","0.417","0.407","0.06","0.0","7.0","0.71","44.0","0.0","0.0","0.0","0.513","0.155","0.269","0.198","0.328","0.0","0.035","1.019","0.041","0.167","1.7","0.338","0.587","0.204","0.284","0.58","44.0","0.492","0.268","0.084","0.281","0.448","0.0","0.0"
"cms1qhmwe000funmgjzubzbcl","172190","яйцо гусиное","goose egg raw","forbidden","2026-07-26 11:47:54.542","185.0","13.87","13.27","1.35","70.43","0.0","0.94","0.0","0.0","0.0","0.0","0.0","3.595","5.747","1.672","0.0","852.0","0.279","2.193","60.0","3.64","16.0","208.0","210.0","138.0","1.33","0.062","0.038","36.9","0.0","0.147","0.382","0.189","1.759","0.236","0.0","76.0","5.1","187.0","1.7","1.29","0.4","1.03","0.624","0.683","0.828","0.841","13.0","0.309","1.937","0.457","0.346","36.9","0.647","1.188","0.0","0.91","0.52","185.0","1.043","0.797","0.282","0.664","0.958","0.0","1.7"
"cms1qhmwh000gunmgodchhv62","172189","яйцо утиное","duck egg raw","forbidden","2026-07-26 11:47:54.545","185.0","12.81","13.77","1.45","70.83","0.0","0.93","0.0","0.0","0.0","0.0","0.0","3.681","6.525","1.223","0.0","884.0","0.319","1.537","64.0","3.85","17.0","220.0","222.0","146.0","1.41","0.062","0.038","36.4","0.0","0.156","0.404","0.2","1.862","0.25","0.0","80.0","5.4","194.0","1.7","1.34","0.4","0.951","0.576","0.631","0.765","0.777","14.0","0.285","1.789","0.422","0.32","36.4","0.598","1.097","0.0","0.84","0.48","192.0","0.963","0.736","0.26","0.613","0.885","0.0","1.7"
"cms1qhmyg000hunmgq6nclk86","2768226","яйцо страусиное","ostrich egg raw","forbidden","2026-07-26 11:47:54.616","117.0","21.81","2.65","0.0","75.93","0.0","0.0","0.0","0.0","0.0","0.0","0.0","0.95","0.95","0.5","0.0","73.0","0.14","0.83","6.0","4.38","22.0","211.0","308.0","75.0","3.71","0.136","0.017","34.9","0.0","0.196","0.288","4.722","1.165","0.513","0.0","8.0","4.97","0.0","0.0","0.2","0.0","1.926","0.61","1.399","1.492","2.04","0.0","0.224","3.343","1.458","0.548","34.9","1.036","1.772","0.23","0.9","1.137","0.0","0.873","0.957","0.194","0.709","1.077","0.0","0.0"
"cms1qhoxa000iunmgjibo2r0l","171287","меланж","Egg, melange, raw","forbidden","2026-07-26 11:47:57.166","143.0","12.6","9.51","0.72","76.2","0.0","0.37","0.0","0.37","0.0","0.0","0.0","3.13","3.66","1.91","0.038","372.0","0.253","1.608","56.0","1.75","12.0","198.0","138.0","142.0","1.29","0.072","0.028","30.7","0.0","0.04","0.457","0.075","1.53","0.17","0.0","47.0","0.89","160.0","2.0","1.05","0.3","0.912","0.38","0.735","0.82","1.33","0.0","0.272","1.67","0.432","0.309","20.0","0.671","1.09","0.004","0.68","0.512","160.0","0.971","0.556","0.167","0.499","0.858","0.0","2.0"
"cms1qhozm000junmgwiq4yh5t","172184","яичный желток","egg yolk raw","forbidden","2026-07-26 11:47:57.25","322.0","15.86","26.54","3.59","52.31","0.0","0.56","0.07","0.18","0.07","0.07","0.07","9.551","11.738","4.204","0.0","1085.0","0.6880000000000001","7.617","129.0","2.73","5.0","390.0","109.0","48.0","2.3","0.077","0.055","56.0","0.0","0.176","0.528","0.024","2.99","0.35","0.0","146.0","1.95","381.0","5.4","2.58","0.7","1.217","0.378","0.836","1.099","1.55","88.0","0.264","1.97","0.488","0.416","56.0","0.866","1.399","0.0","0.681","0.646","371.0","1.326","0.687","0.177","0.678","0.949","0.0","5.4"
"cms1qhozr000kunmg3fr3ymtp","172183","яичный белок","egg white raw","forbidden","2026-07-26 11:47:57.255","52.0","10.9","0.17","0.73","87.57","0.0","0.71","0.07","0.34","0.07","0.07","0.07","0.0","0.0","0.0","0.0","0.0","0.0","0.0","7.0","0.08","11.0","15.0","163.0","166.0","0.03","0.023","0.011","20.0","0.0","0.004","0.439","0.105","0.19","0.005","0.0","4.0","0.09","0.0","0.0","0.0","0.0","0.806","0.399","0.704","0.648","1.22","0.0","0.287","1.55","0.413","0.29","20.0","0.661","1.016","0.0","0.686","0.435","0.0","0.798","0.449","0.125","0.457","0.809","0.0","0.0"
"cms1qhr0g000lunmgi14dx60i","1750349","масло подсолнечное","sunflower oil","forbidden","2026-07-26 11:47:59.872","0.0","0.0","0.0","0.0","0.0","0.0","0.0","0.0","0.0","0.0","0.0","0.0","8.991","63.37","20.71","0.1163","0.0","0.169925","0.002375","0.0","0.0","0.0","0.0","0.0","0.0","0.0","0.0","0.0","0.0","0.0","0.0","0.0","0.0","0.0","0.0","0.0","0.0","0.0","0.0","0.0","68.48","6.925","0.0","0.0","0.0","0.0","0.0","0.0","0.0","0.0","0.0","0.0","0.0","0.0","0.0","0.00425","0.0","0.0","0.0","0.0","0.0","0.0","0.0","0.0","0.0","0.0"
"cms1qhr0u000munmg4atdw64k","173429","яичный порошок","egg powder","forbidden","2026-07-26 11:47:59.886","444.0","55.5","13.0","21.8","3.86","0.0","21.8","0.0","0.0","0.0","0.0","0.0","3.766","5.341","1.683","0.0","572.0","0.109","3.021","326.0","3.16","65.0","478.0","744.0","800.0","1.82","0.207","0.08","127.7","0.8","0.226","1.76","0.577","3.384","0.143","0.0","125.0","3.52","369.0","0.0","1.26","0.4","0.0","0.0","0.0","0.0","0.0","0.0","0.0","0.0","0.0","0.0","127.7","0.0","0.0","0.0","0.0","0.0","369.0","0.0","0.0","0.0","0.0","0.0","0.0","0.0"
"cms1qhr0w000nunmg48p6i7e4","172370","масло растительное","vegetable oil","forbidden","2026-07-26 11:47:59.889","884.0","0.0","100.0","0.0","0.0","0.0","0.0","0.0","0.0","0.0","0.0","0.0","15.251","22.727","57.333","0.678","0.0","6.537","107.632","0.0","0.02","0.0","0.0","0.0","0.0","0.0","0.0","0.0","0.0","0.0","0.0","0.0","0.0","0.0","0.0","0.0","0.0","0.0","0.0","0.0","8.18","183.9","0.0","0.0","0.0","0.0","0.0","0.0","0.0","0.0","0.0","0.0","0.0","0.0","0.0","0.0","0.0","0.0","0.0","0.0","0.0","0.0","0.0","0.0","0.0","0.0"
"cms1qht0u000ounmgnny94mum","748278","масло рапсовое","canola oil","forbidden","2026-07-26 11:48:02.478","0.0","0.0","0.0","0.0","0.0","0.0","0.0","0.0","0.0","0.0","0.0","0.0","6.61","62.6","25.3","0.0","0.0","7.45","0.0","0.0","0.0","0.0","0.0","0.0","0.0","0.0","0.0","0.0","0.0","0.0","0.0","0.0","0.0","0.0","0.0","0.0","0.0","0.0","0.0","0.0","17.3","0.0","0.0","0.0","0.0","0.0","0.0","0.0","0.0","0.0","0.0","0.0","0.0","0.0","0.0","1.66","0.0","0.0","0.0","0.0","0.0","0.0","0.0","0.0","0.0","0.0"
"cms1qht15000punmg6shkl034","748323","масло кукурузное","corn oil","forbidden","2026-07-26 11:48:02.49","0.0","0.0","0.0","0.0","0.0","0.0","0.0","0.0","0.0","0.0","0.0","0.0","13.4","27.7","52.9","0.0","0.0","1.04","0.0","0.0","0.0","0.0","0.0","0.0","0.0","0.0","0.0","0.0","0.0","0.0","0.0","0.0","0.0","0.0","0.0","0.0","0.0","0.0","0.0","0.0","22.6","0.0","0.0","0.0","0.0","0.0","0.0","0.0","0.0","0.0","0.0","0.0","0.0","0.0","0.0","1.58","0.0","0.0","0.0","0.0","0.0","0.0","0.0","0.0","0.0","0.0"
"cms1qhtcf000qunmgc8qvin2b","167737","масло оливковое","olive oil","forbidden","2026-07-26 11:48:02.895","884.0","0.0","100.0","0.0","0.0","0.0","0.0","0.0","0.0","0.0","0.0","0.0","14.367","48.033","33.033","0.0","0.0","0.0","65.69900000000001","0.0","0.13","0.0","0.0","0.0","0.0","0.02","0.0","0.0","0.0","0.0","0.0","0.0","0.0","0.0","0.0","0.0","0.0","0.0","0.0","0.0","14.78","21.0","0.0","0.0","0.0","0.0","0.0","0.0","0.0","0.0","0.0","0.0","0.0","0.0","0.0","0.0","0.0","0.0","0.0","0.0","0.0","0.0","0.0","0.0","0.0","0.0"
"cms1qhvd9000runmgtqaxfexp","748366","масло соевое","soybean oil","forbidden","2026-07-26 11:48:05.518","0.0","0.0","0.0","0.0","0.0","0.0","0.0","0.0","0.0","0.0","0.0","0.0","14.9","22.1","57.6","0.0","0.0","6.62","0.0","0.0","0.0","0.0","0.0","0.0","0.0","0.0","0.0","0.0","0.0","0.0","0.0","0.0","0.0","0.0","0.0","0.0","0.0","0.0","0.0","0.0","12.2","0.0","0.0","0.0","0.0","0.0","0.0","0.0","0.0","0.0","0.0","0.0","0.0","0.0","0.0","3.71","0.0","0.0","0.0","0.0","0.0","0.0","0.0","0.0","0.0","0.0"
"cms1qhvdg000sunmgn6y8pd8q","171016","масло кунжутное","sesame oil","forbidden","2026-07-26 11:48:05.524","884.0","0.0","100.0","0.0","0.0","0.0","0.0","0.0","0.0","0.0","0.0","0.0","14.2","39.7","41.7","0.0","0.0","0.0","82.89999999999999","0.0","0.0","0.0","0.0","0.0","0.0","0.0","0.0","0.0","0.0","0.0","0.0","0.0","0.0","0.0","0.0","0.0","0.0","0.0","0.0","0.0","1.4","13.6","0.0","0.0","0.0","0.0","0.0","0.0","0.0","0.0","0.0","0.0","0.0","0.0","0.0","0.0","0.0","0.0","0.0","0.0","0.0","0.0","0.0","0.0","0.0","0.0"
"cms1qhvdp000tunmguuuxjijw","171442","масло льняное","flaxseed oil","forbidden","2026-07-26 11:48:05.533","878.0","0.37","99.01","0.39","0.16","0.0","0.0","0.0","0.0","0.0","0.0","0.0","9.047","20.634","64.876","0.184","0.0","48.93","80.494","9.0","0.34","15.0","27.0","31.0","6.0","0.31","0.067","0.141","0.0","0.0","0.0","0.0","0.0","0.0","0.0","0.0","0.0","0.0","0.0","0.0","0.71","3.3","0.0","0.0","0.0","0.0","0.0","0.0","0.0","0.0","0.0","0.0","0.0","0.0","0.0","0.0","0.0","0.0","0.0","0.0","0.0","0.0","0.0","0.0","0.0","0.0"
"cms1qhxde000uunmg8m6brrv7","171028","масло виноградной косточки","grapeseed oil","forbidden","2026-07-26 11:48:08.114","884.0","0.0","100.0","0.0","0.0","0.0","0.0","0.0","0.0","0.0","0.0","0.0","9.6","16.1","69.9","0.0","0.0","0.0","139.29999999999998","0.0","0.0","0.0","0.0","0.0","0.0","0.0","0.0","0.0","0.0","0.0","0.0","0.0","0.0","0.0","0.0","0.0","0.0","0.0","0.0","0.0","28.8","0.0","0.0","0.0","0.0","0.0","0.0","0.0","0.0","0.0","0.0","0.0","0.0","0.0","0.0","0.0","0.0","0.0","0.0","0.0","0.0","0.0","0.0","0.0","0.0","0.0"
"cms1qhxet000vunmgcks8ukiy","2515380","масло тыквенное","pumpkin seed oil","forbidden","2026-07-26 11:48:08.165","554.602","29.9079","40.03","18.6751","6.621","5.079","0.0","0.0","0.0","0.0","0.0","0.0","0.0","0.0","0.0","0.0","0.0","0.0","0.0","37.38","8.363","499.7","1150.0","691.2","0.0","6.341","1.225","4.121","20.52","0.0","0.0","0.0","0.0","0.0","0.0","0.0","0.0","0.0","0.0","0.0","0.0","0.0","0.0","0.0","0.0","0.0","0.0","0.0","0.0","0.0","0.0","0.0","20.52","0.0","0.0","0.0","0.0","0.0","0.0","0.0","0.0","0.0","0.0","0.0","0.0","0.0"
"cms1qhxl1000wunmgauhxdmcf","172337","масло горчичное","mustard oil","forbidden","2026-07-26 11:48:08.389","884.0","0.0","100.0","0.0","0.0","0.0","0.0","0.0","0.0","0.0","0.0","0.0","11.582","59.187","21.23","0.0","0.0","0.0","36.563","0.0","0.0","0.0","0.0","0.0","0.0","0.0","0.0","0.0","0.0","0.0","0.0","0.0","0.0","0.0","0.0","0.0","0.0","0.0","0.0","0.0","0.0","0.0","0.0","0.0","0.0","0.0","0.0","0.0","0.0","0.0","0.0","0.0","0.0","0.0","0.0","1.119","0.0","0.0","0.0","0.0","0.0","0.0","0.0","0.0","0.0","0.0"
"cms1qhzlx000xunmghwz7z823","171030","масло грецкого ореха","walnut oil","forbidden","2026-07-26 11:48:11.013","884.0","0.0","100.0","0.0","0.0","0.0","0.0","0.0","0.0","0.0","0.0","0.0","9.1","22.8","63.3","0.0","0.0","0.0","116.19999999999999","0.0","0.0","0.0","0.0","0.0","0.0","0.0","0.0","0.0","0.0","0.0","0.0","0.0","0.0","0.0","0.0","0.0","0.0","0.0","0.0","0.0","0.4","15.0","0.0","0.0","0.0","0.0","0.0","0.0","0.0","0.0","0.0","0.0","0.0","0.0","0.0","0.0","0.0","0.0","0.0","0.0","0.0","0.0","0.0","0.0","0.0","0.0"
"cms1qhzm8000yunmg94vqbqao","171015","масло пальмовое","palm oil","forbidden","2026-07-26 11:48:11.025","884.0","0.0","100.0","0.0","0.0","0.0","0.0","0.0","0.0","0.0","0.0","0.0","49.3","37.0","9.3","0.0","0.0","0.0","18.4","0.0","0.01","0.0","0.0","0.0","0.0","0.0","0.0","0.0","0.0","0.0","0.0","0.0","0.0","0.0","0.0","0.0","0.0","0.0","0.0","0.0","15.94","8.0","0.0","0.0","0.0","0.0","0.0","0.0","0.0","0.0","0.0","0.0","0.0","0.0","0.0","0.0","0.0","0.0","0.0","0.0","0.0","0.0","0.0","0.0","0.0","0.0"
"cms1qhzme000zunmgl12ayd9z","171412","масло кокосовое","coconut oil","forbidden","2026-07-26 11:48:11.03","892.0","0.0","99.06","0.0","0.03","0.0","0.0","0.0","0.0","0.0","0.0","0.0","82.475","6.332","1.702","0.028","0.0","0.019","3.385","1.0","0.05","0.0","0.0","0.0","0.0","0.02","0.0","0.0","0.0","0.0","0.0","0.0","0.0","0.0","0.0","0.0","0.0","0.0","0.0","0.0","0.11","0.6","0.0","0.0","0.0","0.0","0.0","0.0","0.0","0.0","0.0","0.0","0.0","0.0","0.0","0.009","0.0","0.0","0.0","0.0","0.0","0.0","0.0","0.0","0.0","0.0"
"cms1qi1n00010unmgbb5ch1b1","171421","масло какао","cocoa butter","forbidden","2026-07-26 11:48:13.644","884.0","0.0","100.0","0.0","0.0","0.0","0.0","0.0","0.0","0.0","0.0","0.0","59.7","32.9","3.0","0.0","0.0","0.0","5.699999999999999","0.0","0.0","0.0","0.0","0.0","0.0","0.0","0.0","0.0","0.0","0.0","0.0","0.0","0.0","0.0","0.0","0.0","0.0","0.0","0.0","0.0","1.8","24.7","0.0","0.0","0.0","0.0","0.0","0.0","0.0","0.0","0.0","0.0","0.0","0.0","0.0","0.0","0.0","0.0","0.0","0.0","0.0","0.0","0.0","0.0","0.0","0.0"
"cms1qi1n10011unmg2pz8wnch","172339","маргарин","margarine","forbidden","2026-07-26 11:48:13.645","727.0","0.31","80.32","0.77","17.07","0.0","0.0","0.0","0.0","0.0","0.0","0.0","14.198","30.292","24.17","14.95","12.0","2.638","45.704","10.0","0.04","1.0","10.0","22.0","719.0","0.03","0.01","0.006","0.2","0.1","0.009","0.023","0.022","0.041","0.009","0.0","2.0","0.0","819.0","0.0","3.88","86.5","0.0","0.0","0.0","0.0","0.0","610.0","0.0","0.0","0.0","0.0","0.2","0.0","0.0","0.0","0.0","0.0","768.0","0.0","0.0","0.0","0.0","0.0","0.0","0.0"
"cms1qi1n50012unmgdvqgr954","171035","спред","margarine spread","forbidden","2026-07-26 11:48:13.649","357.0","0.0","38.71","5.71","53.73","0.0","0.0","0.0","0.0","0.0","0.0","0.0","4.77","18.932","11.948","2.214","0.0","1.976","21.634999999999998","4.0","0.0","1.0","4.0","4.0","670.0","0.0","0.0","0.0","0.0","0.0","0.012","0.0","0.0","0.0","0.0","0.0","0.0","0.0","1370.0","0.0","37.22","56.5","0.0","0.0","0.0","0.0","0.0","0.0","0.0","0.0","0.0","0.0","0.0","0.0","0.0","0.0","0.0","0.0","1370.0","0.0","0.0","0.0","0.0","0.0","0.0","0.0"
"cms1qi3ll0013unmgclpdn6ug","170674","сахар белый","sugar white","forbidden","2026-07-26 11:48:16.185","399.0","0.0","0.0","99.8","0.03","0.0","99.19","99.19","0.0","0.0","0.0","0.0","0.0","0.0","0.0","0.0","0.0","0.0","0.0","12.0","0.37","2.0","1.0","29.0","3.0","0.03","0.009","0.046","0.0","0.0","0.0","0.0","0.0","0.0","0.0","0.0","0.0","0.0","0.0","0.0","0.0","0.0","0.0","0.0","0.0","0.0","0.0","0.0","0.0","0.0","0.0","0.0","0.0","0.0","0.0","0.0","0.0","0.0","0.0","0.0","0.0","0.0","0.0","0.0","0.0","0.0"
"cms1qi3nj0014unmgex3ib6v0","173597","кулинарный жир","shortening","forbidden","2026-07-26 11:48:16.255","884.0","0.0","100.0","0.0","0.0","0.0","0.0","0.0","0.0","0.0","0.0","0.0","18.358","38.87","38.009","12.574","0.0","2.485","72.143","0.0","0.0","0.0","0.0","0.0","0.0","0.0","0.0","0.0","0.0","0.0","0.0","0.0","0.0","0.0","0.0","0.0","0.0","0.0","0.0","0.0","8.1","24.7","0.0","0.0","0.0","0.0","0.0","0.0","0.0","0.0","0.0","0.0","0.0","0.0","0.0","0.0","0.0","0.0","0.0","0.0","0.0","0.0","0.0","0.0","0.0","0.0"
"cms1qi5of0015unmg7842uyh7","168833","сахар коричневый","sugar brown","forbidden","2026-07-26 11:48:18.879","380.0","0.12","0.0","98.09","1.34","0.0","97.02","94.56","1.35","1.11","0.0","0.0","0.0","0.0","0.0","0.0","0.0","0.0","0.0","83.0","0.71","9.0","4.0","133.0","28.0","0.03","0.047","0.064","1.2","0.0","0.0","0.0","0.11","0.132","0.041","0.0","1.0","0.0","0.0","0.0","0.0","0.0","0.0","0.0","0.0","0.0","0.0","0.0","0.0","0.0","0.0","0.0","1.2","0.0","0.0","0.0","0.0","0.0","0.0","0.0","0.0","0.0","0.0","0.0","0.0","0.0"
"cms1qi5op0016unmg4uuznc5z","169656","сахарная пудра","powdered sugar","forbidden","2026-07-26 11:48:18.89","389.0","0.0","0.0","99.77","0.23","0.0","97.81","0.0","0.0","0.0","0.0","0.0","0.0","0.0","0.0","0.0","0.0","0.0","0.0","1.0","0.06","0.0","0.0","2.0","2.0","0.01","0.007","0.004","0.6","0.0","0.0","0.019","0.0","0.0","0.0","0.0","0.0","0.0","0.0","0.0","0.0","0.0","0.0","0.0","0.0","0.0","0.0","0.0","0.0","0.0","0.0","0.0","0.6","0.0","0.0","0.0","0.0","0.0","0.0","0.0","0.0","0.0","0.0","0.0","0.0","0.0"
"cms1qi6fk0017unmg0nobrfbf","2768227","сахар тростниковый","sugar cane","forbidden","2026-07-26 11:48:19.857","269.0","0.0","0.0","73.14","26.0","0.0","73.2","0.0","0.0","0.0","0.0","0.0","0.0","0.0","0.0","0.0","0.0","0.0","0.0","13.0","3.6","10.0","8.0","63.0","58.0","0.19","0.02","0.0","0.7","0.0","0.13","0.06","0.1","0.0","0.0","0.0","0.0","0.0","0.0","0.0","0.0","0.0","0.0","0.0","0.0","0.0","0.0","0.0","0.0","0.0","0.0","0.0","0.7","0.0","0.0","0.0","0.0","0.0","0.0","0.0","0.0","0.0","0.0","0.0","0.0","0.0"
"cms1qi8e10019unmgjqx0dkxn","168836","сироп кукурузный","corn syrup","forbidden","2026-07-26 11:48:22.393","286.0","0.0","0.0","77.59","22.01","0.0","77.59","0.0","0.0","0.0","0.0","0.0","0.0","0.0","0.0","0.0","0.0","0.0","0.0","18.0","0.37","8.0","11.0","44.0","155.0","0.04","0.053","0.1","2.9","0.0","0.011","0.009","0.02","0.023","0.009","0.0","0.0","0.0","0.0","0.0","0.0","0.0","0.0","0.0","0.0","0.0","0.0","0.0","0.0","0.0","0.0","0.0","2.9","0.0","0.0","0.0","0.0","0.0","0.0","0.0","0.0","0.0","0.0","0.0","0.0","0.0"
"cms1qib60001bunmg566mr8sn","168142","фруктоза","fructose","forbidden","2026-07-26 11:48:25.992","279.0","0.0","0.0","76.1","23.9","0.1","76.0","0.0","0.0","0.0","0.0","0.0","0.0","0.0","0.0","0.0","0.0","0.0","0.0","1.0","0.11","0.0","0.0","0.0","2.0","0.09","0.037","0.0","0.5","0.0","0.0","0.02","0.0","0.0","0.0","0.0","0.0","0.0","0.0","0.0","0.0","0.0","0.0","0.0","0.0","0.0","0.0","0.0","0.0","0.0","0.0","0.0","0.5","0.0","0.0","0.0","0.0","0.0","0.0","0.0","0.0","0.0","0.0","0.0","0.0","0.0"
"cms1qid1l001cunmg6n5o4a9s","169765","сахарозаменитель","sweetener artificial","forbidden","2026-07-26 11:48:28.426","20.0","0.33","0.1","4.83","92.3","2.6","0.0","0.0","0.0","0.0","0.0","0.0","0.037","0.02","0.034","0.029","0.0","0.005","0.063","74.0","0.28","4.0","2.0","36.0","906.0","0.04","0.018","0.468","0.4","0.0","0.02","0.015","0.022","0.148","0.037","0.0","1.0","0.0","0.0","0.0","0.18","2.2","0.0","0.0","0.0","0.0","0.0","0.0","0.0","0.0","0.0","0.0","0.4","0.0","0.0","0.0","0.0","0.0","0.0","0.0","0.0","0.0","0.0","0.0","0.0","0.0"
"cms1qid6j001dunmgo4inec9n","169657","аспартам","aspartame","forbidden","2026-07-26 11:48:28.603","365.0","2.17","0.0","89.08","8.75","0.0","80.7","0.0","0.0","0.0","0.0","0.0","0.0","0.0","0.0","0.0","0.0","0.0","0.0","0.0","0.04","0.0","0.0","4.0","0.0","0.01","0.0","0.0","0.5","0.0","0.0","0.0","0.0","0.0","0.0","0.0","0.0","0.0","0.0","0.0","0.0","0.0","0.0","0.0","0.0","0.0","0.983","0.0","0.0","0.0","0.0","0.0","0.5","0.0","0.0","0.0","1.186","0.0","0.0","0.0","0.0","0.0","0.0","0.0","0.0","0.0"
"cms1qif74001eunmgtbym7kku","168210","сукралоза","sucralose","forbidden","2026-07-26 11:48:31.216","48.0","0.3","0.07","13.3","86.23","1.2","10.15","0.0","0.0","0.0","0.0","0.0","0.023","0.02","0.017","0.0","0.0","0.0","0.02","8.0","0.54","2.0","3.0","33.0","6.0","0.02","0.025","0.058","0.1","21.3","0.005","0.005","0.17","0.0","0.009","0.0","4.0","0.0","2.0","0.0","0.06","1.0","0.0","0.0","0.0","0.0","0.0","29.0","0.0","0.0","0.0","0.0","0.1","0.0","0.0","0.0","0.0","0.0","0.0","0.0","0.0","0.0","0.0","0.0","0.0","0.0"
"cms1qif7v001funmg39p6hqc0","170679","стевия (экстракт)","stevia extract","forbidden","2026-07-26 11:48:31.244","0.0","0.0","0.0","100.0","0.0","0.0","0.0","0.0","0.0","0.0","0.0","0.0","0.0","0.0","0.0","0.0","0.0","0.0","0.0","0.0","0.0","0.0","0.0","0.0","0.0","0.0","0.0","0.0","0.0","0.0","0.0","0.0","0.0","0.0","0.0","0.0","0.0","0.0","0.0","0.0","0.0","0.0","0.0","0.0","0.0","0.0","0.0","0.0","0.0","0.0","0.0","0.0","0.0","0.0","0.0","0.0","0.0","0.0","0.0","0.0","0.0","0.0","0.0","0.0","0.0","0.0"
"cms1qih7q001gunmgy6mvjk6q","168896","мука пшеничная высший сорт","white wheat flour","forbidden","2026-07-26 11:48:33.83","361.0","11.98","1.66","72.53","13.36","2.4","0.31","0.0","0.0","0.0","0.0","0.0","0.244","0.14","0.727","0.0","0.0","0.0","1.4130000000000003","15.0","4.41","25.0","97.0","100.0","2.0","0.85","0.182","0.792","39.7","0.0","0.812","0.512","7.554","0.438","0.037","0.0","183.0","0.0","0.0","0.0","0.4","0.3","0.231","0.21","0.366","0.416","0.484","1.0","0.269","4.198","0.41","0.254","39.7","0.444","0.828","0.0","0.591","1.409","0.0","0.58","0.32","0.139","0.328","0.502","0.0","0.0"
"cms1qih7u001hunmg2cci9seh","2768228","мука блинная","pancake flour","forbidden","2026-07-26 11:48:33.834","268.0","6.08","14.76","27.81","47.77","3.3","1.79","0.39","0.76","0.56","0.03","0.03","2.496","3.73","7.516","0.0","95.0","0.05","14.120000000000001","32.0","1.67","36.0","128.0","622.0","764.0","0.7","0.18","0.26","8.9","27.6","0.158","0.173","1.672","0.757","0.448","0.0","41.0","0.29","32.0","0.3","0.23","2.7","0.389","0.137","0.267","0.342","1.011","4.0","0.105","1.007","0.198","0.141","8.9","0.28","0.442","0.0","0.3","0.261","31.0","0.362","0.24","0.087","0.23","0.369","0.0","0.3"
"cms1qih82001iunmg8ne3l1h2","167532","хлеб белый","white bread","forbidden","2026-07-26 11:48:33.842","238.0","10.66","2.15","43.91","39.6","9.2","5.0","0.0","1.5","2.7","0.0","0.8","0.63","0.393","0.973","0.031","0.0","0.09100000000000001","1.843","684.0","4.89","26.0","103.0","127.0","478.0","0.95","0.149","0.634","16.1","0.0","0.51","0.255","4.455","0.455","0.08","0.0","127.0","0.0","0.0","0.0","0.38","7.7","0.0","0.0","0.0","0.0","0.0","2.0","0.0","0.0","0.0","0.0","16.1","0.0","0.0","0.002","0.0","0.0","0.0","0.0","0.0","0.0","0.0","0.0","0.0","0.0"
"cms1qij9d001junmgjol5zbc7","169736","макароны из мягких сортов пшеницы","pasta white","forbidden","2026-07-26 11:48:36.481","371.0","13.04","1.51","74.67","9.9","3.2","2.67","0.48","0.12","0.11","0.0","1.96","0.277","0.171","0.564","0.0","0.0","0.024","1.104","21.0","3.3","53.0","189.0","223.0","6.0","1.41","0.289","0.917","63.2","0.0","0.891","0.4","7.177","0.431","0.142","0.0","237.0","0.0","0.0","0.0","0.11","0.1","0.298","0.147","0.438","0.474","0.624","0.0","0.255","4.596","0.441","0.298","63.2","0.511","0.988","0.0","0.668","1.569","0.0","0.617","0.462","0.185","0.243","0.588","0.0","0.0"
"cms1qil84001kunmgjk55bzdt","169756","рис шлифованный","white rice polished","forbidden","2026-07-26 11:48:39.028","365.0","7.13","0.66","80.0","11.6","1.3","0.12","0.0","0.0","0.0","0.0","0.0","0.18","0.206","0.177","0.0","0.0","0.0","0.177","28.0","0.8","25.0","115.0","115.0","5.0","1.09","0.22","1.09","15.1","0.0","0.07","0.049","1.6","1.01","0.164","0.0","8.0","0.0","0.0","0.0","0.11","0.1","0.258","0.168","0.413","0.594","0.67","0.0","0.146","1.39","0.325","0.168","17.7","0.308","0.589","0.0","0.381","0.335","0.0","0.375","0.255","0.083","0.238","0.435","0.0","0.0"
"cms1qil8q001lunmggmyy7gr9","790214","рис белый","white rice","forbidden","2026-07-26 11:48:39.05","359.0","6.94","1.3","79.8","11.6","0.5","0.0","0.0","0.0","0.0","0.0","0.0","0.0","0.0","0.0","0.0","0.0","0.0","0.0","6.0","0.22","22.9","94.0","75.0","5.0","1.19","0.209","0.892","5.3","0.0","0.09","0.0","1.25","0.0","0.052","0.0","16.0","0.0","0.0","0.0","0.0","0.0","0.0","0.0","0.0","0.0","0.0","0.0","0.0","0.0","0.0","0.0","5.3","0.0","0.0","0.0","0.0","0.0","0.0","0.0","0.0","0.0","0.0","0.0","0.0","0.0"
"cms1qine2001munmgq7x6iftu","173180","протеин сывороточный","whey protein","forbidden","2026-07-26 11:48:41.835","352.0","78.13","1.56","6.25","3.44","3.1","0.0","0.0","0.0","0.0","0.0","0.0","0.781","0.158","0.299","0.0","16.0","0.0","0.562","469.0","1.13","195.0","1321.0","500.0","156.0","6.18","0.049","0.0","26.7","0.0","0.609","2.017","1.136","5.516","0.607","0.0","33.0","2.45","0.0","0.0","0.0","0.0","0.0","0.0","0.0","0.0","0.0","0.0","0.0","0.0","0.0","0.0","26.7","0.0","0.0","0.036","0.0","0.0","0.0","0.0","0.0","0.0","0.0","0.0","0.0","0.0"
"cms1qinef001nunmgut54q2zv","169717","крахмал тапиоковый","tapioca starch","forbidden","2026-07-26 11:48:41.847","358.0","0.19","0.02","88.7","11.0","0.9","3.35","0.0","0.48","0.35","0.0","8.7","0.005","0.005","0.003","0.0","0.0","0.0","0.003","20.0","1.58","1.0","7.0","11.0","1.0","0.12","0.02","0.11","0.8","0.0","0.004","0.0","0.0","0.135","0.008","0.0","4.0","0.0","0.0","0.0","0.0","0.0","0.006","0.002","0.005","0.019","0.011","0.0","0.004","0.029","0.004","0.003","0.0","0.004","0.006","0.0","0.004","0.005","0.0","0.005","0.004","0.003","0.002","0.005","0.0","0.0"
"cms1qipdd001ounmgjrg61gtq","171354","сок апельсиновый восстановленный","orange juice","forbidden","2026-07-26 11:48:44.401","45.0","0.6","0.3","10.2","88.5","0.1","8.26","0.0","0.0","0.0","0.0","0.0","0.035","0.05","0.06","0.0","0.0","0.0","0.105","12.0","0.17","9.0","11.0","184.0","0.0","0.06","0.046","0.0","0.1","62.5","0.045","0.028","0.239","0.137","0.054","0.0","26.0","0.0","3.0","0.0","0.04","0.1","0.0","0.0","0.0","0.0","0.0","9.0","0.0","0.0","0.0","0.0","0.1","0.0","0.0","0.0","0.0","0.0","0.0","0.0","0.0","0.0","0.0","0.0","0.0","0.0"
"cms1qipez001punmgr69nhlcd","170959","сок яблочный осветленный","apple juice","forbidden","2026-07-26 11:48:44.46","47.0","0.0","0.1","11.7","88.0","0.1","10.7","0.0","0.0","0.0","0.0","0.0","0.018","0.002","0.031","0.0","0.0","0.0","0.057999999999999996","4.0","0.57","3.0","5.0","91.0","8.0","0.03","0.04","0.0","0.1","57.9","0.007","0.016","0.083","0.116","0.029","0.0","0.0","0.0","1.0","0.0","0.6","0.0","0.0","0.0","0.0","0.0","0.0","8.0","0.0","0.0","0.0","0.0","0.1","0.0","0.0","0.0","0.0","0.0","0.0","0.0","0.0","0.0","0.0","0.0","0.0","0.0"
"cms1qiqrh001qunmgmt1e6pry","174276","изолят соевого белка","soy protein isolate","forbidden","2026-07-26 11:48:46.205","335.0","88.32","3.39","0.0","4.98","0.0","0.0","0.0","0.0","0.0","0.0","0.0","0.422","0.645","1.648","0.0","0.0","0.0","3.101","178.0","14.5","39.0","776.0","81.0","1005.0","4.03","1.599","1.493","0.8","0.0","0.176","0.1","1.438","0.06","0.1","0.0","176.0","0.0","0.0","0.0","0.0","0.0","5.327","1.13","3.589","6.67","10.203","0.0","1.046","17.452","3.603","2.303","0.8","4.253","6.783","0.0","4.593","4.96","0.0","4.593","3.137","1.116","3.222","4.098","0.0","0.0"
"cms1qisrz001runmg04r0rd39","171906","алкоголь","alcohol","forbidden","2026-07-26 11:48:48.815","58.0","0.9","0.0","0.27","91.0","0.0","0.0","0.0","0.0","0.0","0.0","0.0","0.0","0.0","0.0","0.0","0.0","0.0","0.0","8.0","0.03","12.0","32.0","62.0","4.0","0.01","0.008","0.022","0.6","0.0","0.03","0.09","1.1","0.21","0.09","0.0","18.0","0.02","0.0","0.0","0.0","0.0","0.0","0.0","0.0","0.0","0.0","0.0","0.0","0.0","0.0","0.0","0.6","0.0","0.0","0.0","0.0","0.0","0.0","0.0","0.0","0.0","0.0","0.0","0.0","0.0"
"cms1qiss3001sunmgv6ppt2k3","173205","лимонад","soda lemon","forbidden","2026-07-26 11:48:48.82","41.0","0.09","0.0","10.42","89.49","0.0","10.38","0.0","4.32","5.87","0.0","0.0","0.0","0.0","0.0","0.0","0.0","0.0","0.0","2.0","0.02","1.0","0.0","1.0","10.0","0.01","0.0","0.0","0.0","0.0","0.0","0.0","0.015","0.0","0.0","0.0","0.0","0.0","0.0","0.0","0.0","0.0","0.0","0.0","0.0","0.0","0.0","0.0","0.0","0.0","0.0","0.0","0.0","0.0","0.0","0.0","0.0","0.0","0.0","0.0","0.0","0.0","0.0","0.0","0.0","0.0"
"cms1qiuq9001tunmgritd2qj8","174818","водка","vodka","forbidden","2026-07-26 11:48:51.345","231.0","0.0","0.0","0.0","66.6","0.0","0.0","0.0","0.0","0.0","0.0","0.0","0.0","0.0","0.0","0.0","0.0","0.0","0.0","0.0","0.01","0.0","5.0","1.0","1.0","0.0","0.01","0.0","0.0","0.0","0.005","0.007","0.0","0.0","0.0","0.0","0.0","0.0","0.0","0.0","0.0","0.0","0.0","0.0","0.0","0.0","0.0","0.0","0.0","0.0","0.0","0.0","0.0","0.0","0.0","0.0","0.0","0.0","0.0","0.0","0.0","0.0","0.0","0.0","0.0","0.0"
"cms1qiut5001uunmgfe7yp6v3","168749","пиво","beer","forbidden","2026-07-26 11:48:51.449","29.0","0.24","0.0","1.64","94.88","0.0","0.09","0.0","0.09","0.0","0.0","0.0","0.0","0.0","0.0","0.0","0.0","0.0","0.0","4.0","0.03","5.0","12.0","21.0","4.0","0.01","0.006","0.006","0.4","0.0","0.005","0.015","0.391","0.03","0.034","0.0","6.0","0.02","0.0","0.0","0.0","0.0","0.0","0.0","0.01","0.0","0.013","0.0","0.0","0.039","0.011","0.0","0.4","0.0","0.0","0.0","0.0","0.029","0.0","0.0","0.0","0.0","0.0","0.0","0.0","0.0"
"cms1qizn7001yunmgpafwdd3s","2758986","майонез","mayonnaise","forbidden","2026-07-26 11:48:57.715","0.0","0.0","0.0","0.0","16.63","0.0","0.0","0.0","0.0","0.0","0.0","0.0","11.3","16.77","41.67","0.2125","0.0","0.03356","78.35656","0.0","0.0","0.0","0.0","0.0","0.0","0.0","0.0","0.0","0.0","0.0","0.0","0.1088","0.0","0.0","0.0","0.0","0.0","0.0","0.0","0.0","0.0","0.0","0.0","0.0","0.0","0.0","0.0","0.0","0.0","0.0","0.0","0.0","0.0","0.0","0.0","0.0035","0.0","0.0","0.0","0.0","0.0","0.0","0.0","0.0","0.0","0.0"
"cms1r02090000unrt555gqd5k","174980","молоко коровье","milk","forbidden","2026-07-26 12:02:13.93","446.0","7.6","13.77","71.73","4.7","3.4","10.32","0.0","0.0","0.0","0.0","0.0","2.912","5.485","4.867","0.0","11.0","0.007","9.369","172.0","3.58","22.0","303.0","114.0","687.0","0.67","0.227","0.552","15.9","0.2","0.538","0.418","4.43","0.407","0.037","0.0","90.0","0.08","16.0","0.0","1.22","3.8","0.241","0.138","0.246","0.307","0.345","3.0","0.159","2.482","0.264","0.167","15.9","0.289","0.541","0.014","0.376","0.858","16.0","0.399","0.221","0.1","0.237","0.333","0.0","0.0"
"cms1r069l0001unrtoktilqj6","171314","масло сливочное","butter","forbidden","2026-07-26 12:02:19.449","900.0","0.0","100.0","0.0","0.5","0.0","0.0","0.0","0.0","0.0","0.0","0.0","60.0","0.0","4.0","0.0","300.0","0.0","0.0","0.0","0.0","0.0","0.0","0.0","0.0","0.0","0.0","0.0","0.0","0.0","0.0","0.0","0.0","0.0","0.0","0.0","0.0","0.0","4000.0","0.0","0.0","0.0","0.0","0.0","0.0","0.0","0.0","0.0","0.0","0.0","0.0","0.0","0.0","0.0","0.0","0.0","0.0","0.0","0.0","0.0","0.0","0.0","0.0","0.0","0.0","0.0"
"cms1r57xq0000unbn9sfk5jdk","173688","рыба красная","salmon raw","forbidden","2026-07-26 12:06:14.894","179.0","19.93","10.43","0.0","71.64","0.0","0.0","0.0","0.0","0.0","0.0","0.0","3.1","4.399","2.799","0.0","50.0","4.6530000000000005","0.48","26.0","0.25","95.0","289.0","394.0","47.0","0.44","0.041","0.015","36.5","4.0","0.054","0.113","8.42","0.75","0.4","0.0","30.0","1.3","136.0","0.0","1.22","0.0","1.842","0.594","1.213","1.2","2.054","0.0","0.215","2.994","0.963","0.59","36.5","0.924","1.63","0.577","0.783","0.709","136.0","0.818","0.879","0.225","0.677","1.033","0.0","0.0"
"cms1r59xd0001unbn1j6hnxss","171955","рыба белая","cod raw","forbidden","2026-07-26 12:06:17.473","82.0","17.81","0.67","0.0","81.22","0.0","0.0","0.0","0.0","0.0","0.0","0.0","0.131","0.094","0.231","0.0","43.0","0.41000000000000003","0.033","16.0","0.38","32.0","203.0","413.0","54.0","0.45","0.028","0.015","33.1","1.0","0.076","0.065","2.063","0.153","0.245","0.0","7.0","0.91","12.0","0.9","0.64","0.1","1.635","0.527","1.077","1.066","1.823","0.0","0.191","2.658","0.855","0.524","33.1","0.821","1.447","0.0","0.695","0.63","12.0","0.726","0.781","0.199","0.601","0.917","0.0","0.9"
"cms1r5hf30002unbnq4i3oi72","174208","лобстер","lobster raw","forbidden","2026-07-26 12:06:27.183","77.0","16.52","0.75","0.0","80.95","0.0","0.0","0.0","0.0","0.0","0.0","0.0","0.181","0.22","0.296","0.011","127.0","0.378","0.135","84.0","0.26","38.0","161.0","200.0","423.0","3.53","1.349","0.056","63.6","0.0","0.02","0.014","1.591","1.449","0.104","0.0","10.0","1.25","1.0","0.0","0.87","0.0","1.24","0.413","0.878","1.524","1.602","0.0","0.181","2.437","1.102","0.413","63.6","0.723","1.197","0.0","0.68","0.741","1.0","0.637","0.654","0.215","0.586","0.741","0.0","0.0"
"cms1r5rwr0003unbnynxzloef","170874","варенец","baked milk","forbidden","2026-07-26 12:06:40.779","40.0","3.31","1.07","4.79","90.1","0.0","5.36","0.0","0.0","0.0","0.0","0.0","0.66","0.254","0.033","0.184","4.0","0.0","0.033","116.0","0.05","11.0","89.0","151.0","148.0","0.42","0.011","0.002","2.0","1.0","0.034","0.154","0.058","0.275","0.034","0.0","5.0","0.22","14.0","0.0","0.05","0.1","0.277","0.087","0.112","0.095","0.283","1.0","0.02","0.744","0.066","0.1","0.0","0.171","0.313","0.029","0.171","0.326","13.0","0.199","0.141","0.042","0.167","0.217","0.0","0.0"
"cms1r62bb0004unbn1t97x2d4","2768229","сыр пошехонский","russian cheese","forbidden","2026-07-26 12:06:54.263","355.0","0.69","26.18","31.9","38.53","0.7","17.68","0.0","0.0","0.0","0.0","0.0","2.39","5.928","14.83","0.17","0.0","0.0","27.919","13.0","0.6","10.0","20.0","173.0","1133.0","0.22","0.058","0.063","1.6","6.0","0.029","0.046","0.594","0.4","0.097","0.0","5.0","0.0","29.0","0.0","3.32","53.7","0.0","0.0","0.0","0.0","0.0","320.0","0.0","0.0","0.0","0.0","1.6","0.0","0.0","0.0","0.0","0.0","0.0","0.0","0.0","0.0","0.0","0.0","0.0","0.0"
"cms1r62ck0005unbnuwjox0px","171241","сыр голландский","gouda cheese","forbidden","2026-07-26 12:06:54.308","356.0","24.94","27.44","2.22","41.46","0.0","2.22","0.0","0.0","0.0","0.0","0.0","17.614","7.747","0.657","0.0","114.0","0.0","0.92","700.0","0.24","29.0","546.0","121.0","819.0","3.9","0.036","0.011","14.5","0.0","0.03","0.334","0.063","0.34","0.08","0.0","21.0","1.54","165.0","0.5","0.24","2.3","2.654","0.719","0.762","0.962","1.743","10.0","0.254","6.137","0.485","1.032","14.5","1.306","2.564","0.999","1.431","3.245","164.0","1.544","0.93","0.352","1.454","1.806","0.0","0.5"
"cms1r71y50006unbnnn58h5df","167532","батон","white bread","forbidden","2026-07-26 12:07:40.445","238.0","10.66","2.15","43.91","39.6","9.2","5.0","0.0","1.5","2.7","0.0","0.8","0.63","0.393","0.973","0.031","0.0","0.09100000000000001","1.843","684.0","4.89","26.0","103.0","127.0","478.0","0.95","0.149","0.634","16.1","0.0","0.51","0.255","4.455","0.455","0.08","0.0","127.0","0.0","0.0","0.0","0.38","7.7","0.0","0.0","0.0","0.0","0.0","2.0","0.0","0.0","0.0","0.0","16.1","0.0","0.0","0.002","0.0","0.0","0.0","0.0","0.0","0.0","0.0","0.0","0.0","0.0"
"cms1r87yp0000unnq66duvrub","170857","сливки","cream","forbidden","2026-07-26 12:08:34.897","195.0","2.96","19.1","3.66","73.75","0.0","3.67","0.0","0.0","0.0","3.67","0.0","10.176","4.525","0.789","0.625","59.0","0.11900000000000001","1.3989999999999998","91.0","0.05","9.0","92.0","136.0","72.0","0.32","0.012","0.005","4.6","0.8","0.023","0.19","0.09","0.44","0.044","0.0","2.0","0.14","120.0","1.1","0.12","1.7","0.129","0.069","0.094","0.069","0.218","37.0","0.015","0.594","0.069","0.069","4.6","0.151","0.243","0.388","0.135","0.313","117.0","0.098","0.131","0.069","0.139","0.176","0.0","1.1"
"cms1r88em0001unnq2gbuoua8","175093","кола","cola","forbidden","2026-07-26 12:08:35.471","37.0","0.07","0.02","9.56","90.31","0.0","8.97","0.0","0.0","0.0","0.0","0.0","0.0","0.0","0.0","0.0","0.0","0.0","0.0","2.0","0.11","0.0","10.0","2.0","4.0","0.02","0.001","0.002","0.1","0.0","0.0","0.0","0.0","0.0","0.0","0.0","0.0","0.0","0.0","0.0","0.0","0.0","0.0","0.0","0.0","0.0","0.0","0.0","0.0","0.0","0.0","0.0","0.1","0.0","0.0","0.0","0.0","0.0","0.0","0.0","0.0","0.0","0.0","0.0","0.0","0.0"
"cms1r88sl0002unnq3v7rm1hl","172240","вино","wine","forbidden","2026-07-26 12:08:35.974","19.0","0.04","0.0","0.27","94.47","0.0","0.0","0.0","0.0","0.0","0.0","0.0","0.0","0.0","0.0","0.0","0.0","0.0","0.0","6.0","0.45","4.0","8.0","39.0","8.0","0.03","0.01","0.046","0.0","0.5","0.0","0.0","0.0","0.0","0.0","0.0","0.0","0.0","0.0","0.0","0.0","0.0","0.0","0.0","0.0","0.0","0.0","0.0","0.0","0.0","0.0","0.0","0.0","0.0","0.0","0.0","0.0","0.0","0.0","0.0","0.0","0.0","0.0","0.0","0.0","0.0"
"cms1sku7n0000unp5gmu8pm27","2261421","мука овсяная","oat flour","green","2026-07-26 12:46:23.22","389.125","13.16875","6.309","69.91725","8.859","10.5","0.0","0.0","0.0","0.0","0.0","0.0","0.0","0.0","0.0","0.0","0.0","0.0","0.0","42.81","3.997","125.3","371.8","373.1","3.619","2.754","0.4434","3.257","38.2","0.0","0.39","0.1613","1.945","0.0","0.1476","20.15","34.69","0.0","0.0","0.0","0.0","0.0","0.0","0.0","0.0","0.0","0.0","0.0","0.0","0.0","0.0","0.0","38.2","0.0","0.0","0.0","0.0","0.0","0.0","0.0","0.0","0.0","0.0","0.0","0.0","0.0"
"cms1sku7q0001unp5fuolok0g","790085","мука пшеничная цельнозерновая","whole wheat flour","green","2026-07-26 12:46:23.222","370.0","15.1","2.73","71.2","9.44","10.6","0.0","0.0","0.0","0.0","0.0","0.0","0.0","0.0","0.0","0.0","0.0","0.0","0.0","38.0","3.86","136.0","352.0","376.0","3.0","3.24","0.452","3.56","23.6","0.0","0.504","0.128","5.55","0.0","0.268","0.0","39.0","0.0","0.0","0.0","0.0","0.0","0.0","0.0","0.0","0.0","0.0","0.0","0.0","0.0","0.0","0.0","23.6","0.0","0.0","0.0","0.0","0.0","0.0","0.0","0.0","0.0","0.0","0.0","0.0","0.0"
"cms1sku7v0002unp5zn2q66ts","2512374","мука гречневая","buckwheat flour","green","2026-07-26 12:46:23.227","357.968","8.88492","2.484","75.01808","12.04","10.35","0.0","0.0","0.0","0.0","0.0","0.0","0.0","0.0","0.0","0.0","0.0","0.0","0.0","30.55","3.84","167.4","281.9","378.1","0.0","1.755","0.5299","1.544","15.7","0.0","0.2413","0.16","3.839","0.0","0.1699","15.09","0.0","0.0","0.0","0.0","0.0","0.0","0.0","0.0","0.0","0.0","0.0","0.0","0.0","0.0","0.0","0.0","15.7","0.0","0.0","0.0","0.0","0.0","0.0","0.0","0.0","0.0","0.0","0.0","0.0","0.0"
"cms1skw8b0003unp5dmnebm29","790085","мука обойная","whole wheat flour","green","2026-07-26 12:46:25.836","370.0","15.1","2.73","71.2","9.44","10.6","0.0","0.0","0.0","0.0","0.0","0.0","0.0","0.0","0.0","0.0","0.0","0.0","0.0","38.0","3.86","136.0","352.0","376.0","3.0","3.24","0.452","3.56","23.6","0.0","0.504","0.128","5.55","0.0","0.268","0.0","39.0","0.0","0.0","0.0","0.0","0.0","0.0","0.0","0.0","0.0","0.0","0.0","0.0","0.0","0.0","0.0","23.6","0.0","0.0","0.0","0.0","0.0","0.0","0.0","0.0","0.0","0.0","0.0","0.0","0.0"
"cms1skw930004unp52tkr5dro","168885","мука ржаная обдирная","dark rye flour","green","2026-07-26 12:46:25.864","325.0","15.91","2.22","68.63","10.75","23.8","2.31","1.8","0.22","0.23","0.0","0.07","0.269","0.284","1.046","0.0","0.0","0.0","1.945","37.0","4.97","160.0","499.0","717.0","2.0","5.04","0.56","6.062","18.0","0.0","0.316","0.251","4.27","1.456","0.443","0.0","33.0","0.0","1.0","0.0","2.73","5.9","0.338","0.199","0.647","0.764","0.827","7.0","0.0","3.139","0.68","0.233","18.0","0.353","0.857","0.0","0.646","1.014","0.0","0.681","0.49","0.18","0.271","0.498","0.0","0.0"
"cms1skw960005unp5ritup0ms","2512375","мука ржаная","rye flour","green","2026-07-26 12:46:25.866","359.4","8.3952","1.908","77.1618","11.13","13.68","0.0","0.0","0.0","0.0","0.0","0.0","0.0","0.0","0.0","0.0","0.0","0.0","0.0","32.24","2.536","95.39","280.3","434.0","0.0","2.328","0.3384","2.129","16.6","0.0","0.2163","0.17","1.163","0.0","0.1638","8.975","0.0","0.0","0.0","0.0","0.0","0.0","0.0","0.0","0.0","0.0","0.0","0.0","0.0","0.0","0.0","0.0","16.6","0.0","0.0","0.0","0.0","0.0","0.0","0.0","0.0","0.0","0.0","0.0","0.0","0.0"
"cms1sky740006unp59zivxo4p","2512371","мука амарантовая","amaranth flour","green","2026-07-26 12:46:28.385","384.076","13.2093","6.236","68.7787","9.486","7.209","0.0","0.0","0.0","0.0","0.0","0.0","0.0","0.0","0.0","0.0","0.0","0.0","0.0","135.2","7.56","232.7","424.9","395.8","0.0","3.001","0.5179","2.305","21.1","0.0","0.05875","0.175","0.7475","0.0","0.3873","25.36","0.0","0.0","0.0","0.0","0.0","0.0","0.0","0.0","0.0","0.0","0.0","0.0","0.0","0.0","0.0","0.0","21.1","0.0","0.0","0.0","0.0","0.0","0.0","0.0","0.0","0.0","0.0","0.0","0.0","0.0"
"cms1sky910007unp54c1jt8yk","2003587","мука полбяная","spelt flour","green","2026-07-26 12:46:28.454","363.679","14.475","2.543","70.723","10.72","9.339","0.0","0.0","0.0","0.0","0.0","0.0","0.0","0.0","0.0","0.0","0.0","0.0","0.0","30.04","3.769","123.8","361.7","349.8","0.0","3.591","0.5313","2.943","9.479","0.0","0.2981","0.1431","5.466","0.0","0.2355","10.43","38.42","0.0","0.0","0.0","0.0","0.0","0.0","0.0","0.0","0.0","0.0","0.0","0.0","0.0","0.0","0.0","9.479","0.0","0.0","0.0","0.0","0.0","0.0","0.0","0.0","0.0","0.0","0.0","0.0","0.0"
"cms1sky950008unp5tlqj2gno","2512376","мука ячменная","barley flour","green","2026-07-26 12:46:28.457","366.53","8.72168","2.45","77.39832","9.899","12.79","0.0","0.0","0.0","0.0","0.0","0.0","0.0","0.0","0.0","0.0","0.0","0.0","0.0","35.56","3.301","88.04","234.4","366.6","20.33","2.144","0.3936","1.181","13.1","0.0","0.225","0.1463","5.941","0.0","0.1995","8.614","0.0","0.0","0.0","0.0","0.0","0.0","0.0","0.0","0.0","0.0","0.0","0.0","0.0","0.0","0.0","0.0","13.1","0.0","0.0","0.0","0.0","0.0","0.0","0.0","0.0","0.0","0.0","0.0","0.0","0.0"
"cms1sl09b0009unp5g6pfxa7y","578737","мука гороховая","pea flour","green","2026-07-26 12:46:31.055","333.0","33.3","0.0","60.0","11.37","26.7","6.67","0.0","0.0","0.0","0.0","0.0","0.0","0.002","0.045","0.0","0.0","0.0","0.08099999999999999","0.0","0.0","3.0","5.0","11.0","13.0","0.07","0.04","0.47","0.0","0.0","0.001","0.0","0.0","0.13","0.005","0.0","7.0","0.0","0.0","0.0","0.0","0.0","0.013","0.006","0.014","0.012","0.047","0.0","0.006","0.05","0.014","0.004","0.0","0.01","0.019","0.001","0.012","0.009","0.0","0.013","0.012","0.004","0.009","0.014","0.0","0.0"
"cms1sl09f000aunp5uutfev48","174288","мука нутовая","chickpea flour","green","2026-07-26 12:46:31.059","387.0","22.39","6.69","57.82","10.28","10.8","10.85","0.0","0.0","0.0","0.0","0.0","0.693","1.504","2.983","0.0","0.0","0.0","5.854","45.0","4.86","166.0","318.0","846.0","64.0","2.81","0.912","1.6","8.3","0.0","0.486","0.106","1.762","0.606","0.492","0.0","437.0","0.0","2.0","0.0","0.83","9.1","0.0","0.0","0.0","0.0","0.0","25.0","0.0","0.0","0.0","0.0","8.3","0.0","0.0","0.0","0.0","0.0","0.0","0.0","0.0","0.0","0.0","0.0","0.0","0.0"
"cms1sl0ab000bunp5b2irhw3w","2644283","мука чечевичная","lentil flour","green","2026-07-26 12:46:31.092","360.285","23.56875","1.925","62.17125","9.451","0.0","0.0","0.0","0.0","0.0","0.0","0.0","0.0","0.0","0.0","0.0","0.0","0.0","0.0","61.85","7.158","106.7","373.6","948.9","0.0","3.863","0.8376","1.569","0.0","0.0","0.0","0.0","0.0","0.0","0.0","0.0","0.0","0.0","0.0","0.0","0.0","0.0","0.0","0.0","0.0","0.0","0.0","0.0","0.0","0.0","0.0","0.0","0.0","0.0","0.0","0.0","0.0","0.0","0.0","0.0","0.0","0.0","0.0","0.0","0.0","0.0"
"cms1sl26t000cunp559bazf2g","2515382","мука кокосовая","coconut flour","green","2026-07-26 12:46:33.557","437.684","16.1385","15.28","58.9025","4.69","34.24","0.0","0.0","0.0","0.0","0.0","0.0","13.999","0.806","0.111","0.0","0.0","0.0","0.0","35.98","8.018","247.7","507.2","2088.0","46.94","3.698","2.081","5.293","26.76","0.0","0.0","0.0","0.0","0.0","0.0","0.0","0.0","0.0","0.0","0.0","0.0","0.0","0.0","0.0","0.0","0.0","0.0","0.0","0.0","0.0","0.0","0.0","26.76","0.0","0.0","0.0","0.0","0.0","0.0","0.0","0.0","0.0","0.0","0.0","0.0","0.0"
"cms1sl274000dunp5ywjmy9jr","2261420","мука миндальная","almond flour","green","2026-07-26 12:46:33.568","622.042","26.24375","50.23","16.24925","4.316","9.266","0.0","0.0","0.0","0.0","0.0","0.0","0.0","0.0","0.0","0.0","0.0","0.0","0.0","232.3","3.225","251.1","512.1","666.8","0.8944","2.795","0.9753","1.813","0.7419","0.0","0.1125","0.7475","3.998","0.0","0.09988","69.09","37.83","0.0","0.0","0.0","0.0","0.0","0.0","0.0","0.0","0.0","0.0","0.0","0.0","0.0","0.0","0.0","0.7419","0.0","0.0","0.0","0.0","0.0","0.0","0.0","0.0","0.0","0.0","0.0","0.0","0.0"
"cms1sl2du000eunp5ri0py2xo","1104705","мука соевая","soy flour","green","2026-07-26 12:46:33.811","366.0","51.1","3.33","32.9","6.24","0.0","0.0","0.0","0.0","0.0","0.0","0.0","0.0","0.0","0.0","0.0","0.0","0.0","0.0","338.0","7.34","313.0","726.0","2480.0","2.0","4.44","1.51","3.81","45.8","0.0","0.542","0.298","3.43","0.0","0.618","0.0","0.0","0.0","0.0","0.0","0.0","0.0","3.06","0.622","2.86","3.93","4.98","0.0","0.0","9.08","1.79","1.27","45.8","2.31","4.11","0.0","2.86","2.84","0.0","2.7","1.97","0.616","1.74","2.31","0.0","0.0"
"cms1sl47p000funp5xaqb93ko","2515380","мука тыквенная","pumpkin seed flour","green","2026-07-26 12:46:36.181","554.602","29.9079","40.03","18.6751","6.621","5.079","0.0","0.0","0.0","0.0","0.0","0.0","0.0","0.0","0.0","0.0","0.0","0.0","0.0","37.38","8.363","499.7","1150.0","691.2","0.0","6.341","1.225","4.121","20.52","0.0","0.0","0.0","0.0","0.0","0.0","0.0","0.0","0.0","0.0","0.0","0.0","0.0","0.0","0.0","0.0","0.0","0.0","0.0","0.0","0.0","0.0","0.0","20.52","0.0","0.0","0.0","0.0","0.0","0.0","0.0","0.0","0.0","0.0","0.0","0.0","0.0"
"cms1sl4be000gunp5arcuh011","170192","мука кунжутная","sesame flour","green","2026-07-26 12:46:36.314","526.0","30.78","37.1","26.62","0.9","0.0","0.0","0.0","0.0","0.0","0.0","0.0","5.196","14.01","16.261","0.0","0.0","0.0","32.209","159.0","15.17","361.0","807.0","423.0","41.0","10.67","1.52","1.489","0.0","0.0","2.684","0.286","13.369","2.928","0.152","0.0","31.0","0.0","3.0","0.0","0.0","0.0","0.987","1.016","1.609","4.565","2.858","0.0","0.621","6.865","2.108","0.906","0.0","1.324","2.358","1.561","1.632","1.406","0.0","1.679","1.278","0.674","1.289","1.719","0.0","0.0"
"cms1sl4e1000hunp55diocyhl","2262075","мука льняная","flaxseed meal","green","2026-07-26 12:46:36.409","545.084","18.0359","37.28","34.3551","6.804","23.13","0.0","0.0","0.0","0.0","0.0","0.0","3.281","5.944","24.73","0.0","0.0","19.42","0.0","229.9","5.778","372.1","556.4","793.4","36.74","4.738","1.344","2.405","135.9","0.0","0.5368","0.0","3.756","0.0","0.3926","33.8","41.45","0.0","0.0","0.0","0.0","3.675","0.9325","0.4025","1.085","2.211","2.311","0.0","0.0","4.846","1.386","0.5138","135.9","0.9375","1.38","1.186","1.116","0.8725","0.0","1.138","0.9313","0.3013","0.5725","1.138","0.0","0.0"
"cms1sl6bh000iunp5v802u4gd","2768230","мука из грецкого ореха","walnut flour","green","2026-07-26 12:46:38.909","884.0","0.0","100.0","0.0","0.0","0.0","0.0","0.0","0.0","0.0","0.0","0.0","9.1","22.8","63.3","0.0","0.0","0.0","116.19999999999999","0.0","0.0","0.0","0.0","0.0","0.0","0.0","0.0","0.0","0.0","0.0","0.0","0.0","0.0","0.0","0.0","0.0","0.0","0.0","0.0","0.0","0.4","15.0","0.0","0.0","0.0","0.0","0.0","0.0","0.0","0.0","0.0","0.0","0.0","0.0","0.0","0.0","0.0","0.0","0.0","0.0","0.0","0.0","0.0","0.0","0.0","0.0"
"cms1sl6bl000junp54o8m4fdn","2512380","рис коричневый","brown rice raw","green","2026-07-26 12:46:38.913","365.518","7.25305","3.306","76.68795","11.47","3.021","0.0","0.0","0.0","0.0","0.0","0.0","0.0","0.0","0.0","0.0","0.0","0.0","0.0","8.058","1.242","115.0","302.8","250.1","0.0","1.854","0.2659","2.696","14.8","0.0","0.3263","0.1025","6.271","0.0","0.1606","4.988","0.0","0.0","0.0","0.0","0.0","0.0","0.0","0.0","0.0","0.0","0.0","0.0","0.0","0.0","0.0","0.0","14.8","0.0","0.0","0.0","0.0","0.0","0.0","0.0","0.0","0.0","0.0","0.0","0.0","0.0"
"cms1sl89d000kunp5vfkgqqzn","2710838","рис красный","red rice raw","green","2026-07-26 12:46:41.425","369.828","8.5625","3.44","76.1545","10.51","4.198","0.0","0.0","0.0","0.0","0.0","0.0","0.0","0.0","0.0","0.0","0.0","0.0","0.0","9.224","1.198","125.5","313.9","245.1","0.4375","2.563","0.269","2.629","0.0","0.0","0.3388","0.0","6.676","0.0","0.1368","4.788","0.0","0.0","0.0","0.0","0.0","0.0","0.0","0.0","0.0","0.0","0.0","0.0","0.0","0.0","0.0","0.0","0.0","0.0","0.0","0.0","0.0","0.0","0.0","0.0","0.0","0.0","0.0","0.0","0.0","0.0"
"cms1sl8bt000lunp52iugvr03","169726","рис дикий","wild rice raw","green","2026-07-26 12:46:41.513","357.0","14.73","1.08","74.9","7.76","6.2","2.5","0.67","0.0","0.0","0.0","0.0","0.156","0.159","0.676","0.0","0.0","0.0","1.054","21.0","1.96","177.0","433.0","427.0","7.0","5.96","0.524","1.329","2.8","0.0","0.115","0.262","6.733","1.074","0.391","0.0","95.0","0.0","1.0","0.0","0.82","1.9","0.629","0.438","0.825","1.136","1.419","11.0","0.174","2.565","0.672","0.384","2.8","0.618","1.018","0.0","0.721","0.519","0.0","0.778","0.469","0.179","0.622","0.858","0.0","0.0"
"cms1sla9j000munp5paph5dn0","2512380","рис нешлифованный","brown rice raw","green","2026-07-26 12:46:44.023","365.518","7.25305","3.306","76.68795","11.47","3.021","0.0","0.0","0.0","0.0","0.0","0.0","0.0","0.0","0.0","0.0","0.0","0.0","0.0","8.058","1.242","115.0","302.8","250.1","0.0","1.854","0.2659","2.696","14.8","0.0","0.3263","0.1025","6.271","0.0","0.1606","4.988","0.0","0.0","0.0","0.0","0.0","0.0","0.0","0.0","0.0","0.0","0.0","0.0","0.0","0.0","0.0","0.0","14.8","0.0","0.0","0.0","0.0","0.0","0.0","0.0","0.0","0.0","0.0","0.0","0.0","0.0"
"cms1slac5000nunp5cyj3gvbp","168916","паста цельнозерновая","whole wheat pasta","green","2026-07-26 12:46:44.117","159.0","5.82","1.5","31.51","60.72","4.6","0.85","0.2","0.07","0.07","0.0","0.5","0.239","0.171","0.584","0.0","0.0","0.039","1.129","12.0","1.65","45.0","110.0","77.0","6.0","1.12","0.199","1.032","34.2","0.0","0.157","0.103","2.887","0.23","0.097","0.0","20.0","0.0","0.0","0.0","0.1","0.0","0.0","0.0","0.0","0.0","0.0","0.0","0.0","0.0","0.0","0.0","34.2","0.0","0.0","0.0","0.0","0.0","0.0","0.0","0.0","0.0","0.0","0.0","0.0","0.0"
"cms1slc7y000ounp5y2yl2pk2","174288","макароны из нута","chickpea pasta","green","2026-07-26 12:46:46.559","387.0","22.39","6.69","57.82","10.28","10.8","10.85","0.0","0.0","0.0","0.0","0.0","0.693","1.504","2.983","0.0","0.0","0.0","5.854","45.0","4.86","166.0","318.0","846.0","64.0","2.81","0.912","1.6","8.3","0.0","0.486","0.106","1.762","0.606","0.492","0.0","437.0","0.0","2.0","0.0","0.83","9.1","0.0","0.0","0.0","0.0","0.0","25.0","0.0","0.0","0.0","0.0","8.3","0.0","0.0","0.0","0.0","0.0","0.0","0.0","0.0","0.0","0.0","0.0","0.0","0.0"
"cms1slccs000punp5pdczgyod","169721","макароны из твердых сортов пшеницы","durum wheat pasta dry","forbidden","2026-07-26 12:46:46.732","339.0","13.68","2.47","71.13","10.94","0.0","0.0","0.0","0.0","0.0","0.0","0.0","0.454","0.344","0.978","0.0","0.0","0.0","1.9080000000000001","34.0","3.52","144.0","508.0","431.0","2.0","4.16","0.553","3.012","89.4","0.0","0.419","0.121","6.738","0.935","0.419","0.0","43.0","0.0","0.0","0.0","0.0","0.0","0.303","0.221","0.427","0.483","0.617","0.0","0.286","4.743","0.495","0.322","89.4","0.533","0.934","0.022","0.681","1.459","0.0","0.667","0.366","0.176","0.357","0.594","0.0","0.0"
"cms1sld4f000qunp5pebqxn8p","2768231","макароны из полбы","spelt pasta","green","2026-07-26 12:46:47.728","127.0","5.5","0.85","26.44","66.56","3.9","0.0","0.0","0.0","0.0","0.0","0.0","0.0","0.0","0.0","0.0","0.0","0.0","0.0","10.0","1.67","49.0","150.0","143.0","5.0","1.25","0.215","1.091","4.0","0.0","0.103","0.03","2.57","0.0","0.08","0.0","13.0","0.0","0.0","0.0","0.26","0.0","0.0","0.0","0.0","0.0","0.0","0.0","0.0","0.0","0.0","0.0","4.0","0.0","0.0","0.0","0.0","0.0","0.0","0.0","0.0","0.0","0.0","0.0","0.0","0.0"
"cms1slf21000runp5f0b25r03","168907","лапша гречневая","soba noodles buckwheat","green","2026-07-26 12:46:50.233","99.0","5.06","0.1","21.44","73.01","0.0","0.0","0.0","0.0","0.0","0.0","0.0","0.019","0.026","0.031","0.0","0.0","0.0","0.06","4.0","0.48","9.0","25.0","35.0","60.0","0.12","0.008","0.374","0.0","0.0","0.094","0.026","0.51","0.235","0.04","0.0","7.0","0.0","0.0","0.0","0.0","0.0","0.214","0.072","0.248","0.317","0.372","0.0","0.094","1.096","0.332","0.119","0.0","0.195","0.33","0.001","0.217","0.306","0.0","0.26","0.177","0.072","0.105","0.249","0.0","0.0"
"cms1slf41000sunp53piifns9","2644283","макароны из чечевицы","lentil pasta","green","2026-07-26 12:46:50.305","360.285","23.56875","1.925","62.17125","9.451","0.0","0.0","0.0","0.0","0.0","0.0","0.0","0.0","0.0","0.0","0.0","0.0","0.0","0.0","61.85","7.158","106.7","373.6","948.9","0.0","3.863","0.8376","1.569","0.0","0.0","0.0","0.0","0.0","0.0","0.0","0.0","0.0","0.0","0.0","0.0","0.0","0.0","0.0","0.0","0.0","0.0","0.0","0.0","0.0","0.0","0.0","0.0","0.0","0.0","0.0","0.0","0.0","0.0","0.0","0.0","0.0","0.0","0.0","0.0","0.0","0.0"
"cms1slh4k000tunp5s5hpptrt","174258","бобовая лапша","bean thread noodles","green","2026-07-26 12:46:52.916","351.0","0.16","0.06","86.09","13.42","0.5","0.0","0.0","0.0","0.0","0.0","0.0","0.017","0.008","0.018","0.0","0.0","0.0","0.035","25.0","2.17","3.0","32.0","10.0","10.0","0.41","0.081","0.1","7.9","0.0","0.15","0.0","0.2","0.1","0.05","0.0","2.0","0.0","0.0","0.0","0.13","0.0","0.011","0.002","0.007","0.011","0.019","0.0","0.001","0.029","0.007","0.005","7.9","0.007","0.013","0.0","0.01","0.007","0.0","0.008","0.005","0.002","0.005","0.008","0.0","0.0"
"cms1slh4m000uunp5j27bxqcu","168914","фунчоза","glass noodles","green","2026-07-26 12:46:52.918","108.0","1.79","0.2","24.01","73.82","1.0","0.03","0.0","0.0","0.0","0.0","0.0","0.023","0.026","0.023","0.0","0.0","0.0","0.041999999999999996","4.0","0.14","3.0","20.0","4.0","19.0","0.25","0.038","0.114","4.5","0.0","0.018","0.004","0.072","0.011","0.006","0.0","1.0","0.0","0.0","0.0","0.03","0.0","0.062","0.043","0.1","0.155","0.165","0.0","0.032","0.329","0.08","0.045","4.5","0.073","0.147","0.0","0.095","0.083","0.0","0.093","0.063","0.022","0.094","0.104","0.0","0.0"
